ID,RainTomorrow_proba
100722,0.7112761
30235,0.03686085
68428,0.5519599
28625,0.07294598
31174,0.610651
574,0.036495242
120057,0.006284028
43058,0.5173221
28967,0.12394105
90692,0.8373792
141571,0.003262569
114055,0.108168185
85343,0.16033061
6335,0.14059028
133968,0.035952915
108592,0.46130398
77310,0.86161184
25460,0.052461162
73484,0.36650866
10040,0.29999352
22269,0.21425931
126034,0.07050584
67032,0.16946557
1698,0.65548456
122068,0.03641442
48228,0.20918104
56195,0.13353635
93176,0.4974345
13969,0.4554705
116729,0.049261816
145230,0.20924957
74673,0.22062075
90561,0.011420271
118291,0.01674391
11833,0.07989315
68401,0.6334883
79910,0.1470845
21979,0.7019642
5568,0.046539623
127639,0.17763865
33926,0.032801654
93339,0.9813912
43177,0.0304765
8287,0.009992147
28759,0.27830717
129772,0.092728145
29041,0.0031500524
57033,0.92702323
79008,0.15130696
105987,0.0068575297
56569,0.046838038
45902,0.036572363
89923,0.10727854
52194,0.44291657
71590,0.060682394
5242,0.14680667
14772,0.35295412
31623,0.023408473
46123,0.06284398
75462,0.22722138
10440,0.018395446
89985,0.35405332
87994,0.986429
21244,0.05548437
109665,0.070571996
78477,0.09606423
81873,0.5980286
126096,0.5183915
92016,0.27947575
90301,0.49398702
63023,0.07603991
97245,0.34499112
79892,0.27387336
127489,0.06033428
24259,0.06962774
62956,0.0028617599
110423,0.16511744
109300,0.0020013598
84593,0.4159494
81257,0.54148746
69555,0.13666385
142292,0.0014208393
56008,0.1261258
29157,0.040035848
40552,0.18427725
10121,0.11573538
72185,0.0017130963
142255,0.010096547
75357,0.6978011
112071,0.49096993
11495,0.2353901
119985,0.49747056
74065,0.110109605
49474,0.031345345
43502,0.64349353
82309,0.15960638
51896,0.19899134
122945,0.07178517
83181,0.06383702
84155,0.120126024
82326,0.15307428
41895,0.028862871
87369,0.021407213
55650,0.130545
31015,0.6797958
127992,0.049937174
111439,0.37959996
7091,0.059943702
108523,0.011910363
41677,0.090071835
31303,0.063756526
69141,0.1415452
137668,0.31500375
112926,0.11349188
76754,0.02427218
32866,0.17847799
45755,0.0069572167
78529,0.21657383
115130,0.08910814
26003,0.040496655
70253,0.5351226
105896,0.012691129
27349,0.023416143
136777,0.008512515
79930,0.20341069
47080,0.043722
119296,0.0052605052
9068,0.02053264
126254,0.13129643
128470,0.9028758
63749,0.031930786
91689,0.23954776
12475,0.08462536
37008,0.99154913
70987,0.22183077
141422,0.7816515
28256,0.38887873
69759,0.15942423
11472,0.83098465
28127,0.009249896
78691,0.5912958
140783,0.006044811
100840,0.48815587
22673,0.36941195
58851,0.025688568
82207,0.80207783
129721,0.07311285
21581,0.09134556
41017,0.19513346
14222,0.017378628
117755,0.0019854987
33632,0.64650273
100916,0.070149794
73113,0.587922
64648,0.07142866
14734,0.035435293
121526,0.46771353
102237,0.69864523
78635,0.042121604
43192,0.04096
70096,0.21663038
78450,0.6555247
98161,0.15384364
76817,0.75795096
109556,0.007339227
54023,0.38500804
61810,0.07319132
36709,0.1801769
26964,0.08831188
19380,0.051745445
42612,0.39346
48553,0.18969198
101641,0.0048909797
64498,0.24248086
137139,0.0588838
47223,0.038243648
77285,0.64755166
110588,0.8535881
25278,0.026379982
116489,0.36176452
71460,0.005330069
136136,0.004373387
47447,0.08379766
98946,0.17716856
141508,0.054255247
138900,0.009678399
51141,0.039644323
112110,0.03914447
113560,0.05531257
74776,0.03328814
104500,0.8784577
93637,0.13951948
57407,0.052641124
18577,0.8418356
12945,0.04138313
107223,0.007934341
66218,0.0049526505
3507,0.0100787
132275,0.59717923
98887,0.0020112838
99214,0.7219374
22727,0.32798848
32297,0.39912787
50419,0.026304377
118986,0.013397027
132231,0.09616743
7525,0.008441582
65469,0.05417953
24778,0.07512971
41715,0.028393459
93127,0.07558001
9733,0.9833703
14235,0.018552754
38167,0.23266414
87290,0.46326602
99404,0.036261275
35684,0.042923875
37871,0.00258865
80200,0.5131468
142735,0.0024850268
102981,0.16589381
11787,0.85404104
142111,0.7434234
115678,0.0064229425
137591,0.009279952
54202,0.74189025
77399,0.0396415
32678,0.012798602
18819,0.12535927
79264,0.7074954
42123,0.14497223
47890,0.06014851
102468,0.11516483
56731,0.6900717
53049,0.059652448
4538,0.053783588
98515,0.017821174
19212,0.96019465
74321,0.055660393
1813,0.09332787
69719,0.5876582
115808,0.1347382
98947,0.4671763
2942,0.014481187
127105,0.12795654
31814,0.009999616
30886,0.025581261
137742,0.0013031028
138492,0.00075336365
81416,0.7212879
136953,0.0017659467
68544,0.029221877
46470,0.019062426
122126,0.055649582
41198,0.0061961873
46642,0.0074277823
58178,0.0058850734
144011,0.007947106
77103,0.20296316
111702,0.00923618
26253,0.4223062
88770,0.14113706
34574,0.27695805
17069,0.44042072
12246,0.14814414
57072,0.078767166
64795,0.8247921
47659,0.29396433
47654,0.22182652
72296,0.016250012
133071,0.016509607
3783,0.25413722
5439,0.041096967
112596,0.665469
59109,0.0060503287
52360,0.89052325
28894,0.07218982
123565,0.23877457
37198,0.16651604
126052,0.028422868
44708,0.52771276
76237,0.9247031
50033,0.57842004
142582,0.8543745
87496,0.042808026
38467,0.04361316
45736,0.014773014
43193,0.0880909
30306,0.9339055
82203,0.109847106
100493,0.8933167
24768,0.42512813
128305,0.16455038
62299,0.3708285
134293,0.26326263
15526,0.3581694
16320,0.07837073
125295,0.011045876
140441,0.2993239
10673,0.12947609
91505,0.05391384
83237,0.005534548
39407,0.018360896
62014,0.7072924
142121,0.611014
67965,0.77852017
138906,0.06122464
11568,0.092409
138805,0.6048804
33415,0.06023749
80696,0.15816745
72559,0.0060855094
52797,0.18319885
55482,0.005260583
54748,0.66422045
114787,0.030473322
121392,0.045255605
114122,0.02919589
120870,0.028860144
39175,0.10955818
7252,0.0046370346
70318,0.30234313
35626,0.43006012
39824,0.057478324
124351,0.048832323
1523,0.06271489
116635,0.7044854
88268,0.683483
33492,0.25400752
104455,0.42491093
53249,0.104716204
63070,0.19536045
144381,0.004331292
10141,0.3740606
73717,0.024230953
134186,0.027598657
142460,0.00025338892
88677,0.055996597
116187,0.6500536
144813,0.0055026393
78863,0.84316057
34988,0.66754675
72625,0.52277637
53892,0.037639927
60591,0.21784651
29263,0.6443
139177,0.095165424
16281,0.96495515
88884,0.016237972
70695,0.01003593
79729,0.31001967
22451,0.5933448
124885,0.04403648
38097,0.7454698
30464,0.20759483
83946,0.860894
8231,0.023351217
122910,0.008877966
20845,0.14564116
139605,0.11720406
54890,0.019191265
60992,0.023126086
89325,0.27048182
130019,0.28588322
120923,0.061091524
73521,0.019694902
62570,0.9373098
139839,0.006456922
143871,0.008226269
43495,0.023135887
67474,0.0084704645
109804,0.5382599
53034,0.07988498
115187,0.010146716
35433,0.012467235
5400,0.1298277
52971,0.01860846
141129,0.68392986
7385,0.014972964
111708,0.014501582
66089,0.023200938
38341,0.10250633
113061,0.08009588
120337,0.6637174
123081,0.0681663
134670,0.18318099
15693,0.11329509
133470,0.2801968
7382,0.0015169726
121229,0.04459705
11926,0.21581666
61221,0.1789165
57008,0.11108714
2976,0.39711708
108245,0.014424745
68692,0.6053422
103210,0.004870839
127218,0.051117085
9527,0.020668369
110222,0.11861285
61160,0.0047598397
132865,0.19068022
62867,0.049914557
112382,0.10363557
27924,0.14272425
111098,0.020347793
32190,0.030233217
140173,0.0028257242
10065,0.43425995
75042,0.9514697
60658,0.023613302
124412,0.35736376
13638,0.13720168
75749,0.009438402
91314,0.33123416
87868,0.17990571
88270,0.50575393
81622,0.4969954
60344,0.023477755
121700,0.7900507
51750,0.09898803
16766,0.073116735
3549,0.12008715
40272,0.2692134
121713,0.36413953
43036,0.39181137
110933,0.53621083
134073,0.19746591
58251,0.014818354
139682,0.78530943
104019,0.004926172
53725,0.7739273
12961,0.06194353
51358,0.10634041
7848,0.49494085
59632,0.32418668
19793,0.11001005
114448,0.05963319
123271,0.008872228
144817,0.0041825576
116265,0.029621046
4875,0.066974536
113128,0.06583564
136146,0.00086101383
106435,0.020025808
93564,0.00089710427
128895,0.061359894
26583,0.020503847
21438,0.027900431
17057,0.07988212
7320,0.02489864
137211,0.0016642008
805,0.045028675
2185,0.022202574
21291,0.082505666
116536,0.013873757
140129,0.0065298886
126222,0.08422438
34124,0.036471188
131499,0.11135223
95576,0.5029927
12801,0.12163806
76589,0.47861552
78832,0.9260568
133247,0.21829389
17096,0.1034734
57839,0.08246112
137782,0.00039864666
82128,0.21663155
131434,0.14796707
127743,0.24729781
55662,0.0042056693
137063,0.0063076844
10432,0.25038418
85613,0.8570574
36763,0.33929005
98710,0.23860322
126518,0.16212405
114005,0.05564557
69161,0.054779664
48442,0.1004901
117641,0.06555128
27374,0.83211434
7877,0.04644728
91013,0.4216892
120967,0.32678074
39112,0.0029424406
117524,0.92291635
57807,0.9741532
117155,0.015628265
143304,0.16783689
35,0.009168691
79985,0.9335414
1544,0.07292628
81729,0.031319946
116723,0.014543224
43875,0.038020875
82909,0.9890188
119914,0.19226053
79002,0.6697216
43326,0.29307055
94062,0.74333656
138669,0.0051500592
115280,0.012772408
19958,0.019142075
138761,0.056772012
57977,0.022096904
65493,0.510335
64690,0.0992707
98354,0.033604447
7768,0.013126372
101751,0.29717687
93711,0.18324302
137951,0.0028498445
93165,0.29809046
76693,0.014105096
59948,0.016267905
142433,0.0074806237
73588,0.0049278364
61998,0.018546244
94002,0.30709973
36927,0.07274733
33123,0.011357741
77937,0.01798066
113544,0.9615447
34929,0.10160667
21437,0.040937092
128191,0.32677755
65209,0.10279906
60016,0.03914449
75385,0.006437904
31414,0.98672813
13659,0.00979874
132196,0.012024129
99759,0.5470488
72781,0.0010204867
14844,0.040590428
14557,0.0900569
82380,0.022405505
100458,0.44049543
96194,0.3211125
27457,0.0192943
11502,0.08646481
37049,0.059119515
117047,0.0026623989
125255,0.9170392
125030,0.012347882
93021,0.24859113
140323,0.5974078
78265,0.06373138
63930,0.11118418
134146,0.05503199
437,0.06801811
128319,0.16091642
392,0.38482472
12848,0.23838359
75218,0.9034744
121334,0.9808296
55852,0.34783068
132079,0.35962972
123418,0.063444555
33968,0.069492966
86891,0.21775213
20726,0.2143264
92749,0.07745048
138996,0.018902613
91072,0.27655348
3305,0.33148846
36953,0.25138223
115713,0.012941056
33870,0.021482548
87097,0.4061715
46486,0.006173361
10390,0.032114554
137647,0.00071980146
129011,0.27260172
138930,0.5498448
16887,0.1107385
130612,0.28063148
62414,0.119201414
106968,0.007240832
129495,0.9366575
90702,0.3405328
133668,0.011689483
82242,0.034763113
26517,0.028321361
16667,0.023393797
60250,0.07374927
42119,0.50513357
94917,0.012830421
68617,0.38706926
2131,0.35801628
112199,0.9795546
48632,0.014468753
10513,0.61360073
141667,0.060917623
11329,0.073891886
121718,0.9819503
85147,0.022314163
58783,0.101519
109694,0.13043723
14371,0.023380611
69245,0.87865067
22654,0.10434405
23627,0.5511077
142148,0.82073134
144008,0.01033333
53777,0.4166954
26017,0.063746326
33071,0.0074599655
981,0.03005879
76375,0.06423123
95308,0.002692805
137623,0.004940819
88478,0.063731305
79210,0.9520697
47644,0.055117317
61365,0.621898
60846,0.7123052
73811,0.048234813
131620,0.6225246
34696,0.15154834
53558,0.6239919
4156,0.32101983
17556,0.19175425
115623,0.012611487
25067,0.052387387
29754,0.0795252
143915,0.017473418
119792,0.024091793
64989,0.5458128
55266,0.312002
22034,0.23970845
68279,0.09258844
113251,0.72335833
30674,0.06782913
16017,0.05608102
90029,0.19916323
55822,0.040777043
96714,0.13227451
31225,0.12735558
143042,0.03300228
106671,0.0003093439
8216,0.006670495
70516,0.002782831
127152,0.5124869
131753,0.13463064
23605,0.10603866
12871,0.014203899
122808,0.9155665
139757,0.5941968
13934,0.036307488
29638,0.9040704
57583,0.007822081
19698,0.33768567
67893,0.90388435
91609,0.11794085
12926,0.044254724
108244,0.03517983
41110,0.8539165
652,0.09071422
72867,0.0088276705
145299,0.15147527
125460,0.5561536
55537,0.038357813
9729,0.026648697
123966,0.01371986
128784,0.12232367
140639,0.06854806
2496,0.010435766
62731,0.20129597
93452,0.004193125
96754,0.25291672
101489,0.37270465
60988,0.13864316
27009,0.14679256
117333,0.088409826
101001,0.24558069
4190,0.07500735
140760,0.10383392
32033,0.11203044
102152,0.06791409
5060,0.033525273
42509,0.08934321
12703,0.035681035
109305,0.72286445
13733,0.0075054397
108963,0.025309633
17038,0.15451615
70716,0.010062405
134120,0.16183233
140332,0.33011934
134520,0.3222344
16246,0.3197725
65524,0.11153305
99103,0.6832503
89799,0.8005312
129465,0.27681506
138624,0.026459755
97141,0.009009281
73849,0.035518758
119253,0.32862097
105244,0.053188194
51062,0.008265154
144403,0.0041908477
143597,0.046826065
106821,0.089976184
6986,0.0053757466
47455,0.05726026
42005,0.02412227
76872,0.46162474
71960,0.479415
35998,0.03881612
22053,0.9183032
128422,0.63418835
140120,0.010142397
56422,0.35501456
96070,0.056250732
131577,0.85265386
142825,0.0013469792
53519,0.11787062
40084,0.024616094
44207,0.51965815
75032,0.09271776
10871,0.014841043
80423,0.013161975
81101,0.024102775
28772,0.0141350925
18249,0.02644578
76727,0.016393004
75472,0.79818887
123193,0.010163578
89304,0.16078188
30943,0.44234797
126002,0.49259007
42788,0.01013099
58209,0.005349397
107035,0.0011188767
123955,0.031195238
24451,0.19888347
14660,0.017995603
87249,0.45707765
20327,0.42640358
89209,0.0232691
38340,0.6041247
111047,0.04844689
139087,0.006065221
18041,0.21854271
72843,0.011221232
44099,0.026375512
118233,0.022399934
129093,0.29193893
37013,0.06618233
127679,0.051463846
44627,0.027341576
20348,0.9087658
8969,0.027193338
72799,0.017545983
142400,0.001752631
66579,0.006857283
1060,0.64688617
25284,0.8416405
123317,0.0073594376
113475,0.96406645
99487,0.010568334
16265,0.15009664
140313,0.8059903
22712,0.93437797
139166,0.0049439236
100659,0.037647877
93102,0.29635626
35391,0.031884354
18906,0.31629002
45556,0.029845431
76739,0.0147314165
134063,0.6241792
57483,0.053239834
128439,0.92440325
83314,0.60972434
132434,0.715608
107263,0.025303625
139939,0.48281437
74410,0.0016370277
128144,0.15522619
109390,0.32846895
77996,0.14820263
72678,0.01059208
11408,0.26754484
60626,0.014930877
7624,0.048737872
51905,0.3748809
132812,0.034652296
119428,0.013251541
199,0.009783751
100553,0.06869896
136054,0.11358984
77024,0.055124305
94977,0.060693227
89935,0.20690888
136342,0.17235185
7675,0.008491994
126266,0.13065204
96438,0.48985958
27003,0.13456038
40077,0.14353469
21476,0.018711122
85485,0.09937082
30521,0.16832022
79123,0.10214019
9901,0.7656118
133896,0.017708316
101706,0.025975931
82426,0.7399973
30480,0.076526925
117946,0.111755386
71402,0.0047816583
135316,0.010300393
137999,0.0043957764
143298,0.019394688
129866,0.61751145
1376,0.957955
7979,0.037420228
85702,0.0026838826
70752,0.0033495063
90297,0.40116188
94941,0.0070071323
22752,0.27536708
134019,0.07661663
101929,0.06315381
65452,0.65047866
115611,0.45006672
141981,0.0036465446
64383,0.41053042
84095,0.012810941
127451,0.7051226
6941,0.012521434
132757,0.45152813
113486,0.9773647
143509,0.02105655
129451,0.46595466
50169,0.15976977
110468,0.7056213
74938,0.012265446
21373,0.98479164
74167,0.040182948
113596,0.65562224
36998,0.004486866
32238,0.112353414
51209,0.7495532
16500,0.19023761
139771,0.10369849
94987,0.015144157
111528,0.117798656
35737,0.28059053
5852,0.17272876
9583,0.11434763
103623,0.0042900145
140259,0.031993955
4897,0.02736966
142447,0.03487215
28633,0.9272776
119306,0.013586847
61005,0.1017095
107006,0.0016384451
90449,0.1475634
123335,0.0022154988
94368,0.14341909
123718,0.011904198
72697,0.42365158
105656,0.004014499
94353,0.0072786924
140700,0.8917787
109962,0.31038484
84289,0.16403487
58983,0.63153136
128086,0.69222987
28473,0.015967518
131772,0.0055180853
116574,0.0040921913
9250,0.1385182
69685,0.131824
133533,0.03991012
73630,0.012750703
35042,0.074009016
53360,0.04924105
71187,0.0010930279
126814,0.049918864
37754,0.011428683
36589,0.01518261
102946,0.020989927
121015,0.011293588
45354,0.052649755
136779,0.03334956
106287,0.6236018
60252,0.15033562
28899,0.3462355
38642,0.6150998
113528,0.100441776
25858,0.121359564
118206,0.008883661
100565,0.20554818
50648,0.09967988
9343,0.21283688
109375,0.18905851
31811,0.30940473
30330,0.026684795
50782,0.20547725
15839,0.17279308
108701,0.33291444
94735,0.9950759
11077,0.23333213
36847,0.0048242817
5652,0.014022851
47927,0.43011594
101268,0.0013816094
104549,0.0703785
85300,0.50971675
63741,0.25376415
42210,0.078429125
54814,0.89778465
15259,0.44011214
14805,0.12541527
102081,0.6260249
40221,0.10181768
109353,0.012762684
5397,0.040959682
144651,0.009243815
58513,0.03350456
82389,0.009619246
26184,0.03436315
70368,0.10454005
103173,0.5232191
118098,0.68187803
131319,0.083058245
71396,0.0021669897
77413,0.15826553
136973,0.005995065
98300,0.0120869465
106241,0.0037604107
40974,0.058032975
97501,0.6784873
15514,0.16101217
44980,0.3491719
80813,0.005922088
13239,0.62160677
30078,0.52233106
21696,0.109733604
61203,0.028378861
100077,0.7590928
113086,0.30111757
2291,0.077601016
102686,0.36495197
138913,0.047463924
101775,0.9618739
144812,0.0041427207
103721,0.0014474936
46664,0.091588095
49183,0.035416577
109033,0.040057488
49463,0.978255
90309,0.1926903
121084,0.77227056
99479,0.30300438
31023,0.6688772
102656,0.0068686944
45999,0.043641
125219,0.2353275
53775,0.01478968
39020,0.03128664
108739,0.111491024
33789,0.030798925
67730,0.06075295
28355,0.057910606
104508,0.0032211277
30709,0.49295887
67136,0.17205629
44883,0.19953841
64339,0.44152308
107902,0.015206899
32763,0.21471286
142410,0.013259013
53424,0.06891367
144294,0.004835324
20400,0.9658124
57076,0.61466676
6263,0.0040399074
130251,0.14543578
64626,0.004850112
70313,0.02062881
125160,0.14238974
78142,0.037197284
132580,0.053348854
144608,0.023915859
140284,0.876078
40902,0.06316008
95595,0.008048507
60503,0.10995594
89595,0.03549352
57331,0.56372523
110709,0.03259811
67387,0.025986163
24060,0.08038995
60081,0.59940326
121042,0.7669144
108166,0.033357054
47096,0.016535014
52667,0.51512814
9664,0.019257722
119782,0.016925773
76167,0.83128315
49321,0.074668124
133433,0.0125331655
125941,0.013882716
30278,0.099019304
138439,0.004328626
51626,0.030736005
76889,0.821819
22350,0.973653
93910,0.060051393
21749,0.15133056
5520,0.0766702
60960,0.041846734
11984,0.7043107
85155,0.0139217945
26032,0.025275204
50550,0.015773823
113443,0.25055483
87495,0.023034813
94194,0.018208437
16786,0.08385237
34867,0.18443143
129939,0.114597194
40368,0.35023612
133264,0.40778175
106829,0.020238753
78328,0.055737223
101430,0.08982678
62464,0.07983303
87318,0.11718412
34204,0.927701
29902,0.14670052
8694,0.39925948
5828,0.05126183
20966,0.12119286
94233,0.0040982123
42778,0.014420332
104084,0.009168154
55349,0.3366336
15467,0.9134958
108340,0.02463435
38219,0.017369991
44484,0.058689233
127693,0.29922214
98449,0.19973207
20095,0.7814629
123199,0.0643939
33223,0.09141673
13275,0.0061017657
136753,0.10491629
67215,0.19271895
123662,0.009924595
84238,0.3653196
90187,0.10745488
64162,0.11428746
125763,0.44963634
65740,0.016444165
110391,0.008352207
135118,0.030142352
45963,0.005976496
3417,0.26507312
123656,0.00043541094
49072,0.027184859
90228,0.0351576
523,0.038437277
134473,0.40802908
89660,0.7611772
104134,0.33459955
54497,0.115109734
14322,0.008204566
8749,0.071883835
97579,0.015372543
123869,0.07597745
102750,0.12713495
140135,0.013466375
127690,0.12421021
129229,0.3729434
102210,0.62348175
1793,0.02740176
43567,0.19304377
45496,0.061577693
66242,0.040984817
113609,0.20662366
139506,0.0012867196
116599,0.37517014
126512,0.13980998
126570,0.1782821
23734,0.57320625
47086,0.04782023
120189,0.009118564
94291,0.024739843
133574,0.0562846
37636,0.091013
99413,0.004811052
39763,0.022259327
51710,0.42674056
23464,0.98282534
59364,0.067297034
69630,0.32440794
34835,0.0065036253
53495,0.010067897
107685,0.006235628
6768,0.025075074
94018,0.43454978
44707,0.9686627
45805,0.10228443
108253,0.012914647
83549,0.101071835
84153,0.007075253
107703,0.0012238852
46326,0.02738506
13381,0.06691763
50762,0.048297524
110853,0.15700181
134640,0.1713638
34245,0.8907872
104857,0.67455804
36650,0.006962249
60828,0.5055904
116742,0.0054109017
45260,0.93969434
77436,0.42390862
130150,0.023503022
142806,0.0008262013
75350,0.014604632
14626,0.015335583
114138,0.8589325
61781,0.026113013
83020,0.45007733
90116,0.4753317
11981,0.5166582
66827,0.8750707
95328,0.011838056
96187,0.08405627
90100,0.83926564
41613,0.61273026
6562,0.5805509
8296,0.016925327
84612,0.7968143
116552,0.32325292
140128,0.0026150194
37928,0.037234865
73800,0.09957294
59443,0.067055315
70373,0.15185659
78850,0.064563505
116125,0.06416894
67548,0.33742625
4791,0.025601493
16687,0.08627573
97914,0.04879805
83501,0.007563947
81832,0.3239924
11258,0.09465065
20171,0.13817807
59048,0.05511435
48595,0.011057838
124676,0.7271762
110331,0.013310091
82407,0.15594356
115479,0.024923746
79156,0.0110382065
9352,0.01611139
77751,0.84078896
38118,0.37877083
97947,0.16154319
104325,0.0022302056
105864,0.006289828
93628,0.0088035
72717,0.086137645
123026,0.26380572
104811,0.10066758
75006,0.008011611
5953,0.80110306
130740,0.539288
33426,0.553603
128032,0.65563
100787,0.0027653028
110440,0.011112001
82379,0.009923808
122054,0.18724553
109654,0.15076812
138077,0.00040086955
25916,0.9028371
68577,0.5368232
84511,0.13004477
12072,0.0069822823
75656,0.7633211
3702,0.91908365
50920,0.35368243
120007,0.04742389
18996,0.4046293
136945,0.007082599
28417,0.04068519
43078,0.04174276
126305,0.03298093
60473,0.1384736
107898,0.05637049
46343,0.03377536
108795,0.4321627
121955,0.003609619
28740,0.05065751
67870,0.25725615
61657,0.22512774
82180,0.13127017
56344,0.91813856
5955,0.9485963
74627,0.04518394
92746,0.074252345
34660,0.15590043
58295,0.004718367
115388,0.012485801
99113,0.22051227
104037,0.4856248
58150,0.017490273
45235,0.5513798
102439,0.054613616
122038,0.13924278
32039,0.25734714
115914,0.013864997
2853,0.19303209
112138,0.09081668
41480,0.1746124
18119,0.13057552
37726,0.03357379
82590,0.53306645
125320,0.084614724
94423,0.09404798
121846,0.0062021296
125729,0.16460623
125097,0.041073915
24524,0.27787495
97423,0.85363126
145141,0.02048333
62429,0.2670045
103465,0.036424827
30887,0.10763053
88471,0.08482287
88395,0.044886168
95603,0.06498553
76530,0.48473507
114648,0.20002514
48104,0.18136287
73012,0.032889143
132084,0.46062234
85723,0.37129977
142310,0.29977056
63950,0.08350434
80127,0.004871863
80156,0.24207775
68613,0.083824284
56743,0.15140435
14828,0.018711273
50872,0.08741826
106213,0.19756758
121093,0.24045259
88225,0.66834193
1875,0.029183513
99179,0.9645546
67185,0.0037218132
78172,0.65681505
1769,0.14132018
128,0.00708267
44235,0.08163862
62194,0.57204145
106713,0.008867951
96998,0.085773386
6793,0.6095845
59447,0.2271573
59865,0.05728898
9188,0.37176552
32068,0.08182534
32050,0.09233683
27840,0.16174707
115556,0.022099085
108583,0.038562063
145035,0.015213139
124576,0.45258862
69584,0.19199319
134287,0.03129894
29464,0.031102087
14686,0.03183875
26240,0.93416125
128814,0.48400778
134225,0.032460786
7930,0.0169597
36724,0.519669
136763,0.0013854562
81240,0.8874914
32538,0.1259149
35587,0.20118017
98765,0.4256986
10465,0.044284157
53875,0.39078128
105009,0.26087248
120501,0.017800521
133524,0.65028393
142879,0.018003097
97887,0.00858497
32624,0.97687167
7340,0.0077619934
137544,0.07222947
106317,0.01643371
1877,0.02730438
50448,0.02879648
96224,0.30047083
141210,0.0010344017
33280,0.40427175
45316,0.04157502
67544,0.83146006
25419,0.0568915
95371,0.07084231
33439,0.060787015
66850,0.8769453
85665,0.76845694
13023,0.0035139034
80321,0.033648252
33803,0.43899882
136814,0.028777303
131304,0.11654517
33785,0.43765652
65169,0.3349881
92995,0.13094667
111919,0.02484311
61846,0.2908463
98528,0.008727912
117024,0.050162297
132733,0.23482473
3223,0.11893803
18199,0.10987928
97421,0.49460816
39961,0.033880766
37725,0.02521046
68036,0.49138188
36121,0.024594618
77504,0.11662528
112888,0.7140908
124832,0.16870408
111045,0.4046386
48019,0.2717016
24574,0.060369093
133915,0.16640066
32150,0.2188162
18332,0.023857823
4598,0.020411704
84102,0.034807786
72376,0.04394258
31403,0.008209285
120506,0.41554317
110784,0.51385117
125194,0.94326705
3904,0.923895
145001,0.1358124
8507,0.5015439
141520,0.0054973476
41083,0.8070296
118,0.017617853
132141,0.5494285
7260,0.1552372
12185,0.012419983
80646,0.21455632
29973,0.08701112
85672,0.014000427
59759,0.7563061
135324,0.17694655
38221,0.24407268
56707,0.6799376
45489,0.928086
113231,0.5945674
128900,0.27209207
104865,0.00651832
114697,0.0037702518
95027,0.011728766
59478,0.1189186
123446,0.47144163
38278,0.010706745
62817,0.49537677
59034,0.10378519
114206,0.3909976
15715,0.06658076
70870,0.010735244
125131,0.018852483
19425,0.44635156
110531,0.39585465
120088,0.029114058
93629,0.013918907
119138,0.17523168
37225,0.7569236
136377,0.008478651
41332,0.23636146
36014,0.56882876
134203,0.41955274
109354,0.18310596
78560,0.010023721
75780,0.106172666
47538,0.9548531
2175,0.7494689
37278,0.00833492
60120,0.6594462
25692,0.10981585
28174,0.5110865
71281,0.023459949
8410,0.0071523925
41606,0.11510146
34773,0.4590109
90066,0.8207822
34848,0.024212128
23822,0.27075016
91059,0.15201697
46525,0.5460476
6111,0.44110483
39700,0.026868246
135810,0.047687307
99445,0.019681009
63981,0.048628557
141980,0.0007128854
50879,0.2949547
96528,0.019917667
112988,0.01782919
108908,0.06340428
71074,0.48180297
73126,0.032743413
72415,0.07610331
141502,0.16603331
56355,0.8498146
50226,0.04208169
90683,0.97103304
94490,0.011550998
91052,0.17567718
83567,0.35676375
53559,0.23779261
41565,0.36429837
131482,0.16827163
59770,0.6306391
142152,0.9768375
29649,0.6644904
116460,0.009697581
34948,0.9803232
106429,0.026198959
91958,0.47604144
73447,0.16412805
99921,0.29780826
129026,0.36000833
7715,0.13626255
3058,0.021657236
130631,0.35090223
113773,0.15584914
72027,0.1356529
115415,0.017721435
19290,0.9300525
50039,0.043029957
119950,0.61732084
136650,0.032642737
71214,0.33314845
3382,0.21876498
135771,0.10661326
26104,0.027645964
92178,0.2560576
109981,0.0380477
116864,0.116375715
123896,0.10311599
24538,0.23791495
29388,0.11990435
21968,0.18621811
27054,0.95492715
89937,0.27160758
108004,0.117904276
117780,0.044773348
99769,0.25098506
111001,0.30927974
96664,0.3291864
99839,0.013697148
11349,0.50932103
97438,0.0021870888
54426,0.11006033
133806,0.967223
57710,0.09119364
54117,0.7992138
85145,0.016427338
46049,0.41216412
26357,0.2888759
14438,0.013706099
1276,0.1936313
101342,0.023014475
56323,0.8101355
32490,0.95342857
105490,0.0066734212
86991,0.05633207
82245,0.9615525
143326,0.6178283
108911,0.12806167
45904,0.11292255
2946,0.24824807
51954,0.045215745
144660,0.046861213
4273,0.89972794
34606,0.3321458
19582,0.02908255
8493,0.7050936
85150,0.008205505
11115,0.3196402
70012,0.26801592
91824,0.94635415
102804,0.31470743
73269,0.19132817
79265,0.49816948
52317,0.81512153
38584,0.08069071
122365,0.0067570596
52513,0.10897824
8951,0.007634103
123000,0.22190826
18843,0.027844205
77213,0.92211366
56596,0.20549051
83377,0.030156022
27061,0.027870342
46676,0.12519085
110408,0.0069227144
67824,0.03313947
47427,0.27141535
54038,0.107193366
32043,0.13338883
63559,0.028362727
23788,0.68291396
21802,0.032112703
107806,0.009695877
68011,0.45823732
75137,0.5547583
96076,0.13763349
115990,0.44669843
134223,0.09797656
36407,0.015831476
41147,0.04476586
110648,0.14709413
144439,0.015378418
79492,0.020979073
9420,0.8115804
74791,0.0015337383
116226,0.002352559
33403,0.35889864
88037,0.8641991
84183,0.04340517
39965,0.26238513
44115,0.12198127
46724,0.13014865
93586,0.01016674
41530,0.33616492
115148,0.026848815
141227,0.0054575815
137379,0.0069780154
97906,0.0051152725
100313,0.010884572
76112,0.02037009
46758,0.52690107
65051,0.48432982
85902,0.45316216
99089,0.27788052
56206,0.5008317
30725,0.033071063
89191,0.1049711
128080,0.023899764
135537,0.13865659
48728,0.597744
127416,0.17390959
70190,0.6221817
38030,0.002045905
95343,0.030039707
62795,0.7536335
129295,0.34233347
12740,0.02021246
117052,0.037879635
100140,0.96778977
66870,0.7783352
79426,0.015178353
69736,0.47596666
62506,0.017598074
98762,0.06554146
60889,0.050847936
54975,0.167024
123636,0.13673857
65468,0.21457039
108221,0.3073394
85591,0.008201164
129223,0.11654019
22991,0.13305031
95509,0.15200014
130528,0.20458351
59842,0.056737993
97281,0.09555194
18821,0.07546844
47064,0.099531025
26961,0.013320164
25327,0.045274574
17393,0.10625202
113120,0.73343503
2035,0.37367383
4113,0.39389223
27194,0.28660002
56266,0.12952606
114292,0.026997317
117439,0.05124678
125657,0.028272033
99411,0.22389424
53940,0.05009989
140047,0.9641717
53880,0.92798865
79380,0.021517135
105645,0.04678774
33660,0.7976306
15743,0.055278298
139941,0.7802656
58229,0.012867308
142469,0.0009270815
35937,0.19587548
62670,0.061051108
142234,0.1530669
108462,0.007847156
11097,0.13202827
77533,0.2671405
24927,0.06828068
49379,0.43848434
82935,0.07074161
950,0.6704835
88832,0.029516403
144151,0.22708143
113428,0.030265396
89892,0.083391465
43666,0.16884011
119606,0.696981
35736,0.10110342
114631,0.029082682
41202,0.05062241
112711,0.033046287
55041,0.9431081
34292,0.27945715
79021,0.6079293
77015,0.13392362
90873,0.435513
49668,0.11279166
46822,0.29981068
67762,0.031833876
68855,0.013844294
40321,0.35132712
33859,0.18865304
24397,0.09492756
84357,0.589335
40886,0.26452553
31949,0.0190538
119744,0.0024892916
96523,0.0017597425
12322,0.0006493701
35278,0.2882847
57060,0.97088796
109014,0.15006
104618,0.05961494
812,0.1219567
45027,0.02950272
136514,0.0060157757
10172,0.0290183
30131,0.103035316
31940,0.6254362
65776,0.06720883
126785,0.08621235
29937,0.21508025
135139,0.08551717
64527,0.005070536
110645,0.5178831
51606,0.047764633
138771,0.02265828
96649,0.5062909
5981,0.02454663
61184,0.0057099424
56192,0.65195715
136522,0.98215216
40890,0.19903876
21261,0.57571375
106721,0.0009274857
85828,0.06891023
34841,0.050322294
89731,0.44054654
108556,0.002673568
101473,0.7694771
107103,0.017963123
22544,0.32408723
130847,0.09734135
31848,0.65695256
23212,0.96224815
77923,0.5938841
130888,0.01967589
17525,0.13431403
109955,0.59710705
24376,0.01763121
89335,0.40198153
37028,0.027952572
24875,0.18944907
142393,0.011422668
95542,0.0009737006
26206,0.1090522
34927,0.068885535
79014,0.027019542
86458,0.52643776
126586,0.010586874
62023,0.03231674
94283,0.007358818
109821,0.28140712
40220,0.43880707
106656,0.8222115
63439,0.484907
68017,0.24183968
140072,0.99486744
66369,0.46071205
114333,0.15464294
144070,0.0051725893
30919,0.17369093
72302,0.0955541
96260,0.02511598
139118,0.0034991463
113464,0.46453658
9795,0.7280108
143916,0.015799977
55308,0.25831634
66737,0.0644472
40519,0.4151927
68534,0.19813849
28160,0.0029741162
16387,0.038544707
44284,0.13847786
129216,0.20637165
87169,0.025851756
27836,0.13380057
106128,0.01776064
54144,0.048900474
81344,0.093992025
36909,0.010106465
31201,0.010645979
104309,0.0036007245
19023,0.5985872
139630,0.7083729
16108,0.17114753
75709,0.0017623276
117885,0.125709
112459,0.24476878
77877,0.18369874
29748,0.22003578
90940,0.04847105
126129,0.06436951
94414,0.54677176
143094,0.0012496314
126295,0.07293915
116691,0.057142533
59039,0.0047808094
111,0.017108083
33706,0.022139572
99156,0.10325134
108069,0.0008952795
109853,0.021205131
56167,0.4686224
110986,0.040197928
54077,0.043581057
76432,0.93240786
104340,0.24017166
31890,0.8033456
78171,0.562202
137588,0.0040388373
83666,0.5227901
21477,0.010459423
63071,0.579826
60763,0.3710061
58349,0.8002803
54172,0.14843766
114491,0.032845885
35463,0.24419756
42836,0.40209723
70962,0.0103302095
89351,0.92817456
5602,0.16621691
50195,0.41083547
53391,0.35492042
137595,0.0006654429
131400,0.40305212
65373,0.09753187
59002,0.029149711
84039,0.09175081
67135,0.95844865
23045,0.71781254
20819,0.056912653
112575,0.90915436
30571,0.11682594
82899,0.67534035
78076,0.0038395843
93656,0.26689002
26192,0.08981007
76607,0.19503307
40381,0.17040356
47445,0.06695903
81692,0.6085906
80345,0.039113525
98302,0.0059260363
34917,0.70256
99223,0.76126456
17643,0.13968298
106548,0.017100427
88630,0.07341214
38257,0.1589533
15586,0.19166265
114572,0.6045962
27408,0.34942046
19021,0.066134825
44647,0.023377052
59849,0.020709792
103911,0.008058839
118705,0.0030811673
142587,0.046703894
120669,0.7303644
124293,0.016442038
70476,0.09319841
136982,0.0037952291
43631,0.9130699
57026,0.037836567
41536,0.040547878
38991,0.94296247
142425,0.002375365
98908,0.03603539
34343,0.6367387
77021,0.41869655
134675,0.7787669
102962,0.15186024
79169,0.94965863
17767,0.22133946
91003,0.30079433
137468,0.0023758747
144216,0.7438581
94163,0.0008506827
143990,0.111136265
48058,0.008714894
30953,0.03828296
13397,0.16643769
27571,0.6799547
664,0.1379474
77971,0.025920209
38763,0.46557948
98028,0.8691129
34120,0.58687663
30879,0.6072378
115372,0.07182697
89495,0.89199406
58741,0.008212835
101705,0.41237563
83803,0.006425162
117008,0.25443283
137927,0.003078819
14652,0.016858786
137463,0.0016033647
145380,0.004750966
28730,0.02999584
49437,0.039643206
120000,0.010737011
105768,0.10668264
61407,0.14861244
105189,0.93231297
58171,0.015120741
3167,0.01392677
116254,0.58608234
41803,0.09267254
39832,0.0063870195
78851,0.025249688
81571,0.020295387
64917,0.17801474
6007,0.20946711
72766,0.018750357
5062,0.012000791
40439,0.9682112
74114,0.004602421
51347,0.9666077
24231,0.30257565
117416,0.0039151586
121648,0.004079715
20202,0.04712232
101630,0.08713001
77405,0.46276832
109445,0.4589444
111531,0.29924938
7384,0.005439474
122155,0.7728225
80256,0.16786635
91315,0.518172
106116,0.004002011
41964,0.196679
2997,0.094254814
23047,0.07630599
88685,0.969948
57198,0.95299274
137681,0.0045244163
10425,0.09568012
130968,0.26013392
122513,0.001350052
9247,0.9380858
43459,0.04915349
129553,0.41764206
132230,0.069083296
324,0.029954622
81304,0.9045875
121126,0.015388538
63692,0.0481075
100412,0.60386413
97709,0.124446735
11590,0.19808711
36786,0.0012918771
96576,0.008833872
56906,0.28472584
39328,0.03709832
118428,0.025213309
91094,0.2512736
95700,0.008769438
55801,0.9430984
141657,0.026704274
144468,0.009913337
33474,0.09098977
91189,0.062560834
28999,0.4595771
24907,0.5147406
64379,0.017214738
120344,0.074724816
72924,0.0061161863
27057,0.12733348
63167,0.025657674
77947,0.11928758
8271,0.11991947
102250,0.37196228
100422,0.19902349
50240,0.06634294
41494,0.2011091
42207,0.9344873
125039,0.046344858
42015,0.1346646
62368,0.05979901
65890,0.72371566
137520,0.54658014
37401,0.6612713
94277,0.0092239175
44199,0.12756132
72904,0.0025974223
65072,0.027181327
40175,0.18062249
90365,0.8438741
6541,0.010041674
137357,0.001995589
97894,0.039040465
41926,0.27348557
59221,0.0030649332
33196,0.6897307
25968,0.052104656
7690,0.0066534146
39840,0.06608182
52609,0.11865859
97110,0.013671205
70415,0.06091491
37790,0.78282887
4852,0.3294529
40111,0.46731213
122797,0.020297842
114220,0.9815979
126940,0.17802317
73626,0.40170217
77856,0.19048399
66547,0.021936286
118091,0.037739962
140541,0.001593124
52334,0.82973963
131477,0.4182988
61142,0.19419391
52273,0.2731771
143336,0.7395592
49717,0.0894481
45523,0.14153057
97431,0.66810906
44416,0.6395438
10767,0.05361896
7267,0.11188632
134243,0.23132809
139181,0.06655073
29609,0.0071505844
1092,0.16451047
21885,0.055975266
47451,0.039986186
75869,0.67312133
120910,0.04950192
92949,0.0650902
83902,0.36867628
59161,0.13347653
50570,0.012530923
15478,0.20090301
122806,0.13255398
130595,0.039411142
70480,0.001247015
52736,0.19010404
71548,0.031637177
88202,0.04523314
40867,0.12856503
2116,0.1125403
94000,0.89921504
49625,0.044769645
102124,0.044113316
60872,0.97167635
3415,0.10560283
58822,0.025924562
114326,0.17090529
59266,0.11642353
20614,0.22117738
88512,0.011591373
92830,0.09154744
57582,0.05472598
122064,0.15432741
111085,0.18588924
76053,0.659639
121291,0.79744697
74387,0.053054027
55873,0.9139113
87881,0.21454254
76835,0.7173989
91884,0.09045107
94712,0.12123957
23574,0.02033555
4329,0.058358368
82206,0.817079
43015,0.18959162
48287,0.01497442
62020,0.010030952
82884,0.07138727
48263,0.2024092
112923,0.98833025
10554,0.06636446
123819,0.23355749
65869,0.031976085
15334,0.011474626
62222,0.01204522
30444,0.029436773
90452,0.06666277
85541,0.9927248
660,0.05158128
102681,0.009757717
90950,0.1599689
96999,0.26837417
135473,0.49645647
11044,0.25016102
29306,0.07732093
93557,0.03343705
92808,0.40074107
114368,0.05724461
115608,0.017184617
74880,0.0041260174
97049,0.9873145
14461,0.174588
105061,0.006439994
55039,0.6160713
35425,0.11839948
84635,0.5356408
65191,0.071212694
66706,0.14263979
133205,0.039720032
62751,0.092731476
131597,0.5158419
54368,0.092880055
12079,0.052361537
113716,0.017122474
21649,0.12894343
34497,0.22686757
51822,0.34033114
12546,0.024422523
111013,0.66866195
122200,0.0045592226
68037,0.9975169
54475,0.7461282
133902,0.2114539
72777,0.0052063367
131546,0.16304138
93642,0.038131297
104742,0.01535774
47495,0.08499585
56497,0.5930441
39185,0.042926166
52641,0.09068921
55423,0.14516185
41514,0.5850571
47791,0.015972218
78500,0.08062401
144101,0.0009893978
96113,0.061748616
18343,0.2247285
90114,0.50598836
119402,0.010345245
27513,0.01475869
50978,0.1645081
110403,0.02083071
78225,0.6426843
60419,0.0044303103
54053,0.03385116
20749,0.1318274
91057,0.071352884
16043,0.18590036
143535,0.08452232
141625,0.00036763633
129463,0.64068115
16900,0.17897342
66743,0.018765701
42871,0.063039154
97910,0.0019487129
8562,0.016896449
18939,0.39773855
138469,0.00048625516
52193,0.13891026
34879,0.14866193
64907,0.5454542
53512,0.18783171
52221,0.034749143
2166,0.021577056
83159,0.4364227
144152,0.21161312
4686,0.13582186
56914,0.055320323
35606,0.01343372
36861,0.24054457
124776,0.012116271
17847,0.19857006
115581,0.62862015
84472,0.022270273
53568,0.18272942
65272,0.011508892
4197,0.34342942
48957,0.012382012
94433,0.78237706
127594,0.29939586
46883,0.1484953
86947,0.0074613993
86477,0.0051505384
108631,0.13852593
85759,0.28589058
91925,0.025361804
54420,0.65295905
60728,0.02161851
123682,0.010619094
53667,0.75831896
125249,0.046862725
84246,0.068381675
89698,0.71795386
76280,0.9099806
25027,0.09599526
138435,0.0017036678
55448,0.063769646
101144,0.9797661
141073,0.6883732
61924,0.9740063
62323,0.9765005
3419,0.3083489
107661,0.011598258
72325,0.07220685
25058,0.5159179
105054,0.031612236
29755,0.20961507
3143,0.48830602
58710,0.0076340344
36772,0.23385113
33042,0.030317424
5747,0.025464138
71931,0.022388313
112665,0.08202229
112406,0.04383857
111875,0.93904716
69785,0.27896246
5605,0.06141798
34035,0.2972428
9178,0.023861142
43077,0.04825568
133475,0.06569409
25325,0.05976424
141612,0.0057057827
62098,0.027096637
7332,0.040238734
97391,0.97288
129496,0.2255161
108151,0.007319258
80024,0.10145994
54047,0.008202987
89570,0.15546268
39722,0.05902864
509,0.12165339
110606,0.2902007
53755,0.7604646
74359,0.0030170484
66206,0.033666737
94344,0.42387506
66814,0.9512137
6580,0.03474681
55939,0.03234307
125869,0.018720558
64361,0.015542867
123376,0.07051731
33186,0.058329232
59404,0.6737964
76120,0.4657359
1455,0.09421031
106694,0.00072698615
100571,0.008799672
62985,0.49697253
18822,0.35728455
127705,0.46736503
16522,0.19768418
133721,0.17285024
61975,0.124501675
132103,0.35000706
108192,0.024611594
143634,0.053738665
23670,0.08202816
100786,0.88724923
71309,0.10788104
81764,0.95339584
55116,0.4178618
143560,0.013826012
114735,0.035938572
85247,0.2647042
51476,0.075778045
6739,0.95583653
26038,0.022203987
125810,0.49183732
69859,0.09191924
45614,0.14563528
46921,0.027091384
299,0.77974486
134558,0.023951102
6607,0.065766945
12887,0.027214268
32789,0.56717277
127906,0.04627845
119263,0.50949836
112609,0.2619838
110360,0.19022556
89588,0.2588487
102388,0.13770917
85577,0.10857593
104605,0.059543647
135064,0.2898096
24902,0.089442775
105642,0.110722326
122361,0.19152868
58343,0.07662832
130592,0.119013436
74355,0.010638002
13248,0.01710453
6352,0.03390186
56565,0.033519674
105991,0.006592466
12967,0.08905588
94512,0.003028847
128463,0.9380586
49846,0.14387608
41440,0.46540847
102973,0.0030633672
143923,0.008191372
109869,0.13766004
12897,0.012574335
52424,0.9133229
4569,0.2400512
18443,0.88803643
43634,0.4472739
67127,0.0127062
140892,0.009816332
132158,0.17938392
32551,0.022853874
16437,0.1461942
21223,0.09940072
65908,0.686546
78165,0.80798876
33655,0.04836657
54812,0.41117024
60839,0.03472039
44547,0.21109541
13859,0.0033373556
46678,0.024644349
25488,0.07039689
5875,0.09387457
54540,0.046036728
117165,0.025921587
80604,0.26703423
101162,0.024934584
57959,0.052633274
23524,0.13194527
144533,0.038819883
66880,0.35984206
125120,0.01912423
95051,0.07774536
13099,0.0040605403
123307,0.82635134
56141,0.038342234
80227,0.002534412
23235,0.06878121
65090,0.09105577
106951,0.0007444971
140079,0.9733699
115960,0.013695228
3946,0.07855404
16436,0.11374347
117573,0.0734157
4339,0.030512398
8028,0.0074779084
137101,0.005178924
61206,0.024699239
137298,0.0030349973
136325,0.0006892288
111355,0.13089104
62479,0.10306052
133869,0.03272596
121264,0.015371663
119068,0.0053915796
25784,0.017828597
106807,0.07049019
141344,0.1208071
20515,0.03094899
46908,0.5471046
32241,0.15557227
97815,0.023425115
58728,0.035549533
66421,0.22484285
116381,0.09916333
113088,0.13954473
38926,0.16166776
87445,0.27919146
44713,0.58347815
99606,0.9622243
45624,0.74016094
81278,0.18214256
77619,0.8638967
43929,0.88656414
114901,0.09313688
113805,0.022797043
86569,0.0056219553
54372,0.10134056
131559,0.37725568
117747,0.0028473279
9660,0.36032984
43429,0.9265179
117073,0.024566738
105550,0.012669494
9680,0.354689
129459,0.16468787
84056,0.15615958
57892,0.93639284
39639,0.4465974
112758,0.09682834
113385,0.33829504
42611,0.10329183
34224,0.113467954
102554,0.020266807
125997,0.14616373
93706,0.99092627
82004,0.47835374
131327,0.24739347
16679,0.87681735
51928,0.25967222
48469,0.041868255
119755,0.0060456907
131749,0.0183403
66944,0.89950573
73490,0.036749694
92554,0.22824363
68425,0.04073037
99703,0.56254387
61108,0.02680272
49401,0.020670135
82966,0.04159787
31373,0.9080858
63953,0.62738395
22802,0.1571031
51281,0.07987331
18534,0.2366076
57130,0.83706
24603,0.084855914
36512,0.9768719
19112,0.14179999
37451,0.3361416
24930,0.07077113
12299,0.058672603
100228,0.08067239
77848,0.22471194
127171,0.064602464
86831,0.17721103
64356,0.25664824
87081,0.15322937
18813,0.35107633
134578,0.20345862
116744,0.05324475
84992,0.2627579
12948,0.004079124
118288,0.02825093
60403,0.34503153
96681,0.68873334
40045,0.96700656
69447,0.30548808
62789,0.90985507
113427,0.1088947
7514,0.017070334
80231,0.33195138
130912,0.7610932
103935,0.007932521
51252,0.96374977
103113,0.9344649
16371,0.06399189
109355,0.17879306
106836,0.012074939
143061,0.6143406
63067,0.29397047
93720,0.18200095
90540,0.30917805
76372,0.050291616
57494,0.32658458
103914,0.005010855
34311,0.355636
1718,0.29054564
13021,0.028630527
142992,0.4509195
49808,0.12334114
73189,0.0011653178
10884,0.34496468
139425,0.13194531
10642,0.3018303
10508,0.22395015
16430,0.064917915
113293,0.16249749
138096,0.0003339282
62082,0.95023286
66951,0.010529509
29424,0.08433228
95902,0.025213808
83234,0.12768665
35299,0.21678016
118347,0.16914935
34108,0.23719838
80114,0.033122487
29159,0.0900747
54658,0.052623946
53126,0.41822362
66265,0.8439935
88474,0.24344125
102368,0.0347093
100293,0.11988644
134241,0.75491744
16315,0.03147096
122466,0.88238025
64877,0.029177926
121661,0.054313533
34142,0.90844536
142624,0.9419856
79480,0.022007674
50159,0.25439328
49995,0.030839404
61415,0.8652422
48066,0.10609187
120605,0.73237604
102689,0.53326946
64708,0.099164486
86448,0.010741768
91167,0.5542471
91822,0.7301046
128050,0.19306995
99270,0.116141655
130111,0.027946314
16673,0.20301077
119243,0.9042932
40914,0.06956836
7108,0.26873797
4990,0.030350348
43757,0.69592017
137749,0.00043090343
87238,0.54980755
106513,0.0463084
99673,0.09896725
108292,0.19774854
45567,0.07794662
1286,0.019016182
25306,0.09075819
69666,0.09778205
84418,0.015411132
58676,0.0055292724
16442,0.11733584
123388,0.024486452
113814,0.7459943
73313,0.023174731
117223,0.5374434
17639,0.16990857
44843,0.024555828
19142,0.9756889
24375,0.0342903
58062,0.03868887
113091,0.35440266
550,0.017837424
21621,0.15939553
6094,0.96516055
42740,0.01156712
81024,0.016680457
139984,0.44507292
64425,0.25709945
67632,0.16516069
29065,0.32885018
28428,0.07223255
72597,0.021813631
142950,0.7658327
4416,0.06740852
25319,0.0534653
80475,0.08665493
122086,0.036669146
129820,0.10063615
111832,0.48509848
7447,0.16996866
55111,0.8248036
114876,0.28624395
21094,0.39149183
21411,0.070827045
33472,0.048796877
1935,0.78594965
138714,0.040156886
38389,0.95819783
30811,0.237383
2589,0.024662824
50368,0.22187398
110457,0.44569603
72022,0.04377045
20671,0.27031034
40098,0.11597378
6517,0.002810153
124377,0.31949434
52478,0.018060701
21929,0.74150234
15268,0.08895737
27973,0.34524885
113887,0.047354877
116340,0.0031726137
127513,0.15819013
86993,0.6547792
100942,0.033658803
96407,0.013179712
58273,0.032250263
134133,0.06475125
117276,0.83656746
55067,0.06523772
80016,0.012566328
29218,0.10738253
53723,0.09357645
138175,0.24732141
122527,0.749938
109336,0.11234407
59385,0.20839593
13611,0.06292333
131811,0.01925424
6423,0.023445368
1551,0.035163905
22804,0.046023004
111545,0.12206097
97303,0.0687655
74915,0.2991336
130196,0.3815277
114553,0.17916796
23663,0.086413816
18705,0.43436456
96273,0.019589033
37580,0.015841138
25670,0.024435448
58384,0.71010554
139172,0.06385457
128851,0.12276438
89225,0.05138417
81731,0.008147524
24559,0.7807305
27156,0.12487302
87988,0.3149378
84599,0.037340607
12433,0.6620147
71222,0.008196375
60427,0.051096443
132107,0.108911075
135777,0.2373605
133256,0.24945351
9574,0.23958872
28090,0.14129502
121750,0.52844065
74021,0.004685081
100328,0.014818903
132488,0.018610664
116849,0.0022501326
3788,0.23338984
69009,0.28809226
6412,0.018639512
125180,0.039136957
82920,0.92188126
23130,0.06446018
98644,0.021046842
83680,0.3488029
130063,0.44660127
10629,0.20482452
81342,0.33733436
49843,0.4811075
42186,0.051174648
24160,0.036838323
32165,0.005865547
60526,0.15496345
53601,0.24202001
88931,0.9122803
59660,0.044271033
71013,0.4052333
36994,0.21372703
51859,0.11159447
67001,0.47812536
100199,0.2047099
26328,0.025133986
105602,0.0066723404
11462,0.3718463
29947,0.11213344
108813,0.018393941
92381,0.58922327
14197,0.19156238
23580,0.040881373
115087,0.86195844
55317,0.3581149
23707,0.5332981
28169,0.180886
64086,0.39135507
128967,0.36839643
43811,0.8328946
103129,0.6636437
59448,0.12545726
102924,0.0012824764
83202,0.08334437
98960,0.5568833
48173,0.33373377
135126,0.090737924
145283,0.037830587
16599,0.23344836
64577,0.06396462
63527,0.100313395
95605,0.041801576
108083,0.03163304
137769,0.056743544
74178,0.05339998
142560,0.40000558
111893,0.36821225
84859,0.031565424
112288,0.159466
1957,0.8083817
58350,0.41899523
44973,0.25534928
3897,0.027303027
60887,0.2726068
46255,0.50059927
9957,0.17967543
95808,0.6322728
78475,0.053726636
100689,0.64013755
139114,0.00080332806
11338,0.25454214
6873,0.008069294
89520,0.111752674
33128,0.011799568
5255,0.37870532
64387,0.11298349
6397,0.0017101135
35725,0.10053664
120206,0.11100079
68533,0.15395354
30964,0.47937664
64273,0.06093177
89496,0.6204814
17684,0.21872556
65846,0.9562894
63190,0.47807702
40428,0.12645724
82556,0.869867
63932,0.53557765
7880,0.41784644
133175,0.34594625
27614,0.023968583
141124,0.43062228
85165,0.05887951
106052,0.014758468
80842,0.6616711
104116,0.0048579914
92538,0.6132912
60209,0.044708002
28818,0.039378744
38274,0.043344054
45145,0.15300515
86606,0.51797384
69034,0.29745364
129246,0.16967507
106987,0.0067289365
114627,0.030901598
127466,0.12182525
134505,0.058717333
107580,0.0013491182
143808,0.21123746
130349,0.04277326
92734,0.9134956
56136,0.6039241
28136,0.16300419
139880,0.015900392
119899,0.49336645
124290,0.09381247
66397,0.419055
113190,0.99477154
139466,0.0010882559
37692,0.0077275047
36886,0.0075527183
66832,0.39590922
27668,0.016030269
77201,0.2442941
31070,0.6786522
81779,0.17380379
119246,0.33810526
16634,0.33420298
71867,0.0044195973
123660,0.36673528
70365,0.7504918
122603,0.02331889
80503,0.102675036
18901,0.03465114
70386,0.045252576
111920,0.16728528
131508,0.24604283
86454,0.117675275
123641,0.017504824
42264,0.04593319
137609,0.6583881
76380,0.6060272
11081,0.16779804
70439,0.019829411
120472,0.0031583481
40157,0.050491273
43943,0.30967855
116666,0.011388134
19742,0.26381403
121113,0.035029598
9821,0.07670803
130615,0.5256839
97115,0.9928578
113049,0.023944471
51536,0.01175753
134217,0.1752504
133340,0.29758862
100483,0.43877608
128006,0.645112
4728,0.4365677
23531,0.11201864
135730,0.18792863
13593,0.026201794
37921,0.013619227
101559,0.06114707
85778,0.0009662285
13131,0.041171398
132433,0.30088004
130808,0.16909385
8925,0.03214761
107406,0.0037288954
1690,0.04052389
79854,0.005648501
2153,0.5961891
127063,0.96081185
46355,0.029993456
71374,0.037133783
9759,0.76377654
126252,0.24138412
87012,0.1554952
139130,0.039173517
124750,0.51561564
144862,0.0030979177
40717,0.9662309
38505,0.006350294
26786,0.09258399
96258,0.03636034
83506,0.018990932
111106,0.06567216
2965,0.044183906
11447,0.32415858
83470,0.006146933
24612,0.9608312
79462,0.42128548
329,0.12733944
107369,0.044593636
34197,0.5042722
21004,0.2116088
2519,0.109588
84791,0.6170864
103233,0.1257242
85763,0.47121027
134980,0.08365483
73803,0.009800355
59663,0.14722669
96411,0.0041854284
65803,0.12498827
6731,0.5344742
52565,0.09169989
30697,0.031232055
26203,0.07129837
136112,0.0010039327
42475,0.13322102
117041,0.020956066
90996,0.9709074
95635,0.0048512877
84188,0.4280385
3320,0.13549432
129856,0.3869507
61627,0.069543906
76632,0.6867966
101782,0.022517255
26424,0.05471303
94924,0.006916024
96588,0.022796845
140399,0.5021058
1442,0.017315293
56781,0.08024636
33686,0.04307578
27346,0.07927747
32729,0.9065451
54993,0.037920065
133375,0.023946287
78750,0.1958642
112579,0.90980643
20591,0.45880303
4524,0.19203559
92708,0.20091411
93171,0.1430083
112451,0.8995673
86736,0.16348909
86445,0.21603124
115157,0.0717336
64531,0.0127747115
70429,0.0021773516
58228,0.0016875956
53963,0.06848776
13217,0.019247577
29354,0.036251776
130679,0.008930338
51919,0.038749665
140798,0.04822327
104329,0.05992108
143496,0.015294393
35668,0.1805067
113493,0.89897
10868,0.14233418
15571,0.13174804
58790,0.8295317
36504,0.3653305
74692,0.09081201
29129,0.014597448
91009,0.45476934
25082,0.09627676
51464,0.97551733
8090,0.066184066
16671,0.22109468
64504,0.008624174
57577,0.6196083
53930,0.87355345
106546,0.0060716895
4205,0.025866752
9581,0.22886527
10836,0.08665724
68944,0.09954742
79121,0.015447547
116662,0.013300832
34232,0.020606572
92029,0.2299364
81021,0.15340856
66110,0.071762964
122846,0.0018191498
83164,0.10435151
117610,0.03557347
133008,0.028053068
87953,0.9006069
56496,0.2344172
4160,0.02257544
134588,0.044628337
139886,0.005533863
119886,0.21256919
33817,0.05631044
82104,0.349531
133337,0.07163121
16114,0.9094386
107362,0.00791899
120219,0.3430701
48838,0.104491286
26780,0.17081025
139919,0.10282395
123502,0.5334344
48350,0.42240158
101644,0.654639
95566,0.063812576
130701,0.73226994
99209,0.08945021
39019,0.020805243
122420,0.5436511
141273,0.0016309331
132752,0.45308873
42225,0.36884344
140098,0.705839
121728,0.943109
120515,0.0034436616
92332,0.30317372
99819,0.5873834
96389,0.6727517
66137,0.13809147
50657,0.055679735
121964,0.032627337
109676,0.17254633
22689,0.41469803
20307,0.15158206
36866,0.0020061706
127097,0.22666956
5067,0.04778266
131179,0.10237048
128573,0.15932763
134242,0.71064687
35118,0.038679797
51578,0.17843625
55279,0.08351094
43608,0.7820146
101662,0.46265277
81388,0.026274832
70617,0.112396
8740,0.059069354
120095,0.24394335
30321,0.047511123
27719,0.24235317
142418,0.019567555
36174,0.28574064
16184,0.028058615
106680,0.01232898
100329,0.066036746
62367,0.044970434
109670,0.07580546
28193,0.7526632
20219,0.024767015
112950,0.09644881
63672,0.082640484
75468,0.5361728
108105,0.068131305
27645,0.0230303
19737,0.030466726
108207,0.077521816
39293,0.025587674
1600,0.5542243
4194,0.19220464
20872,0.46134904
423,0.019699095
32340,0.029684668
27247,0.10710869
124208,0.005036233
1203,0.013167817
113713,0.06639237
43856,0.20007604
58752,0.13104236
131845,0.26025498
32281,0.014711055
141862,0.066182576
7356,0.06978307
37664,0.005588022
79322,0.10069761
109532,0.12965287
81684,0.11839535
91492,0.06416132
46947,0.01383029
42730,0.19714099
57219,0.11688109
136507,0.007907867
69921,0.13761069
97940,0.051195305
115915,0.11880408
98756,0.92572814
74472,0.062019907
32674,0.53120923
115637,0.20769644
77064,0.0325901
32619,0.027701069
89794,0.2611145
81333,0.0047033206
83327,0.05292086
102682,0.10873302
63751,0.08977247
107377,0.0035372085
117471,0.24167459
86552,0.04651572
115127,0.9697131
141222,0.006586404
99196,0.31091225
34824,0.017420817
136865,0.69004625
9455,0.5770556
115778,0.41281658
32914,0.026683943
96110,0.1135862
51147,0.24802831
65006,0.069182865
116494,0.07948082
76672,0.13391076
107082,0.017079137
24174,0.05301851
38607,0.1964025
42446,0.81473094
120808,0.0014776678
30666,0.8155414
92106,0.2381416
108574,0.54650563
27657,0.0397536
116905,0.3780262
32045,0.14344089
111254,0.6968353
79801,0.26065817
6232,0.10267976
130674,0.20936017
51308,0.015531242
99840,0.0099232225
59916,0.012645164
119827,0.518865
43108,0.014548208
68453,0.033629898
144702,0.19031265
140971,0.10448041
122052,0.6089171
41792,0.02075974
73942,0.017903095
71210,0.0036261776
34356,0.0041163634
64657,0.096504524
63483,0.023580678
37301,0.8485685
22035,0.1480494
33563,0.19432686
70433,0.0019760195
7129,0.07541801
105754,0.103443794
41252,0.014480323
24953,0.0358664
66475,0.10279763
18968,0.65214115
48467,0.027685277
56070,0.107756354
26477,0.06563656
114094,0.047095302
21777,0.0949755
70838,0.039887797
25947,0.012124996
132893,0.007912205
39732,0.3027574
126481,0.84659374
97975,0.013239581
12860,0.6048973
109096,0.42319053
116990,0.020985058
109282,0.38680682
81535,0.1001039
124826,0.041252527
118458,0.0068471883
44795,0.38202664
115547,0.87211597
64197,0.017631559
124187,0.06387121
127395,0.8844011
117363,0.49429086
63787,0.1730945
143504,0.009077957
137478,0.684511
56393,0.6772132
111065,0.0071689254
67065,0.051922865
97033,0.010972071
72173,0.007746757
88762,0.48161224
71287,0.087465785
71609,0.0012300642
74589,0.11307867
91291,0.14168096
126666,0.0039833616
39440,0.11131276
6096,0.8876831
132793,0.6553081
115512,0.9401617
60284,0.96353114
105778,0.010883493
91083,0.08748229
28320,0.13421692
93088,0.17340493
14187,0.014276087
83194,0.11403697
84363,0.980893
88324,0.5019627
30032,0.39959437
89286,0.083174944
138253,0.06869824
53486,0.11248047
15729,0.14994411
120346,0.7968891
6073,0.032070458
1479,0.007442742
31400,0.014641947
122827,0.07556588
9888,0.12019336
11563,0.32762957
97530,0.1087588
59519,0.12119884
41679,0.043325227
10142,0.09771603
126079,0.28501102
2450,0.0906634
86636,0.13061629
13696,0.005357672
42540,0.8975145
62079,0.0058374032
106736,0.008077916
96284,0.02150651
9637,0.030336892
124994,0.028943766
58256,0.0244318
119507,0.84807754
124478,0.011744567
77188,0.064628996
105242,0.8623408
76010,0.7963826
115860,0.05542399
75293,0.006091084
106582,0.08776776
122099,0.06985882
67277,0.86020166
105446,0.001777025
113976,0.029934324
138308,0.0031539283
104226,0.13426575
120569,0.15222056
116031,0.00867606
21570,0.104684494
17234,0.200737
70027,0.4554857
113286,0.06058655
66710,0.0053298334
30663,0.39192003
130064,0.2549956
141569,0.00180312
119195,0.48443645
84121,0.3319645
99244,0.9964826
138437,0.00250625
79957,0.06432607
88481,0.11654701
119433,0.041555356
39099,0.010528271
89083,0.98640406
123846,0.015852911
119632,0.04387053
70856,0.051234093
42144,0.14116015
60167,0.09209887
32936,0.059378657
19411,0.07010132
63894,0.3577583
135630,0.18090083
98557,0.0025770993
131518,0.07144469
40608,0.1313244
31894,0.1257332
77008,0.2722514
33565,0.86282206
124374,0.26200455
43685,0.76503956
67037,0.87382746
126642,0.049735405
86126,0.008732826
12715,0.07118127
87948,0.30614233
112434,0.14289752
142646,0.41472784
92383,0.27099562
3492,0.049531892
108075,0.004206103
38165,0.057364617
128541,0.30081356
227,0.113726914
51790,0.15260203
26682,0.2766957
51175,0.38649115
143265,0.034194738
85256,0.21804276
100818,0.57038784
86410,0.00888726
36472,0.04997094
37165,0.05022901
105086,0.35764188
3078,0.027028825
82492,0.019225622
127257,0.09852392
130380,0.4746992
18170,0.40754476
107012,0.0007592324
21942,0.13027026
29529,0.10429684
106519,0.0015272945
24392,0.2579798
142137,0.2223744
29522,0.019479768
2120,0.03717327
128809,0.2153302
90567,0.06468126
77290,0.46609148
93702,0.9897686
23496,0.05466593
24680,0.09551589
11134,0.59204966
125553,0.13684955
62375,0.21701138
71619,0.00714561
76741,0.06909946
27445,0.3643288
83841,0.091793016
39657,0.37444818
143173,0.008472431
109672,0.16870828
62112,0.4759604
9448,0.13030845
67207,0.66881806
60928,0.018730631
102197,0.94416493
97234,0.085863225
48020,0.17159711
35271,0.005113334
84920,0.08206859
33457,0.053341344
13939,0.0038421312
56435,0.76519173
56002,0.5957461
59411,0.9837054
133454,0.027621273
63897,0.07917286
144171,0.0030258247
8076,0.0017616524
50485,0.07884758
103741,0.037024092
20226,0.12205324
20960,0.12317466
24185,0.2430238
114146,0.02361863
39864,0.14807743
54774,0.6782472
73064,0.7153422
106818,0.06550707
101276,0.019076906
85413,0.04265945
138749,0.0189422
90144,0.27101216
55647,0.68862665
40350,0.054791767
27646,0.21648599
43041,0.11136294
53444,0.81733847
27235,0.6491964
83687,0.84692454
94879,0.006571757
133321,0.21918951
103902,0.9611419
9559,0.20010579
10937,0.20719314
79126,0.0054014563
59627,0.120173045
62413,0.29692432
4047,0.57677937
52566,0.20408778
10875,0.57060343
76270,0.1339383
14644,0.021785988
106891,0.019541953
13482,0.066507466
139493,0.0013623287
54009,0.8698182
9000,0.011683932
74813,0.25389016
143674,0.16874242
69294,0.49087915
1971,0.023429183
38104,0.22403
141270,0.0009563427
33344,0.2518319
5056,0.08490338
65677,0.2428807
52506,0.03696307
54720,0.37389866
138088,0.01611753
116506,0.029275443
66403,0.030918108
34946,0.33603105
6383,0.03098155
100953,0.085464805
132679,0.30677515
34819,0.019371744
132602,0.04199476
23569,0.46550992
66354,0.033066273
83427,0.13112506
116887,0.11600652
143778,0.7395878
113732,0.15587023
54389,0.38941333
24041,0.21504413
69917,0.14262897
104517,0.08824888
19878,0.07160069
81953,0.08500229
11403,0.09052918
21197,0.13362864
135401,0.012141844
28714,0.8297009
23746,0.3122843
55967,0.17400242
124688,0.21147172
84657,0.10056743
71898,0.035598412
143145,0.0018807801
125512,0.020717423
91747,0.29672253
39459,0.02346446
72528,0.0026828924
61453,0.3619089
40992,0.2808513
92796,0.43607032
140691,0.13730447
132918,0.0057660774
98772,0.52288646
94641,0.004189883
24384,0.015297058
130693,0.55333674
81636,0.15597458
57625,0.012242549
23059,0.07565122
132983,0.03074995
108266,0.010107285
76955,0.04628206
24163,0.14261493
138340,0.0010513258
13371,0.017248377
144526,0.096049786
79706,0.5803892
128865,0.13748033
76778,0.06728686
132642,0.007534027
139088,0.005473901
20396,0.3151681
20691,0.56871825
65341,0.030398984
33608,0.043913618
27292,0.04792153
21121,0.088235974
119630,0.9831512
135529,0.01757018
54353,0.0744366
80742,0.8916056
19510,0.11346711
113870,0.51842755
15240,0.09274923
7704,0.061619814
14401,0.021633951
74721,0.4087391
83047,0.8140322
100047,0.10606691
29647,0.09551006
114669,0.0073656966
136090,0.022326581
35902,0.42243183
41513,0.91444784
96996,0.311495
109729,0.042292606
30524,0.006633253
86307,0.8052661
22649,0.18008596
70988,0.4627249
114740,0.003902085
38064,0.9668461
261,0.014809912
104331,0.0013731138
106219,0.0012789274
117957,0.0013236658
11864,0.24110101
42833,0.06521348
104980,0.0029723875
36712,0.88630617
64252,0.019637775
140684,0.21552595
52213,0.15838541
61110,0.016209302
114650,0.2701403
2105,0.43026614
104300,0.059046786
103978,0.00776981
72327,0.08089692
112072,0.66993076
71150,0.006732054
100559,0.06075185
27631,0.09328957
136610,0.42443097
104180,0.96255356
21347,0.22322994
30812,0.1898875
24583,0.9185388
21315,0.37284645
59108,0.009626908
122041,0.1777674
122957,0.8824842
40035,0.006607473
104147,0.07423774
78136,0.5330208
125412,0.22087677
123436,0.21023263
130870,0.026055627
29480,0.058075596
113543,0.78810245
45673,0.1090981
124223,0.11894089
98504,0.0066294274
60257,0.09774796
2072,0.29129064
39027,0.7790095
126950,0.063064426
28331,0.33986938
87683,0.9880868
126784,0.09069454
50770,0.045050886
18714,0.05868535
107876,0.06881202
121582,0.4803011
47817,0.041554663
14160,0.015701704
106676,0.0021175132
23492,0.11518062
25708,0.8991759
111164,0.3672216
114807,0.9482432
94126,0.15330738
10906,0.054854497
57735,0.10746901
89843,0.6860087
11501,0.057603564
133953,0.5757758
94242,0.0020176289
120977,0.17512673
1314,0.6950569
49862,0.26874235
109590,0.05066825
88849,0.6173961
144902,0.11374537
110315,0.3749254
27071,0.5201663
144402,0.013524684
102014,0.013439851
109278,0.11411188
143433,0.02843473
136534,0.005547407
72098,0.009826023
126749,0.049379967
72526,0.009104895
105290,0.27919012
22423,0.8998921
139546,0.08775297
19281,0.42008772
100360,0.07989812
133839,0.23926045
46006,0.6281556
81356,0.4955888
13216,0.002139062
36691,0.10632275
9462,0.29964465
83539,0.10702554
136819,0.20982628
117150,0.08540227
22935,0.20637754
112160,0.149712
51579,0.15843412
42573,0.11501673
127985,0.270339
132910,0.06818105
15761,0.19989151
123270,0.09631008
107230,0.0023618538
144575,0.014666665
85336,0.6724822
115516,0.9816253
134742,0.008387141
99191,0.086798474
9775,0.78309506
24211,0.6963516
122972,0.0788088
82879,0.46319026
105651,0.001115865
118887,0.06537472
44780,0.4084915
112644,0.040962182
143019,0.3737082
11079,0.15048866
127005,0.15310152
79328,0.081926815
85516,0.030957438
113071,0.022976916
102965,0.023434514
95016,0.05725636
110937,0.86886746
117426,0.03234377
102423,0.23427458
142027,0.14071654
119566,0.8228653
95606,0.003057266
87521,0.017211527
57960,0.10178048
43864,0.014040399
55639,0.027021267
135815,0.084003784
18380,0.29013625
28140,0.033116974
32272,0.6700152
145038,0.034310833
143264,0.022138901
68474,0.07427785
117228,0.7617112
67975,0.39458275
86971,0.44222605
53715,0.23031346
127621,0.6486736
116869,0.04100635
35480,0.2900035
13706,0.012585689
13815,0.03068677
2832,0.019230103
142378,0.011441124
41063,0.9794136
59843,0.04890937
139405,0.10130982
37767,0.41490874
110075,0.4103799
34456,0.015344716
137002,0.020348454
48622,0.07674958
8443,0.17626737
96526,0.22885987
56310,0.15203883
54630,0.18642828
135153,0.020503938
40733,0.005957555
31932,0.22439633
76663,0.43646988
28042,0.010710039
104523,0.026391344
40407,0.08450699
120,0.0071498565
78395,0.66371334
7285,0.054582234
57791,0.19745605
73797,0.014210638
20356,0.079530284
53123,0.78257537
31905,0.018866986
117911,0.31483844
28959,0.021700593
95752,0.09161402
138098,0.008629292
22787,0.014882492
137676,0.0046805628
134930,0.096347295
84487,0.035877965
29413,0.002627683
31836,0.10893086
70634,0.5614531
73409,0.030417403
86788,0.119817
48483,0.14592806
74134,0.014512176
51860,0.24906184
71739,0.0035658907
31556,0.84813124
104388,0.9313231
91685,0.44927704
134134,0.2627205
31854,0.0041021802
114019,0.0575851
90429,0.43466994
33092,0.955916
17002,0.44652328
143480,0.031895034
132338,0.84670305
117648,0.009428159
111397,0.032139324
18540,0.84097797
28007,0.019858068
139872,0.08642617
90843,0.3987149
61907,0.34059477
110153,0.11206131
69138,0.15995982
106663,0.009145799
32742,0.02183985
82255,0.879509
69631,0.23078029
23858,0.721586
103837,0.050075773
34138,0.49603626
79676,0.07288949
18198,0.10299676
44046,0.17576891
86150,0.0064283977
44062,0.07475494
40989,0.015483413
48747,0.63972706
136566,0.75947654
31054,0.22424878
96691,0.07651091
73731,0.016275605
30905,0.115787156
79677,0.93964094
103530,0.5768185
10033,0.95753795
105916,0.0030996734
31993,0.8539004
36958,0.97393453
114972,0.0020794522
144226,0.061615612
4008,0.95280546
90536,0.59896606
79001,0.7139701
89724,0.77770066
40067,0.5559247
120024,0.0056469613
65713,0.85954684
133518,0.09830947
34652,0.38474333
39766,0.07534554
73615,0.14686024
133274,0.15898956
24798,0.5735434
76690,0.5570744
54421,0.04239927
78586,0.5122022
81488,0.6822835
89217,0.02699686
57464,0.34297144
45237,0.40523702
72970,0.037646487
106409,0.045974676
9393,0.39854792
45008,0.07123231
50389,0.19059663
118877,0.0042186216
59576,0.008296889
109421,0.024740672
109916,0.97082233
141630,0.018169679
41081,0.59766716
81640,0.50535727
74828,0.01721644
944,0.22815064
92573,0.23960926
19108,0.034378115
68028,0.673834
40007,0.01907986
63584,0.07080563
87089,0.09453713
58545,0.0026173936
44176,0.031232791
80184,0.0049118665
57640,0.015228229
12888,0.009940313
141082,0.8153726
34990,0.15713687
109395,0.15084562
108193,0.0014129874
71451,0.0057823677
144396,0.0067218943
989,0.020522693
116528,0.6710549
18148,0.08732219
134693,0.42253634
22199,0.33155188
141439,0.5999482
87372,0.010043163
6185,0.06379842
69521,0.12148301
13897,0.06254753
74927,0.020764172
19081,0.1524132
13586,0.009279316
142399,0.0018942289
124390,0.03843541
36403,0.41244757
133394,0.8177568
74174,0.020329988
92313,0.30241674
50743,0.054036994
77139,0.18249367
64014,0.6681616
7256,0.0061798855
46939,0.17516944
68118,0.056872547
90404,0.03728267
141371,0.39356458
125591,0.5271218
34016,0.059835777
67599,0.18678626
124190,0.022141451
114087,0.27881113
84532,0.037709974
13126,0.07979377
12499,0.5832902
106922,0.0022909292
144081,0.030544149
120539,0.10987761
92201,0.010032662
112268,0.026445283
98620,0.047667556
74365,0.03085938
26971,0.082680434
124644,0.14232974
113056,0.46697745
38707,0.45833418
136163,0.04414724
139352,0.811508
11738,0.053731963
45819,0.090836935
74663,0.23792672
27920,0.12528108
39337,0.043874383
7917,0.01947312
111341,0.60084623
24841,0.16346961
100663,0.0077968426
90580,0.6411839
43654,0.024636675
131882,0.6719995
109111,0.28333843
101780,0.6719189
126327,0.0244776
49334,0.23390347
59171,0.10688699
80628,0.8914266
108679,0.34931454
103969,0.00045115256
71482,0.0041405004
89848,0.03525476
104837,0.011944429
28323,0.016833916
52945,0.30321023
109939,0.5289371
104413,0.13097401
45769,0.07906755
107971,0.6638475
32434,0.028361632
94005,0.36713105
45482,0.063372925
37950,0.36081302
38067,0.036003046
45989,0.1374903
79314,0.16696943
27245,0.065564804
43434,0.046415262
133172,0.40627262
133857,0.0070761773
60759,0.038022976
59848,0.021925827
61043,0.43616283
46967,0.048445124
113350,0.051167674
105185,0.013582565
94769,0.032474283
104632,0.10276195
108471,0.0063051386
68145,0.3379966
44997,0.36128262
64585,0.020702709
138200,0.0017680344
136404,0.00061989715
65560,0.0057202387
59099,0.024910633
141994,0.15524915
123518,0.7188027
143885,0.06590637
141849,0.28996336
78857,0.57197803
51887,0.16831222
2585,0.03295178
103894,0.0010850478
24499,0.019635893
122852,0.05122642
67132,0.012974746
134341,0.022785418
62227,0.503441
45519,0.051271014
1031,0.098926075
49561,0.021328758
9710,0.5523013
57223,0.013457724
123813,0.0024875482
107430,0.008409275
119176,0.67192256
34387,0.7130452
130934,0.2422087
52507,0.033163458
31391,0.88713217
71767,0.0024902048
22201,0.8855085
144980,0.0023988844
33375,0.4067919
102295,0.51879406
14138,0.025981028
107487,0.027919604
143203,0.0133199515
75439,0.148319
80630,0.60008377
103456,0.019326044
115409,0.19505723
5099,0.07307449
17955,0.11564356
81695,0.3091466
116491,0.25922468
68745,0.0111773675
10057,0.95486873
37285,0.040594738
66087,0.0348418
37795,0.016039401
56639,0.53916985
139752,0.8079932
131913,0.7884387
141067,0.9135103
127279,0.53088456
142782,0.013145269
107268,0.010697208
45329,0.062181495
39605,0.033155993
100996,0.9727471
68885,0.023779215
79292,0.2419447
37804,0.1358522
56030,0.19008468
45463,0.04735306
104832,0.00453024
62532,0.92814636
56037,0.13627897
22984,0.25321007
136581,0.0033126178
59078,0.46645832
125981,0.060986966
98367,0.052668545
25427,0.84278786
87727,0.12296576
89919,0.46986237
135124,0.20774136
52568,0.44229874
43280,0.10940628
2402,0.008281852
136246,0.03271011
82202,0.18941978
78747,0.0033751877
60082,0.43091887
143428,0.077713266
13481,0.058275025
58556,0.022014342
131513,0.022196995
3289,0.07925539
27757,0.15739638
12994,0.018743778
80282,0.79225415
47934,0.06339482
8369,0.016529765
49239,0.22724384
59206,0.115138195
87352,0.07295547
15687,0.85922575
122315,0.76452965
93515,0.0069510653
22357,0.2728489
107817,0.07159567
78532,0.07727941
37833,0.04729028
28662,0.03583949
114527,0.21884517
18876,0.091689564
90821,0.07969363
81615,0.98239845
73967,0.057712305
86300,0.3401783
61041,0.06258244
43255,0.24553274
101040,0.026441934
25803,0.0060808756
46264,0.8958735
28925,0.57526624
91352,0.67877775
52582,0.7958857
142775,0.0025799703
80655,0.08329347
5091,0.15042436
93199,0.6021894
63978,0.53595513
106609,0.0036298472
112833,0.1955576
78307,0.015756302
50366,0.025954472
75882,0.6251031
116688,0.75238705
22033,0.769603
56129,0.19751924
14962,0.045848977
83343,0.1300298
43063,0.19421996
96375,0.012743041
31565,0.24445412
60267,0.20480584
22143,0.05434608
5642,0.0044776527
31956,0.51332676
62672,0.1862392
69697,0.5686575
10407,0.14929876
143224,0.017547175
71321,0.5515058
32719,0.08650912
88875,0.025301138
23029,0.06816495
88869,0.024321424
140440,0.44509625
67921,0.019841135
134813,0.00818008
8866,0.29858723
137359,0.0038031896
94213,0.0027717168
50323,0.0052949814
93583,0.011408348
116620,0.05261999
35987,0.010566888
14045,0.013637227
75534,0.009991784
27926,0.025447262
52161,0.13504066
122774,0.002646781
80088,0.09661482
54063,0.10384444
127768,0.84334666
106608,0.0018328243
84851,0.011525673
39116,0.7119145
35942,0.0048658196
98959,0.26509026
91926,0.2546181
84177,0.04901365
44721,0.41379157
38161,0.8505529
86439,0.41981244
24787,0.14264119
85199,0.06808234
36967,0.01706955
9385,0.33098045
53022,0.7959315
138557,0.4048391
107259,0.022651628
65496,0.10442612
16636,0.657005
59121,0.08003675
116956,0.45370647
70945,0.024328487
93258,0.052994158
59898,0.018536039
10980,0.036747593
130005,0.4203962
5016,0.8620588
27450,0.13249607
105689,0.008133271
15662,0.7667504
101829,0.11550725
131246,0.113207735
56257,0.29835445
53276,0.0633534
34951,0.07377692
20098,0.15364692
67490,0.44134364
133913,0.016827274
126438,0.020604016
32703,0.348229
42383,0.3645907
26754,0.26258898
8656,0.027457554
119879,0.02607809
93535,0.0036419462
58847,0.021516839
45686,0.8665321
88238,0.14316566
19184,0.550524
111243,0.5671368
36626,0.0025042314
107787,0.011539892
10325,0.08269425
79730,0.29500532
7585,0.6231912
69689,0.6957077
16605,0.19571011
18903,0.07730872
83411,0.01095224
79933,0.8249446
39790,0.050807957
87648,0.43925315
8093,0.0026642506
48037,0.95408106
38902,0.06557399
55036,0.15228343
115238,0.042292885
116690,0.08619214
113920,0.024465533
23769,0.15674534
117702,0.01690162
68530,0.6161168
59280,0.06471271
50745,0.29044944
125450,0.19676673
57910,0.32021376
52362,0.8816438
32933,0.005441858
112937,0.6592131
109263,0.035543695
129613,0.079556994
33779,0.5932407
105545,0.0371582
99409,0.084643476
105815,0.021324787
51728,0.114862666
91000,0.14322102
105058,0.003533681
129690,0.102297336
137651,0.04386441
126410,0.40852284
70198,0.0156458
13524,0.19000027
70258,0.1028227
263,0.16305225
122130,0.028575465
122080,0.11944474
84567,0.04050013
103262,0.23682263
144500,0.014798979
80814,0.09325394
61665,0.31133416
121199,0.0004478989
44760,0.35079214
72479,0.016594151
47483,0.008829218
95513,0.011249599
115058,0.08796056
37900,0.1346626
71784,0.007188143
82619,0.1834258
103273,0.026267134
26181,0.57370806
143807,0.07192472
132900,0.0159059
72699,0.14526974
109671,0.14084068
129922,0.9764689
2961,0.013274037
100609,0.0047386736
58164,0.11159314
129477,0.41095647
90179,0.28965124
144399,0.005193508
135882,0.04372505
27727,0.036504656
19448,0.12480284
108829,0.9177626
13925,0.036288455
129626,0.05700897
113375,0.075398475
127027,0.1381687
70754,0.00126351
93512,0.024688054
130263,0.98230815
7961,0.04647879
69356,0.094926395
15043,0.6711934
98379,0.08093634
65935,0.027921567
113531,0.84911454
23406,0.39302394
106225,0.0072432556
77802,0.41524458
127996,0.3313857
56387,0.0054591326
10551,0.082709536
22125,0.1380368
27667,0.034764037
138274,0.016096832
135819,0.78927106
137908,0.013455401
82386,0.021955296
39401,0.12182869
127931,0.07263296
143482,0.016466321
36494,0.13391854
15828,0.11205936
126030,0.41648734
99045,0.027705835
66526,0.35298374
57419,0.047826372
16677,0.2837299
50354,0.93996936
132563,0.40165454
91490,0.95720375
5513,0.8841778
75141,0.37487683
30834,0.1609776
90789,0.30223966
99189,0.0055553517
20038,0.08659704
32405,0.9791135
14767,0.034547374
65856,0.14682218
82509,0.31359574
130557,0.20128149
17815,0.093575686
115506,0.024886454
30177,0.90617543
98154,0.21588604
3207,0.51102644
35492,0.93176144
105681,0.01437399
94513,0.006257769
47465,0.02578353
71078,0.07251157
89341,0.88025457
33775,0.0019805771
23445,0.065461196
135816,0.054132346
73559,0.4597975
22050,0.21187584
66957,0.19307636
14232,0.05214742
17997,0.40411103
28438,0.33243567
109448,0.12893182
101184,0.40830794
50861,0.44004127
10222,0.105524965
3428,0.026125774
100196,0.5583674
126739,0.064600535
107756,0.045986768
60302,0.022595715
23382,0.17986993
102137,0.4614737
104643,0.00326271
94016,0.61474043
30103,0.055586338
135224,0.022542583
129233,0.24947
117785,0.014364954
74531,0.017711777
89741,0.14096689
104173,0.5743043
82687,0.2820492
103138,0.3483581
139736,0.38594344
7243,0.0042037703
107889,0.016964773
36359,0.25493634
57951,0.26516014
132545,0.57489365
78910,0.90648574
108383,0.08492856
35991,0.96861726
59135,0.4348244
111805,0.05002252
90962,0.3207993
82883,0.1426419
142653,0.46418756
100739,0.89396167
58578,0.41244197
135765,0.020029902
70861,0.006333998
20547,0.45893523
7322,0.032950595
53436,0.07081804
39895,0.009063167
11884,0.09702727
141742,0.12563495
92334,0.2661161
119163,0.021360438
68272,0.1861226
101739,0.022731153
27967,0.17084718
34083,0.020863911
130623,0.7982556
63890,0.027727129
40259,0.010321603
83618,0.033497993
93338,0.9655694
19186,0.14101835
140054,0.18479724
35068,0.85969687
99001,0.08435023
18523,0.2836906
119517,0.4614286
36519,0.22163795
133450,0.004987934
12996,0.401894
72925,0.004177907
28863,0.09822214
23306,0.036249906
86565,0.63816446
47180,0.006714178
143260,0.01349973
86330,0.11811965
31838,0.23277687
822,0.028993724
133382,0.8096945
88829,0.015298156
54563,0.18724763
89689,0.8137427
11405,0.14995423
4872,0.3052211
90463,0.08096243
57709,0.21543805
49518,0.08370455
17114,0.15835609
58460,0.67913485
79280,0.24071984
140670,0.3031394
47121,0.45078507
120981,0.044485092
131280,0.3716679
83876,0.057829536
110502,0.362154
92034,0.37140524
93873,0.0011187685
34536,0.06862887
64435,0.064571805
92395,0.6253381
103765,0.25038618
123484,0.035865407
77448,0.16067849
127571,0.09063715
51286,0.20765314
27171,0.14584847
110535,0.3741282
60542,0.007708107
46720,0.05698515
88052,0.017059024
11608,0.14201126
48036,0.32786795
91899,0.17347376
7821,0.042002242
113258,0.09001888
127151,0.21617587
56549,0.005311175
64329,0.022239929
1500,0.030732559
47706,0.2820392
46021,0.3124861
79201,0.7322546
46520,0.045070637
145032,0.016005646
112067,0.1329393
66590,0.014176444
10891,0.82247865
122839,0.041758355
62216,0.70432305
10179,0.32508263
145289,0.07550538
11674,0.058093343
16870,0.07579835
16702,0.026014572
140497,0.026013913
30003,0.09773463
32620,0.018065678
116154,0.01528704
136503,0.006500749
106232,0.0030287434
138863,0.07242592
27274,0.037412833
142609,0.1493634
68446,0.08536073
113909,0.118019275
42211,0.07899553
80091,0.016561594
124438,0.01802113
60330,0.021755354
42269,0.16062708
130446,0.6045157
106705,0.00692497
83224,0.6853403
108763,0.76372284
68184,0.05267315
12001,0.53171676
19149,0.31463712
47394,0.024667619
62860,0.13469143
120089,0.005275315
85612,0.54238653
87335,0.6085764
16727,0.059642013
17034,0.07245262
10768,0.3891284
32651,0.05756796
105221,0.17996223
118144,0.10005443
18043,0.46380308
69239,0.40083787
26870,0.05249801
94589,0.013997381
11543,0.11936332
60672,0.06259637
138825,0.12677662
131739,0.18951997
24543,0.008592026
34494,0.47575057
127803,0.23876165
55136,0.006130365
112479,0.6542601
129590,0.2857398
24478,0.24238493
55855,0.0078083263
88664,0.7639916
33568,0.48828816
78552,0.15161672
41554,0.22161083
16253,0.16928881
32444,0.25710046
66775,0.006524712
57007,0.09432987
66841,0.21325706
13882,0.34992564
52116,0.791101
46617,0.6281984
118740,0.06518614
82767,0.048072994
47587,0.8838728
91210,0.92384595
64901,0.32940292
30229,0.4323526
85316,0.065349996
54795,0.74547595
129226,0.47965327
140496,0.011674432
97660,0.11661513
10959,0.34459782
804,0.1396214
144158,0.095763534
122195,0.9721248
25428,0.50182146
28803,0.047811013
122106,0.9180316
24757,0.13541088
88420,0.38391286
68942,0.2426449
22619,0.094178796
27898,0.009816229
74031,0.030901983
142528,0.02078742
106601,0.0016576153
68281,0.060867287
49744,0.011259117
19965,0.29552743
115622,0.010618152
53515,0.038677566
73348,0.013049414
61719,0.008385832
96868,0.0015643396
79100,0.13405539
122515,0.12117517
140847,0.009147066
15882,0.27768523
119093,0.004325485
2224,0.1324631
35643,0.1705502
139416,0.026367256
20185,0.68981963
111041,0.42785618
96601,0.012819506
4083,0.16811217
143031,0.7314579
101394,0.6456299
125006,0.035477374
85884,0.5449404
135341,0.46348143
79270,0.14657652
126549,0.062040072
118258,0.00036174088
23297,0.07648818
130265,0.8041021
91791,0.6320269
94158,0.0029437265
66056,0.003961453
124690,0.10132027
105976,0.0034012448
108533,0.05884381
70759,0.30819714
128824,0.03694361
45176,0.04015378
2104,0.036233474
30096,0.0140352845
112164,0.9125558
140743,0.28087473
2000,0.026526049
24739,0.032671936
116799,0.44342333
32583,0.42761198
6356,0.030328248
12805,0.024098817
95594,0.037138294
114018,0.46805662
48809,0.9366629
75801,0.1110428
129389,0.14753471
22351,0.07760182
74539,0.03476283
18061,0.2333411
55065,0.5730799
129029,0.57022226
33999,0.43692178
52523,0.7844959
138762,0.011304194
102051,0.0013994324
134325,0.2869331
100600,0.044671956
137035,0.000683098
128329,0.97280675
40826,0.93844604
121749,0.9704515
71788,0.0058016297
46057,0.52762085
89941,0.39291212
21031,0.40666434
106096,0.023321502
70590,0.020981908
42513,0.19774064
90930,0.036903016
130576,0.004799249
69263,0.5214501
80304,0.5340477
70974,0.36030266
145255,0.11252544
32810,0.547795
5224,0.2913489
80268,0.006612244
65618,0.03419685
12534,0.07491938
73957,0.0044322857
111878,0.22531378
19357,0.027592946
86312,0.45157903
8292,0.8896607
16524,0.055297364
33657,0.04210736
77066,0.2580513
14356,0.031612497
89261,0.54000086
131023,0.60934496
85963,0.061526436
78558,0.045475308
117005,0.0052050035
88236,0.13113485
3977,0.020286292
24208,0.28518254
122461,0.8152468
104098,0.869642
84921,0.027288105
144778,0.0057003126
41559,0.15970618
83345,0.7559958
90905,0.066888236
24168,0.072571516
74623,0.23817621
127148,0.9750543
61302,0.019523574
4423,0.059451535
72012,0.04606684
39889,0.09320017
100421,0.2055256
1861,0.45135918
138804,0.33883908
75781,0.05127113
4636,0.44220456
138877,0.0082368655
106619,0.008674136
64822,0.04149653
102158,0.79708326
79572,0.052221913
113499,0.6399732
119972,0.8745881
123763,0.19404128
54270,0.052613936
144417,0.0032462042
82930,0.056358006
102729,0.37011254
58257,0.05774696
13620,0.06710579
128498,0.16598697
59379,0.0043247
47257,0.012387086
128764,0.014056105
71563,0.014915035
14517,0.019545931
135616,0.022883527
133864,0.26852196
22993,0.7849145
139361,0.12100288
49042,0.05562594
21700,0.75625026
5318,0.6783591
93634,0.011165363
131307,0.35330597
55235,0.009500464
36317,0.009789555
89196,0.062409014
92209,0.016774248
23812,0.24847016
11555,0.45096144
81026,0.011547694
50317,0.063464336
42755,0.024606025
34221,0.37620577
3952,0.017044751
33672,0.39403594
52784,0.09043061
91777,0.40457433
102583,0.0150733795
110733,0.11365969
13313,0.039594837
51083,0.11748505
136348,0.04386983
136221,0.011690095
66639,0.01029996
133607,0.7921215
135023,0.03371337
93755,0.10826476
16241,0.10382415
38562,0.030921036
107139,0.004024077
39109,0.13067077
106005,0.003933929
69945,0.19284348
77460,0.24182434
6214,0.022738531
140758,0.65566194
100554,0.5639469
49282,0.8053105
118088,0.20493725
89760,0.30603552
82793,0.0068621365
8559,0.0049089217
115862,0.39947596
25581,0.18509349
75242,0.723495
115822,0.009831481
87729,0.34415442
120058,0.055249788
59674,0.011742436
74335,0.02579479
72852,0.00071335875
14664,0.83208925
66637,0.08229063
25390,0.09950768
53074,0.20899504
81238,0.61626637
36568,0.048035026
8744,0.007908096
115523,0.94866765
80496,0.0040987553
33055,0.5254992
143581,0.0146372365
102874,0.071901895
122681,0.0048556686
114524,0.07821249
23253,0.8724084
82747,0.0147492485
51466,0.13196735
31411,0.7772349
139569,0.12224009
38473,0.13052958
134100,0.021093458
50732,0.03555258
33110,0.032120142
33424,0.3860915
28642,0.060214534
99714,0.181818
82940,0.962241
82814,0.01445448
102354,0.9081676
131113,0.13489433
60760,0.9414601
1811,0.0044525694
25768,0.015979242
128344,0.09838152
76017,0.050463412
97299,0.020496637
142923,0.12297766
32514,0.002474761
56220,0.22793901
124743,0.79322976
36971,0.010083773
66425,0.50371706
26549,0.008307768
140113,0.73662996
101413,0.01914612
111381,0.120870695
66188,0.43699634
78767,0.23324625
58290,0.4593347
93659,0.100345075
103979,0.013212056
64560,0.0058038197
144490,0.0029601832
31325,0.1164033
118078,0.04388387
51868,0.04479411
25622,0.025156433
6805,0.031593394
15886,0.46769607
111499,0.13180812
51438,0.030084467
94470,0.003868768
125123,0.2802603
125624,0.02414413
114831,0.0074313055
123409,0.4932124
61267,0.051159102
15254,0.33512047
57055,0.8363677
69348,0.01828033
4657,0.0015888951
36217,0.018946178
21520,0.30041575
23118,0.1306046
89367,0.035603102
18772,0.25559518
81245,0.68430144
49130,0.023892427
74277,0.12944871
90075,0.71331435
101621,0.3617746
4336,0.10761971
70585,0.78008115
57508,0.02171915
48655,0.32192343
72078,0.0048072697
144908,0.19799507
108787,0.3446444
138094,0.0011480455
122193,0.57220924
42523,0.34695867
120033,0.016783562
130384,0.0070628957
141825,0.23321585
65269,0.02693787
105332,0.079997495
120620,0.002316715
88408,0.24041541
33637,0.009126512
139755,0.29413286
113664,0.31738743
133260,0.02059835
44535,0.049705915
45341,0.81699675
142075,0.14142849
60056,0.4039926
68130,0.43221104
87362,0.92911464
16592,0.012624485
87124,0.027747143
114037,0.0283664
71403,0.12217015
40940,0.073588796
47691,0.09540241
140244,0.02074396
114891,0.44294092
142165,0.99083054
80464,0.014873175
51450,0.38659433
77909,0.03142111
21757,0.92158455
102539,0.6344789
61849,0.13265772
131484,0.028975114
113256,0.20423248
80519,0.007960661
23041,0.22411293
57074,0.23558024
94630,0.02860708
43475,0.49406797
113799,0.086837366
29136,0.10208187
53618,0.25094151
38669,0.008721199
26279,0.7034369
94226,0.0016109463
81979,0.18063745
113413,0.02809236
5174,0.1540694
38143,0.06504405
96107,0.022353977
48982,0.048521567
142028,0.10039056
90338,0.120433226
28511,0.04110725
48219,0.06150504
70328,0.7867934
74385,0.0055406215
5736,0.006429598
77692,0.6827619
135278,0.8225606
123674,0.025332194
38518,0.884579
38293,0.0037044326
105378,0.09366098
113345,0.016829798
114894,0.008042198
82846,0.6823872
33212,0.013664185
89439,0.20253216
106279,0.113588095
78885,0.0038903428
65290,0.038207956
68366,0.4306993
22493,0.029729888
109068,0.6123146
142034,0.061203167
69774,0.29405162
99763,0.0916626
115908,0.030671762
123106,0.07280252
54439,0.027344283
46745,0.03757727
115819,0.5117802
22919,0.12907162
42621,0.538708
130176,0.07065078
139566,0.11350962
28204,0.019723738
135291,0.07688873
24501,0.06920944
50545,0.13119292
50646,0.4223484
111700,0.070176356
67091,0.0071952185
15843,0.35171756
6451,0.7921976
14181,0.3532919
55863,0.26237908
37054,0.9420338
99152,0.40821597
133947,0.8816212
12995,0.056057747
118556,0.932102
116399,0.023209386
96471,0.5045281
41728,0.02819342
61561,0.06906472
6665,0.042034585
123809,0.022897393
26395,0.05406963
15316,0.0789937
85342,0.016073504
127368,0.06973933
38081,0.088701054
119979,0.07770308
34089,0.5395143
63784,0.16986181
123916,0.09721287
134692,0.31220052
36116,0.5024497
1572,0.02952163
119432,0.024618585
140361,0.28318027
46083,0.10195011
53153,0.80683106
51763,0.054847986
96038,0.06326587
110236,0.63924843
105935,0.002492914
33475,0.15553862
123725,0.015783383
135491,0.03869983
119266,0.9544455
7694,0.023422463
35178,0.10498173
85872,0.030191794
88346,0.489399
132365,0.8954563
139928,0.09587966
36487,0.4189949
94436,0.29386178
91894,0.054741926
56256,0.60614085
64921,0.04864677
102436,0.010556753
108896,0.034785133
2889,0.008817883
136014,0.03377026
73637,0.18791579
16096,0.08090293
82696,0.9412842
89291,0.07570657
94132,0.004048689
128293,0.14301115
108750,0.10735446
136336,0.0017951278
110388,0.06800286
31313,0.07321765
55551,0.061930075
108318,0.03964473
139308,0.26587906
78882,0.22895448
21325,0.06909546
96927,0.0066770604
115414,0.06573259
113279,0.028518625
131372,0.02274064
113208,0.64258623
77279,0.811991
29658,0.5486509
13565,0.16513138
2213,0.012240952
109209,0.8582352
106149,0.69791716
103963,0.0630877
53997,0.23439136
54402,0.6756146
24284,0.10111781
51505,0.35573933
21624,0.20344652
96180,0.6979831
112828,0.4704835
214,0.9003278
143974,0.20836139
138425,0.0073845675
125821,0.11394263
5534,0.5579021
23598,0.8791956
37156,0.061716083
56911,0.0078084343
57504,0.019818839
45922,0.0259311
99168,0.010915699
37727,0.05647386
137318,0.018318042
112310,0.11833485
24267,0.12032075
136738,0.0036567634
51924,0.56793183
137577,0.0043690456
118627,0.7291113
145267,0.6473445
70690,0.012290171
27843,0.17236865
57363,0.42441592
69606,0.08176174
93876,0.010528709
65307,0.36135995
30669,0.16788822
138659,0.0036174515
45666,0.20842418
42405,0.3934301
60057,0.7907287
144691,0.028306184
134684,0.015595247
121633,0.05100775
39804,0.28724483
4013,0.067374416
16886,0.15742204
59636,0.049290847
39591,0.036484346
87532,0.18298493
35224,0.11203691
107808,0.013752905
46566,0.41622666
133643,0.3802909
126781,0.026658209
95263,0.014197738
64523,0.43750075
125964,0.38117826
131693,0.08455651
84535,0.054585442
17269,0.11650762
21980,0.43573317
46634,0.12853748
26457,0.18693359
50834,0.17744066
61616,0.058183987
62546,0.08230477
47298,0.03692558
108871,0.0050774803
10342,0.005392032
117525,0.42756256
82770,0.006936565
109184,0.6148008
28502,0.03799063
47466,0.4144945
141100,0.46641633
26263,0.03668298
60576,0.022650123
107531,0.0009912957
36890,0.47144312
83513,0.51163
100499,0.08320058
84366,0.13495204
72107,0.050633322
102394,0.23879102
120985,0.11326119
69172,0.08808982
51620,0.03893344
36726,0.03514394
104852,0.04457498
33884,0.041266046
57423,0.06906184
144742,0.0072646486
88392,0.024964124
57933,0.028845701
47011,0.052586503
91450,0.14657143
59772,0.14498757
139090,0.007497055
9254,0.24416816
139279,0.96058863
76123,0.02386658
17797,0.13229501
21679,0.07558711
142803,0.0040184725
69187,0.17719296
95590,0.015200622
37814,0.040886994
113810,0.95818985
85295,0.55565375
71347,0.023965817
52707,0.3597688
92656,0.083757706
36038,0.33627594
65886,0.073416024
143208,0.00776652
90507,0.42015013
21093,0.01881788
65518,0.7917573
22052,0.88147855
111262,0.4498493
123605,0.023003306
93623,0.124631196
134925,0.0106521845
49296,0.10172133
12712,0.36390197
76988,0.32954314
144703,0.8814408
37975,0.026500149
14086,0.0071725613
69260,0.3306764
47740,0.03639702
95065,0.11444208
8567,0.0040279855
66490,0.09143756
12679,0.95462775
135034,0.2267183
78266,0.07438261
32232,0.12824534
92904,0.1274081
22769,0.55248684
92488,0.050593793
76111,0.273869
87908,0.26429462
35599,0.44901356
77812,0.7492916
74553,0.008307104
28419,0.10906562
108251,0.026685245
114733,0.015114025
113782,0.022194548
131193,0.22474372
66118,0.9884056
69699,0.5893752
104138,0.041789096
43868,0.27004623
16045,0.09298731
100974,0.28991473
81823,0.033161726
71859,0.0023930613
89489,0.027247628
42039,0.071814075
126341,0.44545683
55838,0.20310278
27999,0.027164903
15573,0.21338296
964,0.0031588194
15889,0.48187074
139717,0.9935582
123974,0.41836637
56123,0.0023160174
1033,0.43691424
41900,0.43300334
40268,0.016870717
130768,0.07803338
135766,0.13095355
49190,0.20247298
45231,0.05629397
113229,0.9777996
46993,0.8472526
140321,0.22725517
43980,0.15781322
118367,0.008102111
115751,0.00863465
33253,0.04210715
90937,0.1739697
38677,0.018240238
66144,0.011308874
98196,0.0043237847
40079,0.14257853
112532,0.30315754
137728,0.023605466
43487,0.043319315
130951,0.7787903
20195,0.08624267
9208,0.20353827
51771,0.024430193
45340,0.5358098
84400,0.00362903
144461,0.0015763891
98142,0.56956416
55373,0.43338165
143365,0.4278529
72002,0.009864716
39158,0.18279189
80714,0.6324738
33279,0.26584783
116080,0.009587902
13654,0.0078759575
134797,0.02395996
135376,0.34681115
74197,0.34037933
105572,0.0046479395
83451,0.011369312
86418,0.07499101
102454,0.014593141
18830,0.89677155
18297,0.037035815
144810,0.011468543
61024,0.02223428
82540,0.042238116
122598,0.001727577
34880,0.38867164
63864,0.08650146
103335,0.015080692
12054,0.9803947
7192,0.042122558
102200,0.39307407
8278,0.0050924057
68791,0.088612005
105502,0.10420758
29390,0.4921501
117676,0.011144072
31464,0.07787008
76075,0.88811314
111083,0.017451108
144625,0.004407271
116983,0.02017687
112730,0.2778161
8448,0.014464966
78251,0.36346468
52353,0.22466455
21681,0.55672497
31774,0.0071521928
98669,0.09016025
10597,0.073597096
127894,0.40039268
499,0.020856036
59580,0.053217236
140237,0.00886018
91084,0.2564071
19242,0.9343536
92161,0.12355748
143927,0.0038645184
14819,0.03120539
132168,0.01979688
107829,0.50596607
113254,0.93548167
10464,0.12115084
120294,0.9395556
138691,0.025436219
38585,0.18612911
100303,0.0071793655
87762,0.32148588
53154,0.42585996
134910,0.5759574
30403,0.7337695
141726,0.15876132
111485,0.22794962
106124,0.022463633
51397,0.114709206
40066,0.19803986
50830,0.023317756
57418,0.11156667
133556,0.5372474
25059,0.3568643
16302,0.03016603
87677,0.8832496
69793,0.12793888
44302,0.011574962
92427,0.62370557
62629,0.6324163
96290,0.012419878
107551,0.044156898
120998,0.67708457
118732,0.005288104
115085,0.006351302
63597,0.01217169
137691,0.0032642565
25386,0.93036747
103346,0.009276757
129803,0.9028288
125963,0.032003824
27658,0.0109179085
119229,0.8176456
87385,0.08051008
31703,0.033572864
73173,0.008629647
78369,0.026465736
57660,0.015215955
65101,0.072732255
113699,0.043019876
26411,0.8559658
126092,0.09391163
44180,0.048551857
17800,0.14960136
23679,0.8589692
59749,0.07931621
72287,0.00472902
10198,0.92325824
57899,0.3614847
78665,0.47161233
96668,0.8022156
64257,0.053520877
112700,0.02248787
136496,0.05056577
77957,0.36171
67986,0.5604924
85598,0.13565104
25672,0.17525777
125831,0.13460003
104570,0.0266354
102949,0.011583918
111599,0.20893966
116486,0.5138088
8267,0.033725355
2202,0.0108412765
113785,0.071381986
88343,0.56797016
106339,0.03433235
90109,0.58590376
2592,0.009543782
115284,0.003240499
95632,0.0017733872
20430,0.058516495
52154,0.10654212
118977,0.002099604
1350,0.025458978
135020,0.4211167
143513,0.008325249
103050,0.030707583
60139,0.2707141
57047,0.29849452
68030,0.088894494
86108,0.011693506
53941,0.10012985
90305,0.35051695
106056,0.005523722
113662,0.7526723
72029,0.08524238
79146,0.10915216
61018,0.031983532
78337,0.006691355
1539,0.8363716
19816,0.37349766
116409,0.008676441
133097,0.10902906
6257,0.120499775
30070,0.07290849
100683,0.4660085
49076,0.494221
86982,0.24456766
100653,0.012315869
9980,0.061690927
122719,0.5485512
27966,0.042104263
129110,0.021235738
32091,0.058906276
131230,0.39821824
97518,0.021228272
53726,0.8006641
69788,0.106815286
117559,0.15378736
33178,0.03114491
63041,0.18503197
51682,0.106995784
113955,0.42204887
5615,0.28662893
6178,0.0023103862
3288,0.11669937
47401,0.40726665
81325,0.0152304815
31210,0.948984
110367,0.022810074
48194,0.06641585
33826,0.21009852
13044,0.004207285
103759,0.020346144
52844,0.06868357
86052,0.080747984
144154,0.058851507
109828,0.31103697
11132,0.25855285
104249,0.038315296
64986,0.009016512
102157,0.981295
27381,0.03271315
117581,0.1849179
107774,0.00028210884
33635,0.06361059
22365,0.9747781
90310,0.11003581
88001,0.94528174
115639,0.010699883
63017,0.31218088
118068,0.021380318
36286,0.017429553
92150,0.15825674
83368,0.004017182
88821,0.005484614
93293,0.24369897
37399,0.2864308
41088,0.9150118
14901,0.17892815
14274,0.009829652
47221,0.043583862
81203,0.35494846
111626,0.01812674
77154,0.036568064
129774,0.8166124
33309,0.023724556
38266,0.0042389096
33256,0.015923291
123024,0.8385612
75144,0.73636526
59816,0.06970022
142383,0.024611691
21657,0.91568285
117865,0.29470393
19708,0.062406857
142465,0.0006163909
35107,0.0075219674
5708,0.054514986
7948,0.14584103
131163,0.3641096
130771,0.11595495
84528,0.018721694
135589,0.27692115
109708,0.048570603
116670,0.042216536
124227,0.029289218
140711,0.24521782
7820,0.04070806
140640,0.33823925
35601,0.5219823
94571,0.34288183
15277,0.49831986
19409,0.10131715
101814,0.7249235
36434,0.85612977
92287,0.0847888
114252,0.7521933
19775,0.025321743
32626,0.5775578
93268,0.9836378
64887,0.95031154
143743,0.86735857
7629,0.01642421
32432,0.041165356
127081,0.51199573
19864,0.10256851
101904,0.26973996
79537,0.020392902
36991,0.7174711
12400,0.008558202
99358,0.029754387
93684,0.86141694
130442,0.00904021
93164,0.1986843
9036,0.0022120082
122870,0.012994466
83704,0.19339901
15782,0.42088875
55129,0.24615361
35730,0.51172954
141879,0.029038351
47767,0.0070598596
126682,0.0045608217
118528,0.21750152
10650,0.04144808
142761,0.011481513
709,0.058131125
88830,0.014506988
136746,0.9457655
103567,0.012435462
1473,0.03178639
36486,0.22234006
112282,0.012952854
47262,0.38498986
1161,0.04068119
126806,0.05655737
36179,0.114470914
28623,0.012230302
8402,0.034555893
26627,0.061560094
4640,0.09487694
140319,0.39556062
87337,0.47908068
54405,0.33898458
111128,0.1810879
109791,0.2990892
140993,0.8622637
38840,0.015869725
53212,0.13174276
29362,0.9400575
118996,0.23337068
35460,0.14779626
69702,0.3658697
126847,0.038231954
103673,0.0015947282
71105,0.005405141
36365,0.073883265
42941,0.13094264
19342,0.8608199
103124,0.003466934
116315,0.0065093525
70931,0.008266847
8232,0.025247142
91558,0.04571803
107091,0.099099204
96736,0.39784646
59350,0.03802672
24849,0.09131063
72058,0.0051159593
80272,0.0065547377
20799,0.07042036
140234,0.006966846
105779,0.013562513
118235,0.1076167
22564,0.9610799
142331,0.9172284
79857,0.082944386
145049,0.018373173
114207,0.070614986
18763,0.17984399
72459,0.00071038766
103092,0.021905793
136030,0.088239096
119846,0.001960066
89322,0.32802483
96592,0.0022804737
69780,0.47706857
82874,0.2489774
96811,0.06251053
7970,0.004127842
46865,0.09309016
141035,0.03715232
58013,0.22787997
48664,0.07997059
43517,0.17731258
130441,0.020469686
104507,0.009369898
105417,0.08718826
16504,0.37819406
108332,0.34867862
22834,0.042723008
112887,0.07643515
41439,0.1598359
34212,0.019268086
9701,0.89697146
49521,0.028632378
93668,0.0965983
95611,0.0008686781
118913,0.9122021
11058,0.04563579
134944,0.19762054
40179,0.59059364
8865,0.3613259
37315,0.047640115
30687,0.31604555
63521,0.24057434
44607,0.03487108
39327,0.01598512
32191,0.0027721543
100373,0.09305569
76342,0.30133075
44326,0.16916123
56643,0.11846643
96210,0.08425936
72094,0.014975975
51376,0.0959442
128596,0.13097136
55737,0.74758726
130863,0.14615498
99887,0.29971194
65763,0.58992773
143963,0.9255105
105319,0.38832474
72125,0.019616203
99456,0.116969824
60477,0.25511792
66128,0.16546686
34897,0.7074378
119662,0.08641386
105269,0.19459899
37164,0.25732297
41294,0.2676194
48706,0.15061413
84810,0.009057695
40020,0.12323046
57858,0.9739826
126185,0.03384045
100686,0.025044272
96390,0.011897183
68247,0.30204588
31988,0.23075102
73814,0.04033335
14095,0.009114257
67473,0.068851784
35819,0.46351892
10304,0.23217392
119746,0.0007652777
60584,0.73517656
63602,0.15854862
65397,0.013906211
34039,0.90179086
14012,0.0051324917
123043,0.24029142
87345,0.034011383
95683,0.0077764736
12491,0.2425829
95932,0.036349114
73103,0.9778526
46774,0.0047344766
122915,0.002236415
124091,0.22981234
115277,0.008345279
144448,0.04736897
15471,0.2905925
111908,0.05264287
117360,0.03170713
115541,0.3102958
88082,0.037508145
106618,0.013841637
78995,0.3986695
134928,0.18051937
62358,0.36288148
76805,0.18324901
10021,0.08748187
28226,0.15287034
82258,0.5663566
8979,0.08425265
31043,0.040129207
83576,0.06607009
69080,0.469783
15979,0.08231595
72775,0.0024254103
8474,0.0042253635
3355,0.025673868
79648,0.88507825
104897,0.01091968
114575,0.046615824
79566,0.008594582
128736,0.9131296
105144,0.92975247
75850,0.69051975
11390,0.037333623
18957,0.19717273
60005,0.020103341
73239,0.66664773
108095,0.13053246
27363,0.09880097
67085,0.011798229
112800,0.060363274
89732,0.612738
88226,0.30237633
115576,0.10642124
89511,0.09030584
113463,0.098830685
53394,0.87940997
73677,0.003299208
10741,0.04181787
128883,0.22355948
111928,0.49384895
10694,0.056008745
123738,0.032342467
79948,0.9427065
82981,0.056952138
17149,0.12966688
58005,0.20638266
16514,0.105072856
126651,0.013307649
6611,0.015684454
27060,0.03369776
59309,0.0173936
62284,0.03058354
23164,0.50339085
111076,0.036196195
139047,0.0060603274
35742,0.6205226
69979,0.36388093
70293,0.015551911
114473,0.07512756
37268,0.3126041
84993,0.3662858
88143,0.032160334
133410,0.019308375
75552,0.2569621
135300,0.12745364
60071,0.027809579
1079,0.023394646
45315,0.19982862
136697,0.18032849
101659,0.99262565
46183,0.0069636106
107466,0.03902738
92003,0.14987974
489,0.069024324
35760,0.4286508
57931,0.05918936
14301,0.0381066
105056,0.0081171
27153,0.4565612
110179,0.45593402
14052,0.0057381764
94824,0.36543745
120362,0.8474364
53062,0.20632656
69889,0.045960624
56539,0.016986806
56587,0.25567403
141611,0.002844926
64294,0.0038342043
131250,0.018272646
24262,0.72590876
11751,0.031275056
134660,0.9242204
99366,0.0054786275
36011,0.34200537
53846,0.02288671
8450,0.035743378
96399,0.11215993
14118,0.037768032
119525,0.61971366
34607,0.18744443
97416,0.26176485
7766,0.048080754
109121,0.21715875
99014,0.009695786
130332,0.009911657
139373,0.036539264
86795,0.010164014
104845,0.21426387
138195,0.1499338
140888,0.0027821313
41545,0.22852325
112079,0.98617667
10435,0.21177484
125045,0.050985824
34457,0.008807903
134190,0.08501342
66428,0.07827357
17426,0.07592077
88696,0.18443094
16656,0.8665745
68857,0.334177
59334,0.015109746
46900,0.72156054
47534,0.0038870994
37736,0.011399359
100586,0.17279948
137427,0.0015643189
19928,0.034815356
86913,0.020598296
107881,0.034415808
6977,0.044297013
3728,0.1972342
39944,0.032136764
120888,0.0014430425
98978,0.018429367
29880,0.9718446
95171,0.010837509
143507,0.021789828
123061,0.9864659
88704,0.9652237
65396,0.10817637
25085,0.068928964
141734,0.16756432
127076,0.979965
45449,0.8884013
78852,0.024147777
9421,0.72548264
12067,0.13038334
19438,0.07938145
89055,0.29604888
90,0.040042575
7963,0.009708481
100336,0.114312775
67165,0.19017164
7865,0.073417634
84692,0.15702277
3129,0.09730511
138031,0.0042466028
28956,0.007209204
39577,0.045177728
129969,0.6488712
68063,0.19567296
34123,0.28483418
9567,0.539304
129,0.006753441
38176,0.29619178
41115,0.82212967
80862,0.24150026
137957,0.0085573755
94356,0.3887078
88140,0.16288331
28292,0.95315385
3936,0.05187156
145222,0.05119792
810,0.4450876
788,0.017234886
109521,0.359204
142866,0.0006608558
42111,0.061427295
109674,0.1962423
72312,0.02142966
135367,0.72012424
92397,0.4898502
1800,0.03654053
79327,0.82834375
106042,0.020091865
144802,0.0073721595
48045,0.044239793
73418,0.5216092
117422,0.010022911
99138,0.013099801
137009,0.0043416335
89688,0.6742667
88414,0.5235808
125451,0.020964839
37898,0.020073116
44291,0.010279187
45998,0.03869982
71449,0.0015921907
35837,0.016311832
119658,0.865872
137322,0.09413002
26861,0.19352819
23232,0.0726823
73858,0.037922747
101400,0.675807
75687,0.951407
77416,0.7171817
133255,0.9783771
127115,0.93990004
24419,0.33378637
6841,0.024871085
65879,0.9023925
6638,0.37714452
66694,0.004497628
75395,0.031098338
69418,0.2601548
141321,0.038518332
57850,0.09837182
41802,0.19843256
95383,0.0375286
101953,0.07877988
57314,0.014790389
8257,0.103352465
65340,0.08470555
42055,0.12720433
83975,0.6603923
70571,0.21732943
1816,0.0659485
142384,0.033892427
96671,0.036211427
55797,0.14849982
120999,0.9853098
17572,0.12132954
63902,0.636254
103411,0.7866801
131863,0.4087813
13657,0.020110533
110047,0.44604957
17030,0.025638817
51870,0.8365279
91477,0.09144279
71082,0.0009015778
69330,0.2597511
134233,0.072962
19528,0.5757357
42344,0.1695974
74970,0.018976545
32972,0.028269604
103049,0.06127517
125031,0.123875484
34591,0.2619366
51403,0.1093738
108453,0.0021029466
98760,0.049842674
145029,0.009777701
82822,0.31971344
124287,0.045359436
134690,0.030049736
88767,0.017855594
122442,0.0052123093
23717,0.5720046
12549,0.10218533
23344,0.85998356
75167,0.23105106
83480,0.0035046705
52347,0.7493204
23935,0.058329403
89546,0.14872633
12896,0.07167904
112520,0.9879282
81376,0.08014589
4846,0.047500752
51758,0.13159187
46584,0.011158578
127508,0.24607898
125366,0.13802497
4930,0.07171727
49997,0.07403938
88627,0.2921645
114815,0.011461426
117402,0.52357
44377,0.32317328
30322,0.017072175
47229,0.0024025377
84317,0.33050177
18489,0.08196859
24640,0.08884806
46698,0.9120012
100960,0.010276795
11943,0.16860783
59559,0.03113906
32093,0.032425955
124928,0.022737117
49527,0.021576064
22476,0.02875359
123791,0.04833255
75674,0.48409012
30878,0.6205692
105833,0.024337899
83739,0.7116333
107232,0.0033228176
16213,0.2724223
132834,0.14209183
6455,0.034858573
145274,0.045737725
143945,0.002911792
108016,0.019241394
69750,0.393236
100358,0.055500127
45219,0.05770822
75408,0.35071263
62362,0.8070068
106077,0.16453667
22137,0.023895597
84316,0.050181933
25149,0.044151135
129362,0.14246465
62777,0.29817152
134839,0.065256946
29509,0.068022616
12122,0.0130319595
71019,0.028953483
121556,0.060955387
67605,0.26286367
61982,0.24122015
130791,0.0076289857
34347,0.02061795
15900,0.16542599
102641,0.0009944713
54832,0.19973697
101470,0.8426258
136034,0.07610481
35660,0.079383194
83681,0.20232035
82659,0.65584683
97515,0.27150804
17724,0.15263297
110022,0.13955379
130966,0.143323
139963,0.708474
123181,0.032878194
141613,0.0018263932
53142,0.14016926
64942,0.023328291
90203,0.89527124
119427,0.00224159
1852,0.043308537
57350,0.4987781
101852,0.9176261
28367,0.011187564
69100,0.12790735
7493,0.023568962
52434,0.033830628
135935,0.92007643
27166,0.016767958
114797,0.9611246
62092,0.01955486
130669,0.0838614
22776,0.10717956
34904,0.5203169
46499,0.014539972
82092,0.26714018
105182,0.42727163
29144,0.46227854
120707,0.0063658957
76878,0.098043226
65314,0.96234703
79289,0.53341746
104168,0.11450937
82483,0.19798325
136049,0.040952463
83495,0.3244139
59366,0.19036545
6060,0.00757204
70703,0.0011821694
102358,0.11572106
36774,0.018896056
100529,0.06625658
138095,0.00032838352
103479,0.020523392
109386,0.060359024
131646,0.8947901
67043,0.061518207
39031,0.013155726
125991,0.017857233
136203,0.0053645857
75777,0.93998927
116278,0.011668585
25656,0.061822806
62130,0.14474829
107037,0.046291523
48542,0.057004344
92424,0.95949274
48125,0.49249116
42563,0.07180112
95428,0.14767353
7399,0.02952619
78340,0.9723341
93820,0.036032066
20649,0.2517241
131525,0.05034055
140834,0.002250407
101956,0.20387895
5331,0.08241473
56464,0.17381875
6492,0.014651851
94817,0.034584824
76995,0.08219042
96615,0.06057083
81371,0.005402722
72974,0.00068188267
55963,0.24309811
105516,0.0064799297
129052,0.2989819
124103,0.7602846
55208,0.35636607
53064,0.7493535
93878,0.048797455
53209,0.67496336
118313,0.0014210152
110361,0.05429283
94858,0.0023135648
36733,0.10297269
80674,0.00564653
1923,0.32084227
43507,0.81742734
97036,0.9188498
1135,0.04530504
47163,0.02443342
107593,0.022737563
97398,0.30509317
140932,0.045253806
48083,0.06440794
92646,0.0618666
85102,0.09106775
62037,0.18400888
56855,0.0081021795
44202,0.18469808
108358,0.0036631306
136259,0.0022366778
57672,0.066988796
33422,0.74754184
4069,0.78494
104487,0.8396725
52103,0.098711014
122878,0.007884267
73714,0.0057775476
124642,0.075804144
65865,0.10392782
85660,0.34093907
58428,0.1280086
44703,0.0753696
41963,0.1250386
93453,0.004923473
89798,0.6280559
68705,0.49082956
95464,0.09076088
26693,0.06406233
133472,0.08639383
108450,0.010412145
60260,0.03997646
35963,0.042242534
36963,0.0075076176
134168,0.028450988
18731,0.09112349
144765,0.007979222
5909,0.0936353
98954,0.012494388
82217,0.23369822
93857,0.028765462
119235,0.0027706323
59238,0.012841973
87315,0.23600695
55564,0.7812077
95807,0.65740246
32762,0.18766616
84015,0.76418483
63003,0.1503829
77881,0.066627674
55997,0.16637136
135099,0.2268418
2245,0.15380754
135524,0.8454445
42567,0.22982599
54066,0.09766534
35228,0.008184735
28830,0.011540463
60880,0.17587203
38615,0.12447615
5367,0.031897116
125920,0.01458521
103616,0.00051935884
82228,0.8602013
81798,0.16782904
62110,0.111137114
85949,0.19495769
18295,0.041789833
86147,0.0031300562
48691,0.051364254
44107,0.023459118
67794,0.34824792
115097,0.123116575
41195,0.2585477
78639,0.32478267
135811,0.03534221
66755,0.65508085
68842,0.57711846
15325,0.04395321
714,0.3195013
91843,0.4509022
33587,0.7811583
53939,0.07673178
8614,0.017300516
80370,0.05649071
92158,0.17388245
112639,0.11604121
54894,0.033693794
14078,0.0010691906
111834,0.9896187
77579,0.92665017
116608,0.65209484
63358,0.13543849
92390,0.33315226
16950,0.2993454
10037,0.43229935
29010,0.12424213
141528,0.0019442359
127074,0.49464026
75566,0.33152762
76928,0.92597073
141945,0.0015942537
128005,0.32104674
54002,0.17695603
45765,0.36090833
76986,0.4979082
134021,0.15253796
58989,0.013399744
30836,0.15189862
115049,0.0019240481
351,0.13836816
111458,0.09125642
59006,0.71389383
18272,0.049644504
117864,0.3347681
97898,0.0412005
100218,0.0172331
65969,0.0034140425
95483,0.5603291
36667,0.049238227
87218,0.35252455
71550,0.009815659
63532,0.034255035
38623,0.7580463
38506,0.0022497633
99489,0.0034296073
83084,0.09193488
58586,0.005170799
131217,0.22079797
76732,0.12324176
107431,0.00941975
101398,0.0132826725
42010,0.9837389
93162,0.46733597
64474,0.010655144
27470,0.05528832
122341,0.340214
130310,0.3563023
13155,0.35536528
124587,0.033960585
121774,0.00049039134
92297,0.06519697
81609,0.7225979
65893,0.03107795
46369,0.025315553
93447,0.011283668
101000,0.22317398
130810,0.21954621
92467,0.6658105
61009,0.015624929
126623,0.025602343
133245,0.36440462
103660,0.020992937
70337,0.11595742
73620,0.026241833
17406,0.43653306
123903,0.116631255
95533,0.0024332209
78722,0.030697744
40812,0.11600892
100237,0.7155722
5449,0.609416
74074,0.034314457
98312,0.015939007
118895,0.0021715455
42802,0.03803633
143011,0.008902178
144513,0.06908155
82873,0.28448057
95585,0.0033007732
139274,0.64252764
119049,0.004711254
58387,0.19549991
143108,0.0007576232
132169,0.90172434
124978,0.027897917
33874,0.210308
39504,0.08702556
29359,0.7023749
110436,0.21333554
108747,0.19954808
77638,0.20983629
145432,0.005866551
93959,0.24408528
50598,0.02803389
42571,0.88405454
63440,0.03360231
122062,0.016924059
125269,0.9246839
59602,0.036891688
53960,0.64798534
81057,0.20836164
5179,0.0580832
59549,0.1990862
100915,0.26873365
22740,0.07806288
67938,0.029367309
138265,0.016510855
130034,0.013786292
26527,0.09381643
42993,0.12501173
14500,0.004103673
100804,0.89159936
119489,0.100277506
84568,0.091356546
23845,0.06277483
92069,0.21685146
113129,0.14949702
101247,0.14489251
61995,0.81009203
16104,0.071061596
88810,0.23295014
103447,0.3246742
89805,0.8439949
21213,0.40597227
47041,0.08920173
38095,0.07894705
40229,0.012349138
50889,0.38698146
44287,0.06779359
129971,0.07914578
101134,0.5560185
65042,0.028276216
52933,0.018334057
135862,0.1987019
128219,0.113991685
132005,0.2669018
36696,0.00736894
51494,0.017497668
90169,0.38541406
112443,0.06717318
67939,0.017450249
98175,0.003458534
102403,0.039218035
28066,0.038507015
100717,0.004698343
144438,0.009338683
66922,0.12960596
109677,0.047973968
54844,0.66698235
83382,0.0029108285
129520,0.9664964
59814,0.17940734
74592,0.06271083
82828,0.29154786
96888,0.009126474
49054,0.07196129
120192,0.000706021
61821,0.00512076
32142,0.987092
44397,0.61905503
16987,0.14177418
141919,0.06596933
12173,0.010158418
36852,0.031008387
15002,0.03006842
13241,0.06543589
47065,0.058826182
90595,0.17242101
114079,0.05840273
79702,0.0040748334
17924,0.27635586
114150,0.08842193
24673,0.1148189
61137,0.011122668
61079,0.056261484
115940,0.2809714
68914,0.36807886
52059,0.020166777
57189,0.08936983
84090,0.1224959
62729,0.30075517
27900,0.9552722
115898,0.9280037
57619,0.0077172704
73479,0.18795562
135532,0.048265543
110426,0.34953454
62164,0.49384585
78551,0.14207394
92217,0.03231287
48621,0.17605843
78615,0.14166392
47437,0.03670036
134533,0.01552772
28298,0.13332598
7960,0.3756284
110751,0.0049587926
134975,0.15087001
145269,0.21495542
82515,0.1432673
60726,0.042796392
71941,0.010349777
17497,0.21468121
22985,0.22889122
117234,0.32523903
97733,0.44332978
4060,0.42890316
65149,0.12825675
42035,0.16189113
86054,0.011831509
14777,0.04537608
41269,0.79274786
99226,0.05423148
117601,0.033440117
72977,0.006538447
62826,0.09524032
73842,0.04813802
132714,0.36958063
73624,0.044547744
29072,0.039330665
56137,0.05159368
90668,0.5861967
125287,0.034149848
24589,0.30283564
65084,0.1554697
121167,0.0015472207
28675,0.06609134
64307,0.8970412
64977,0.0887715
1326,0.84032744
60204,0.015268124
32550,0.01770738
133261,0.31848148
22836,0.079495594
142781,0.015133542
67722,0.038918093
38550,0.006204867
43079,0.13162743
95657,0.07213378
2759,0.412556
25890,0.37634352
87997,0.6719196
125669,0.064073406
109439,0.5940834
111357,0.5349825
3712,0.051330008
187,0.085795425
26702,0.16439922
16076,0.34531894
58200,0.0023766966
2190,0.22517662
34787,0.062211066
144879,0.0021812401
4948,0.10705938
9321,0.029425202
78986,0.9294621
54764,0.9623939
130558,0.02022252
80786,0.12075438
40281,0.14465053
22545,0.18203107
103654,0.93122554
3743,0.4134868
52962,0.17705499
83268,0.456966
56252,0.017304724
1645,0.16668016
143769,0.4871009
97471,0.02703568
115640,0.044371735
120706,0.0010087711
88712,0.03696775
119639,0.018623479
19058,0.09421237
145103,0.05024332
139229,0.08142831
98863,0.29518905
33333,0.113407984
48301,0.014753455
53196,0.17655706
89740,0.4804636
77068,0.11749367
21806,0.65228266
2506,0.040357266
131495,0.007748802
69674,0.27079132
4445,0.004249423
34428,0.22322932
138710,0.10841273
887,0.38657168
25489,0.04399191
136050,0.1656825
74429,0.006514143
13641,0.03422446
68350,0.17524235
56727,0.20783937
62011,0.06309279
22275,0.9126273
130932,0.22638237
5212,0.8886243
2098,0.037725132
52835,0.95950556
106831,0.00858907
21568,0.058345307
94863,0.00354196
109712,0.054991532
49826,0.9018452
111080,0.22103451
19162,0.16281512
48727,0.98493016
60223,0.00690427
118653,0.0036498792
56446,0.33305627
92549,0.74770015
72705,0.008298392
130028,0.031403758
21331,0.07030343
23693,0.26459295
138332,0.003718872
45675,0.054445364
135875,0.07779232
27304,0.01685264
30424,0.89490396
50789,0.09285152
101154,0.12097009
28495,0.028659983
139791,0.051685438
61894,0.03300492
121990,0.025807025
47346,0.27869272
94055,0.32236245
11627,0.20128764
20074,0.18029834
1431,0.13264315
124778,0.076407745
16201,0.38833317
15559,0.28874952
115929,0.7445754
133553,0.1097119
34629,0.14220183
58486,0.004409458
83996,0.14440376
29499,0.014329169
126670,0.015759809
79887,0.008433333
80815,0.047820684
134433,0.9610503
23354,0.20224194
5814,0.013546458
120904,0.2127545
16421,0.19767387
95048,0.050817464
20352,0.054543052
62912,0.007252475
93942,0.08505684
14968,0.049365554
105254,0.079474956
62748,0.04009057
37688,0.045331776
122436,0.95762366
7078,0.0917853
13124,0.26937884
35418,0.39790878
71643,0.014681344
89428,0.0953376
134487,0.09397712
67048,0.014590933
76116,0.054263957
121834,0.4136001
46913,0.08762474
1,0.039063808
68535,0.08227958
116739,0.05494644
24615,0.03548026
14992,0.059452344
91409,0.1599717
73379,0.0013941919
52868,0.04444928
62883,0.13167351
100922,0.11276645
124286,0.103795275
133365,0.6570868
71060,0.42812514
128527,0.97144496
114426,0.026449624
22885,0.10929762
26311,0.18676482
31895,0.40481
40422,0.1682538
47167,0.28913718
54367,0.070578426
12979,0.007915675
47501,0.02687443
116783,0.050376784
48758,0.862962
13754,0.45549533
49882,0.1637013
40933,0.23015659
12969,0.011238863
44318,0.082584016
39258,0.9858802
10067,0.063365534
108402,0.40806836
121519,0.00027476466
80570,0.045524012
59170,0.3564459
28115,0.0071376646
59525,0.045669135
44480,0.11372504
98841,0.2825464
9207,0.7394095
89559,0.027562276
34902,0.039915606
67829,0.08001209
38018,0.026072718
2990,0.052157387
61689,0.021635365
53602,0.19407755
139535,0.037305262
77177,0.6308411
114910,0.00876265
112748,0.08559318
10119,0.27701718
53700,0.8437614
52127,0.16323906
144665,0.030817918
69438,0.44963586
58839,0.040140696
106543,0.019424893
68995,0.20669343
36118,0.11786629
79760,0.6283214
126249,0.01555527
53310,0.14922874
83317,0.2731147
33811,0.11336383
43987,0.16139407
52949,0.09660953
88443,0.47822338
125662,0.05266038
124150,0.0394118
36085,0.21062979
133652,0.22525094
14668,0.014696948
106982,0.002680152
62171,0.028954046
129064,0.025221648
16300,0.25290108
66727,0.29809496
57402,0.6982415
81610,0.9831338
105526,0.3446459
2827,0.02752632
114494,0.050952505
88730,0.4799295
40250,0.024296131
102180,0.8893621
19298,0.026467206
27955,0.24806537
120992,0.7880306
16299,0.07755762
96212,0.9604707
136822,0.014420638
79006,0.7219435
82126,0.97795755
22729,0.12798078
77421,0.011223956
98242,0.32743376
77786,0.79981005
67484,0.14046845
110154,0.06673717
123367,0.091739856
107960,0.010485949
129857,0.17492302
43231,0.45840767
3762,0.1355813
85827,0.010294144
47944,0.28226358
37524,0.020550711
115588,0.5782572
143682,0.11858047
21137,0.24385506
38682,0.042473484
94834,0.057492465
133278,0.5312525
136300,0.00271124
119854,0.53950447
67827,0.24692668
73809,0.12027873
50311,0.1241906
34462,0.16023034
51918,0.5003732
145354,0.030879619
98703,0.022210967
120482,0.001520198
13712,0.001478499
122109,0.0062014833
107329,0.0004061898
55298,0.18790223
6078,0.008376725
29589,0.03913658
87104,0.42622572
118388,0.79062134
89506,0.06682203
70105,0.36127937
85508,0.0015699398
102584,0.02304181
108800,0.77328056
112869,0.34218535
5115,0.70197755
5749,0.019705214
66362,0.014204615
36083,0.15666905
64923,0.009658733
34530,0.32426783
141047,0.97071767
105801,0.01584734
74213,0.47530493
119881,0.006251666
67070,0.13195081
85962,0.366964
139452,0.008247108
11911,0.5191882
136905,0.9852903
137621,0.014094273
131857,0.25201818
10046,0.89163315
4158,0.057175256
308,0.21782827
100800,0.5060821
138131,0.00035860925
91865,0.03274792
82240,0.59590197
122381,0.014409689
39836,0.77013385
72454,0.32742
145310,0.2219614
65504,0.073190674
39015,0.008835675
77543,0.88444555
32746,0.13929144
58180,0.05670669
91440,0.74971515
21469,0.010872596
136975,0.028731687
145011,0.0010866703
54485,0.18013912
85126,0.7997227
106796,0.026291458
30228,0.23889093
144485,0.0054229633
11297,0.9341794
125010,0.030853374
76830,0.62915635
113993,0.04126026
14983,0.14320153
6210,0.011643459
60184,0.019851968
133426,0.029604377
38944,0.0055003464
75607,0.47071677
140222,0.0033070713
133810,0.06886635
28917,0.013853104
576,0.2069268
14525,0.70041215
81102,0.31881458
94887,0.05286201
102498,0.50850594
141633,0.011349996
2349,0.08207218
105041,0.12237162
96347,0.42950985
125382,0.1617
30831,0.15350954
60312,0.049370278
112875,0.10720395
75256,0.40982512
136275,0.0026194595
53181,0.19413419
80542,0.09188649
53730,0.2384513
136008,0.8673986
136802,0.011392891
133628,0.021753635
62567,0.11583247
102959,0.23510557
94268,0.0020437934
9058,0.041362155
73015,0.17516772
20303,0.3206429
37190,0.9233269
27066,0.92327654
118608,0.035782527
114881,0.30382788
43652,0.19853695
141328,0.0755968
127880,0.26394162
51391,0.90196943
106850,0.00029926893
44173,0.12054039
72059,0.06509187
31496,0.21331988
20426,0.061931327
120801,0.518467
88472,0.04859863
104763,0.35333654
36738,0.0893243
99587,0.0116750095
132770,0.09752959
38846,0.5134497
132521,0.19783296
119859,0.0048345556
91703,0.8362537
18796,0.15389667
128218,0.3216976
84544,0.6569203
81237,0.9098004
138685,0.0007070117
90021,0.34251317
133688,0.03530624
113119,0.94056135
132818,0.31110817
85975,0.17331727
64719,0.25238675
9361,0.019414278
36996,0.010248254
94482,0.07084641
107702,0.0011994524
87750,0.064377345
100677,0.010033614
45076,0.3188128
83684,0.016852608
93610,0.006654416
124487,0.011883138
103946,0.007861366
84089,0.10744403
74630,0.955282
42642,0.12252319
15408,0.13931464
15451,0.55758405
139533,0.016154123
121347,0.002860915
136173,0.044815376
80623,0.008146684
24388,0.014273056
67614,0.031181045
479,0.011827295
143118,0.004765895
142385,0.066376634
15201,0.86225545
36240,0.17631637
85075,0.21616654
5825,0.07060508
69493,0.15067054
43645,0.030415887
58630,0.030356953
71418,0.017194074
87770,0.55565816
80818,0.8020798
74003,0.05020103
94494,0.9379795
18575,0.048958942
87842,0.087434694
129674,0.3150308
144969,0.032671433
99066,0.049380887
111769,0.81374156
27959,0.033592742
70214,0.3834542
2443,0.40785003
37901,0.008633074
120725,0.9875573
8960,0.25632957
29763,0.676558
19180,0.04812465
91396,0.15767801
44033,0.07406521
143059,0.2391714
8396,0.5268577
90786,0.09659437
44121,0.1068102
94067,0.15114842
124969,0.10912153
114808,0.25401956
112704,0.10353603
65446,0.0349001
60985,0.008180691
97318,0.020523163
8812,0.13271786
5068,0.010288024
50069,0.07862918
112973,0.17605348
93654,0.08047928
27192,0.04102685
23112,0.045864854
85340,0.2004702
93620,0.007869544
39618,0.039511275
114584,0.98464334
67189,0.054112542
28059,0.017238125
29370,0.107869454
61377,0.26760414
99182,0.13597478
36207,0.10522356
75190,0.52224225
125790,0.7069702
1220,0.02947988
13110,0.26503444
77344,0.07267766
29858,0.019780735
6217,0.017810954
145443,0.0063266223
26338,0.02289959
138509,0.020316383
68178,0.020008378
119037,0.37713042
91423,0.3688436
13757,0.011626104
30947,0.25847328
137717,0.0050493795
91262,0.243211
139366,0.9165746
129086,0.47177315
41078,0.21907857
30970,0.49860168
64614,0.8069851
75038,0.09837993
12348,0.0020485655
21050,0.040039614
62524,0.010253692
15767,0.20247357
11178,0.1656472
127722,0.023803828
108208,0.011377123
100381,0.023714116
55169,0.027023692
28212,0.940848
13463,0.045028765
19691,0.03656939
54225,0.050444633
100372,0.5695367
47204,0.06874988
19891,0.14294274
72020,0.07625248
65262,0.00802547
121662,0.9509712
20887,0.014608611
131143,0.007643895
134222,0.18220994
115895,0.015051059
13552,0.0032461425
127702,0.87413067
14640,0.01862028
6975,0.011787036
21823,0.0857497
23636,0.6818654
137497,0.46526507
31671,0.03958403
85324,0.16951208
112930,0.39484066
58816,0.032976307
48149,0.070223235
109031,0.08239184
121060,0.1425422
143398,0.106864735
2533,0.044994228
121190,0.0032676777
69046,0.5793506
67791,0.89036804
115264,0.001068208
55673,0.52354956
59686,0.105208494
41725,0.030839618
128697,0.51304144
28922,0.49192512
24909,0.06810031
19736,0.070690766
53279,0.45145422
75191,0.9088717
10985,0.04924853
71473,0.00022917762
56083,0.033194825
50117,0.009831796
96182,0.44865867
106434,0.036825992
127474,0.15410405
25585,0.9659402
123429,0.046254843
64467,0.05504325
111589,0.3519347
90291,0.03113443
95861,0.288972
78451,0.34083727
48893,0.14090185
73273,0.03938373
50958,0.029754188
27825,0.029993504
45545,0.15514898
131032,0.44597122
78140,0.001583363
64842,0.9115888
32428,0.14578533
14965,0.040933825
116488,0.22102822
55630,0.068151094
49890,0.025218865
37072,0.016299542
25884,0.018514814
37051,0.04768969
48943,0.010959309
54872,0.1649791
8547,0.066998735
68664,0.34847915
104567,0.01727984
48819,0.06558096
77942,0.1198512
5004,0.020481179
135105,0.017911095
105560,0.06779454
12743,0.04328146
119083,0.004116776
57527,0.007856149
41777,0.15527773
95338,0.0033834598
7014,0.006178465
38785,0.009253698
62948,0.013187567
8552,0.049505927
62228,0.15878221
986,0.29194966
77345,0.18531471
37452,0.23628652
14957,0.17267326
116790,0.00512833
140020,0.7085413
93647,0.03516131
42499,0.25169316
110086,0.6096712
134105,0.118599996
61433,0.6019003
32695,0.32900324
114449,0.68738246
50196,0.029615996
33278,0.06837568
51660,0.09909684
45896,0.03938715
105985,0.51672554
138614,0.00079183595
131738,0.5450672
23936,0.068300396
93200,0.33777535
108793,0.92290986
29475,0.027404835
103547,0.8884721
142880,0.005268481
14107,0.032752506
27091,0.30650032
50822,0.020259205
1037,0.1348662
89619,0.023426909
47335,0.1915367
25688,0.10749431
116570,0.06525145
85617,0.99320626
56696,0.0052049686
12388,0.012359524
123340,0.079109766
82786,0.10375787
134429,0.021252276
103629,0.007784141
134835,0.010290025
28643,0.019710604
31269,0.16250372
72267,0.026463613
96540,0.023849411
8920,0.01596345
12617,0.023230718
44285,0.022058891
106901,0.0016435471
48603,0.1075881
19459,0.21420376
76266,0.80087924
123182,0.0062864698
21915,0.08548124
62658,0.43717545
138151,0.0038404218
46329,0.024532547
95640,0.0018198427
89340,0.9604692
84867,0.035291813
128249,0.11777011
136188,0.0015561027
39677,0.31169268
96646,0.3661056
80334,0.24959338
66734,0.04221109
68825,0.087795384
143425,0.037762713
90380,0.040894005
113874,0.1665396
51569,0.18166763
36130,0.08851799
97710,0.014295056
93770,0.42783853
80930,0.01319283
109989,0.16291551
120817,0.0032382973
49194,0.12519217
18006,0.18146099
32249,0.47559297
89288,0.04386261
120834,0.053200275
94269,0.0042126006
40855,0.07460225
144730,0.022091588
120444,0.0017509608
123964,0.06857376
952,0.5526256
118981,0.90117836
91313,0.5208609
117984,0.050945625
99036,0.0058240085
125878,0.27097
123580,0.022058547
47811,0.7401246
26505,0.021992559
94993,0.083715424
23421,0.3645138
41347,0.123920225
135018,0.05333088
133377,0.03797311
127625,0.20317504
27541,0.008550332
114614,0.18631028
58254,0.039089035
88223,0.99022317
144431,0.008741817
34431,0.015503975
105902,0.0021483789
67879,0.50528544
54168,0.9239894
124338,0.7886493
130425,0.00481191
80160,0.020309152
55280,0.07977897
102579,0.00022502594
62641,0.6693931
105543,0.0063661127
17418,0.053680982
11734,0.0375388
13109,0.3037793
96904,0.4856852
32818,0.30777648
62415,0.09312292
73389,0.016571064
36643,0.96245337
67642,0.041423507
12775,0.07467709
76570,0.74340045
12825,0.19324486
17700,0.12187172
8115,0.012617076
84545,0.9673671
48284,0.9059016
34413,0.02552
64364,0.08727797
24024,0.215632
73692,0.003318459
36917,0.045520958
35427,0.050997816
55155,0.25199497
129421,0.82218194
53699,0.73157144
142171,0.89707536
145194,0.051742308
52989,0.05869554
96199,0.5342735
18414,0.09932745
122498,0.05770285
116704,0.0033744196
4625,0.015511059
140300,0.32253963
2087,0.09047224
84970,0.089485176
27698,0.017760921
10239,0.09931576
33390,0.1097641
80032,0.029029796
2725,0.011724301
74886,0.032770872
97760,0.23140799
128539,0.033386968
3677,0.0937441
41532,0.039937824
93621,0.046144634
133571,0.16062628
4271,0.14283867
64783,0.77706367
103562,0.12782224
99063,0.12162378
49979,0.07237708
126616,0.0042759567
55931,0.907485
25401,0.91611457
86234,0.16295996
82372,0.25266892
113306,0.034794994
111668,0.04022742
20161,0.38692412
143835,0.023279045
106632,0.000845643
123221,0.06414552
467,0.0023427156
78714,0.8042209
59586,0.25841197
122554,0.003728189
122817,0.01530121
63008,0.04367209
5216,0.15479404
45790,0.028158983
32170,0.040476955
80158,0.08146841
102085,0.068428636
5429,0.17734668
32596,0.070505016
71255,0.029843256
136719,0.6347388
91904,0.080923624
122316,0.8923256
63338,0.34967014
86359,0.09201593
109451,0.7704592
132942,0.068934046
20525,0.04975462
41000,0.08247252
46373,0.923212
64036,0.06255081
37990,0.07419099
57032,0.52922785
92428,0.4678743
43120,0.44664413
16112,0.3228077
96861,0.51586026
127908,0.08020256
23036,0.51399505
100880,0.39155513
56498,0.9241283
85010,0.9625202
40389,0.9703564
67154,0.010637877
22274,0.72209126
6453,0.37532496
24684,0.04488763
37652,0.69648516
53413,0.051602572
35205,0.07308202
106268,0.32773533
53922,0.103935905
129114,0.2774824
6348,0.98179275
28517,0.76041424
143786,0.3179213
65433,0.8924822
49863,0.5671334
43468,0.029650727
61060,0.025124697
16048,0.053609163
37033,0.005886175
117834,0.024666449
40873,0.06558691
46237,0.7546367
115888,0.009085622
2321,0.045030806
138742,0.007567423
138951,0.028088504
110044,0.27604887
51899,0.5077964
39854,0.16103524
132967,0.70717186
79971,0.2794414
77221,0.7389228
138228,0.047568124
4216,0.08079717
23978,0.08725437
12458,0.014718971
128222,0.2314745
49851,0.069663085
67747,0.0037093
139256,0.4453979
53235,0.28617808
38856,0.23238671
30955,0.04373321
49816,0.10926646
69256,0.11794051
138540,0.007919515
85466,0.00872783
27059,0.16977774
45626,0.02992284
101464,0.15323503
35770,0.058603466
117989,0.016527293
78221,0.583216
8237,0.0032113227
100836,0.618371
97177,0.006443644
42536,0.56787634
53606,0.043042004
74466,0.07944285
36232,0.095257476
42570,0.39702734
90680,0.12478276
16462,0.026888806
84395,0.064937524
5265,0.61643577
86040,0.016081976
118929,0.10230099
125629,0.022575382
12483,0.019362738
86421,0.004594352
59911,0.49921682
41825,0.10300555
20267,0.54798573
97844,0.040422138
135945,0.11562493
43597,0.072496735
124996,0.022410184
51890,0.07082166
44762,0.3602538
89540,0.42289543
121815,0.0016166253
107921,0.01327021
46891,0.0152315395
106980,0.023023559
8043,0.009247441
10190,0.31245995
15655,0.32730466
33506,0.6183543
89215,0.028770786
67133,0.054177687
89238,0.058929794
110208,0.5468513
53280,0.40687364
29220,0.0823649
101487,0.4816166
126264,0.69814855
116375,0.00063514826
7215,0.0007943802
105940,0.010532131
1344,0.057326663
139426,0.018519603
14239,0.3606445
134143,0.056398164
25094,0.14093293
81375,0.83251125
112598,0.55228055
17704,0.2437356
27296,0.028977113
102239,0.04577091
80050,0.6144877
70304,0.024815515
90675,0.32069147
34383,0.7954623
64291,0.10791044
52923,0.04896405
105083,0.0028559188
122055,0.5766139
80712,0.51903874
16063,0.028331848
58869,0.9182402
143570,0.00554998
117517,0.015909497
59529,0.02163584
10724,0.11770589
22205,0.13497925
118024,0.0044851517
112035,0.034954585
134338,0.022454295
95310,0.011662213
133633,0.021713791
107571,0.00862802
91649,0.350588
98770,0.027946334
89208,0.002007879
120183,0.22674546
29062,0.044794377
97054,0.009876194
109972,0.08120575
84237,0.23242624
119406,0.021487577
51344,0.0029402757
94083,0.38126418
63627,0.049784467
80480,0.14626017
9918,0.05464966
45035,0.8225658
34189,0.35433105
145251,0.0026102779
52512,0.21866716
110212,0.9453076
14056,0.033719886
115553,0.7699901
140611,0.041515265
22685,0.04544187
73622,0.17949595
94546,0.0055553936
138051,0.001651953
82009,0.40856415
114628,0.0048682927
66299,0.009097877
130833,0.34253225
142381,0.034953628
102106,0.06004631
44987,0.8472747
54470,0.072800934
5753,0.9654169
73568,0.49320233
116508,0.35027605
112242,0.018518358
50539,0.057361115
76756,0.10944782
114120,0.05480914
44617,0.06404692
70576,0.38915673
141402,0.9536947
69690,0.2828988
11082,0.46907383
134748,0.003907497
96818,0.0027099226
135095,0.05561593
126434,0.16210899
25892,0.06657055
1301,0.0053636497
95474,0.12506655
123906,0.08810389
144451,0.0016596935
73141,0.19387054
5211,0.09512102
62235,0.33471125
43610,0.20606945
16790,0.033882085
101516,0.9101531
56511,0.062693074
57474,0.14582746
8765,0.016133765
136459,0.55302113
61831,0.0020857847
142445,0.0044449833
108267,0.013455781
48517,0.034866836
15762,0.20795965
3201,0.029281624
80188,0.90500194
51850,0.04300382
104790,0.06719109
94951,0.0042221327
96154,0.44431308
37860,0.06074204
60215,0.76011956
16290,0.20824814
68023,0.013603376
51419,0.15593334
91606,0.030790685
77309,0.17908743
60359,0.12198817
124783,0.02202872
105613,0.003920061
56955,0.019398658
140921,0.04216656
113744,0.017749678
57653,0.009051358
43046,0.057573143
122777,0.017949542
27324,0.07026657
123374,0.10268343
128261,0.12096143
122724,0.0028485318
120177,0.15832567
38069,0.10452926
39302,0.086560085
54413,0.3310262
17720,0.14209306
104678,0.0382048
45665,0.01031449
91263,0.13696659
3431,0.1406311
81140,0.086928904
66529,0.46724737
53541,0.03274623
127333,0.91721517
101480,0.13014741
84176,0.018491594
53589,0.025494695
85249,0.67397463
38613,0.016447311
75208,0.97764665
62435,0.012700889
17966,0.24483582
6153,0.2230623
115566,0.55052257
121031,0.0029048643
18940,0.5103247
22272,0.47036132
130652,0.14091446
47009,0.031969473
81417,0.008675546
47421,0.09881831
89873,0.22002025
105728,0.04585388
55292,0.88997394
92234,0.19141467
44028,0.06350814
109495,0.13136795
133353,0.1729483
27212,0.96361184
23767,0.3180198
136775,0.00461519
12157,0.28165755
22781,0.026250783
23709,0.23544744
45011,0.45694116
133091,0.034278523
87612,0.6279838
72897,0.0005480063
40827,0.94358665
29369,0.25929013
97574,0.0023369463
73732,0.03161046
59733,0.115558095
124461,0.06833416
934,0.030127322
77175,0.08305254
127773,0.8556738
119264,0.9655267
48051,0.4157557
117419,0.0039312206
138635,0.73364866
86483,0.2366932
82406,0.8907432
122687,0.9562055
31080,0.4747374
47676,0.06865614
126003,0.03972065
104975,0.0025506564
107235,0.004022377
128117,0.012243974
57213,0.018668883
54905,0.06531657
123450,0.030914487
100827,0.95920646
45549,0.037776638
34206,0.15785299
134707,0.7675298
137306,0.0012101964
5876,0.058439057
142707,0.023626762
124486,0.061896253
26909,0.26252013
9916,0.429985
36769,0.05675246
76603,0.31180134
2904,0.044663858
57036,0.27139333
86462,0.027652334
57863,0.25103533
94895,0.0063182497
134362,0.41683203
379,0.0075786654
26230,0.71239644
59705,0.058071665
34716,0.029848082
55080,0.2161633
12622,0.011092619
61816,0.028027577
90394,0.13615277
121501,0.9483566
9905,0.06715456
137270,0.06266018
23780,0.077108026
121596,0.007666063
97019,0.756461
62998,0.009619546
53736,0.42374453
89827,0.14380136
25435,0.031548623
50017,0.49607274
105130,0.08718707
130109,0.13066898
45036,0.95588446
78614,0.12494787
97987,0.9951199
126026,0.35154736
9752,0.013275537
27029,0.8839028
15645,0.82146746
126008,0.008133825
131503,0.21358182
19814,0.556843
71213,0.001291406
63200,0.07600357
77532,0.17418341
73885,0.6512602
71488,0.2945643
91988,0.4311414
125907,0.016564203
56786,0.100360416
125288,0.031274103
49170,0.5675287
115997,0.019058289
88432,0.1432439
138773,0.0114242295
48498,0.026090547
45920,0.02140309
94813,0.16666792
62603,0.16969858
92802,0.16421671
143253,0.025794089
122502,0.1744787
136273,0.0021382866
118351,0.23375146
119986,0.70059705
46352,0.021385746
145216,0.0034965517
135849,0.21549822
126293,0.067884065
63340,0.20915723
117696,0.0037216626
111190,0.41175383
129405,0.9040095
144059,0.0068154763
16283,0.5386831
77899,0.6092798
92922,0.016204461
82317,0.17214754
3100,0.18731064
21783,0.28741705
42562,0.16929753
124119,0.015030102
58601,0.40803275
102783,0.020717345
94022,0.86098915
73018,0.27049226
33073,0.7864381
13274,0.030504288
60687,0.0113178035
127382,0.058483627
69326,0.52436584
123877,0.16750176
88844,0.028723441
94042,0.22483745
42849,0.42684466
48945,0.04580963
142430,0.0142791625
106986,0.027682249
139067,0.014040128
35005,0.049568128
36141,0.2850993
18625,0.50899667
105334,0.10931568
20073,0.31405717
60863,0.644743
22405,0.07966751
19840,0.04942062
142320,0.44353563
43346,0.13831882
51362,0.20632046
99559,0.010597388
39450,0.057763655
43809,0.4603038
88348,0.90414846
29916,0.17100993
1750,0.048833344
53471,0.22971834
63891,0.034301694
89785,0.11528324
138847,0.003572345
116295,0.020766867
34767,0.09554444
104612,0.013753144
122875,0.050383754
11847,0.08685224
80758,0.015429304
7468,0.36130583
112519,0.9873684
54866,0.09203426
79612,0.019079966
79569,0.119085886
95031,0.28117937
87872,0.8349938
30855,0.613756
97881,0.22867271
129099,0.4333145
62957,0.014898895
57235,0.07252429
31092,0.03770747
108588,0.12274915
58906,0.012875403
79588,0.2157529
97378,0.6012687
83052,0.052333586
103878,0.09057041
101263,0.29617614
3133,0.4050141
132601,0.6043052
59261,0.023041429
124792,0.43163666
144865,0.10114076
130815,0.04788391
105557,0.0055757253
141448,0.9924595
78035,0.017464016
121978,0.027552819
35096,0.09981182
39135,0.04378255
142939,0.45061454
78799,0.34836155
75315,0.005489306
150,0.028575506
123068,0.036061626
45676,0.010570319
44081,0.1248293
39363,0.052162115
119696,0.69659734
15627,0.9654165
126671,0.014842173
58081,0.8047021
127516,0.04207185
70522,0.021264063
109643,0.9575621
11130,0.19041635
32116,0.019116528
141908,0.074945316
2030,0.058227878
25912,0.012588445
100977,0.0017501126
37956,0.03702439
103064,0.17124693
113935,0.89715123
49981,0.03890585
43510,0.557742
22551,0.17909756
66699,0.030423475
30005,0.7295528
35679,0.20915937
60443,0.2796107
74334,0.028295733
35236,0.024344603
88069,0.57096213
72819,0.02145772
8850,0.27314538
108846,0.9688237
70216,0.037783112
37360,0.30916572
43445,0.50753504
60235,0.022124764
120973,0.09825452
52699,0.22484107
129349,0.9058163
33418,0.5526176
55924,0.07260432
24628,0.05108298
141975,0.00328635
138862,0.0025110096
92219,0.024138581
50564,0.0563988
129359,0.32902098
17124,0.16090225
88584,0.19188717
18338,0.7706651
69336,0.0147533305
111484,0.08217383
141424,0.9639869
14370,0.010480617
64021,0.09591434
41498,0.6698869
43050,0.17950125
45804,0.18267623
122491,0.020428807
118865,0.7261947
26785,0.08651033
99095,0.9472627
109497,0.11103345
60323,0.049303886
75932,0.28199446
42990,0.23267986
124137,0.011097465
47269,0.004168918
60753,0.03756958
37465,0.0021189656
14610,0.08849922
12437,0.050974824
28848,0.009976664
36863,0.61312854
53452,0.027753865
109112,0.1703956
94644,0.0053891814
48157,0.041475713
83856,0.023577785
125301,0.16063334
117793,0.009975853
9700,0.9695032
77809,0.9207008
86951,0.018525168
56090,0.097594075
70883,0.03855896
137571,0.0036312153
22286,0.3193403
116070,0.29077533
135131,0.07774386
112777,0.04638387
72293,0.31521556
133558,0.25197682
37052,0.03535238
135083,0.23166241
32258,0.069100395
98368,0.021733379
83034,0.21068595
95524,0.015561667
70347,0.010299377
114621,0.011893517
1055,0.06555048
104604,0.001543417
12580,0.38507438
13975,0.23567703
30824,0.017495947
29974,0.2643816
120716,0.5316227
118808,0.0049250596
129077,0.35992563
6105,0.01422377
14580,0.034356065
126696,0.91496664
94782,0.6429001
48502,0.9131724
115239,0.10733313
33305,0.13561521
112512,0.85907876
68434,0.024110679
135772,0.19176766
47731,0.033436164
675,0.62176347
21563,0.026605912
95106,0.11915669
77816,0.04591121
115744,0.03868396
145450,0.0024339976
8524,0.0024950814
96217,0.10296555
32130,0.01664838
110475,0.3175177
98555,0.008853973
77634,0.3855253
25869,0.23288417
89436,0.45218086
133531,0.0965647
123779,0.25567338
91195,0.030237677
28053,0.051591415
46082,0.078792565
109963,0.46407518
95399,0.043979246
128965,0.04930153
18108,0.43514046
97162,0.0048506134
16926,0.26727366
124084,0.4831672
4191,0.07748137
103707,0.013868702
133137,0.32029435
41652,0.55711675
18627,0.24530853
6757,0.56265414
28002,0.0022719437
71145,0.016433926
691,0.14164914
139861,0.01651293
99837,0.3822103
72294,0.09174884
108841,0.69328904
125705,0.34136963
25418,0.18042564
57748,0.20477465
72390,0.030299654
117763,0.005571135
72066,0.0684418
106698,0.004626039
109602,0.8333799
142262,0.003774305
27957,0.06621472
125894,0.037699748
66038,0.14737682
144366,0.023371743
142664,0.03068177
116474,0.7894599
124120,0.0044369954
63992,0.9169273
20137,0.4676718
123379,0.004480655
72473,0.008809802
88120,0.09999257
17489,0.12364061
99802,0.08285554
91024,0.15609778
93561,0.027153859
107715,0.005894918
9813,0.101067886
43599,0.7655607
131878,0.903712
114231,0.040033605
64866,0.011141313
5678,0.9671321
36032,0.30355483
140194,0.005943669
80548,0.648338
99777,0.9398985
33609,0.46237698
94424,0.09774889
17183,0.21384537
103235,0.9629083
125251,0.026536848
109585,0.010338842
143147,0.0004734216
110087,0.26880848
1151,0.01477275
27428,0.050463878
20190,0.115743585
113382,0.0321093
58587,0.0028461842
20008,0.68976593
119957,0.012670895
27481,0.059136067
137269,0.0074665705
116039,0.012935965
136066,0.7302945
40922,0.5451831
61166,0.046910003
50910,0.028074171
89651,0.12403423
6874,0.009659254
21794,0.26703045
14346,0.026555438
58247,0.1285338
86385,0.9198237
37687,0.017082436
40506,0.7558947
16422,0.012775151
42785,0.38863087
73373,0.35415018
54804,0.9428575
75065,0.1086219
30631,0.9041545
69340,0.27917773
30699,0.4404121
30125,0.01611567
86706,0.35210893
124220,0.41362762
143488,0.008790806
1262,0.7172208
77069,0.6267562
139962,0.25196216
54648,0.22112359
38723,0.097103626
121917,0.0021294097
129900,0.46421286
99019,0.067882285
53191,0.42369154
120164,0.014624208
123148,0.025554394
136946,0.010654154
106997,0.028227141
38714,0.05170698
7096,0.007621906
39973,0.07716767
77461,0.05260815
2299,0.19551313
47715,0.18883024
89154,0.0295676
136578,0.011643152
17170,0.10654296
66012,0.012869283
20916,0.07325575
51063,0.07431783
59934,0.19098659
119870,0.23868275
96181,0.31540126
443,0.035039887
105532,0.039503522
135313,0.2039318
117897,0.0034704383
130564,0.048235208
67735,0.94776744
85685,0.27656618
101404,0.83162534
5589,0.08322521
57342,0.7951632
112543,0.8760786
64424,0.372079
139911,0.110177256
52012,0.31088972
123322,0.0017560181
99861,0.0050780126
84969,0.61352617
99904,0.0089178635
9159,0.2853345
46112,0.0032005464
51618,0.015977358
93587,0.018094705
87588,0.26375225
42752,0.06839327
108909,0.011733188
325,0.029814575
84025,0.033169284
113303,0.031611934
24495,0.030465571
130301,0.16728705
119150,0.26762286
52951,0.46242282
74810,0.015867118
89378,0.95305467
55837,0.26497805
19777,0.086090244
74193,0.011514644
99973,0.20520939
110580,0.948311
90174,0.56601286
129954,0.25560603
91193,0.063359596
69262,0.16346163
104025,0.0028995064
42714,0.027607176
23874,0.48023805
46647,0.058045723
14312,0.021130404
47505,0.046254434
140089,0.94269127
17841,0.15191963
72602,0.95431006
23133,0.11337937
1518,0.020883938
32128,0.005530812
97513,0.12167991
39231,0.41054413
28978,0.40803573
95653,0.0064396095
121605,0.024384921
10437,0.8271003
98115,0.55291736
37495,0.0023158686
118321,0.008588164
58942,0.008466705
97742,0.9900328
35055,0.8893258
66159,0.06745431
47514,0.0049157394
86435,0.023106307
23018,0.44210327
65052,0.0866172
30141,0.10985706
11988,0.94445175
31424,0.051524725
72638,0.004874099
145407,0.017264785
9976,0.20785733
59244,0.011001559
50162,0.05425903
133500,0.018331332
107695,0.013883179
132710,0.1931232
19309,0.020053765
67244,0.0700348
102848,0.007790375
22081,0.22386949
32154,0.0177196
13916,0.04181421
58608,0.0045651128
35409,0.83480144
48764,0.3443309
7517,0.052742697
10818,0.7319768
139197,0.05565226
71927,0.85897017
102090,0.044230357
106933,0.0076488853
126446,0.3065492
36084,0.03852326
123742,0.06002464
102853,0.0040915716
140739,0.58157647
28519,0.017793994
20891,0.27350143
65389,0.077976204
129811,0.09292014
12047,0.1280995
7439,0.011591192
29344,0.1315935
91528,0.4528111
75081,0.04653368
143300,0.11614344
133395,0.73817784
67407,0.09935363
103872,0.0025310053
105485,0.1383215
64183,0.06412152
8668,0.009422046
4119,0.2106086
113152,0.6798478
17404,0.040295973
34241,0.05756858
124176,0.0072506242
41786,0.08239902
90047,0.67331886
104204,0.15317099
4742,0.049140867
20285,0.049249616
83930,0.68647313
25150,0.009538708
120372,0.20741785
130982,0.35485277
107910,0.027082711
47946,0.0051783985
118380,0.056190845
129352,0.039322406
140,0.020263942
2418,0.028256146
23127,0.43246275
35139,0.010490295
124735,0.89162654
32476,0.4610543
50794,0.014791119
132101,0.45019907
105556,0.026558982
55217,0.11872679
66712,0.07230859
139237,0.121389195
130899,0.04270697
9445,0.042448346
70129,0.80229574
104887,0.32648644
75047,0.09582292
17110,0.0854637
24342,0.057652187
61222,0.010580856
112867,0.19730516
72080,0.06969475
26670,0.18257223
72784,0.034621064
12605,0.04475048
121528,0.10514515
35227,0.023491599
72425,0.0039279843
55437,0.12550053
140690,0.08283144
93316,0.35712397
65987,0.0064756884
33772,0.035655558
90341,0.7700864
140394,0.8478431
96198,0.6860779
5492,0.39334348
5155,0.28723717
23316,0.16388787
17981,0.18251368
96660,0.47118208
94274,0.09764273
41889,0.3965396
57367,0.8790342
139871,0.024522511
28105,0.025067007
140011,0.93364894
39038,0.021803869
53006,0.12825502
76039,0.2651021
130883,0.10754621
70212,0.9425841
16476,0.18061547
107220,0.019940922
46739,0.6638485
51590,0.09647325
122469,0.0018639676
65226,0.05333828
3017,0.0029268044
39244,0.23200186
59250,0.027629253
43573,0.1150404
124836,0.014534535
137750,0.0011953509
134787,0.19981472
121440,0.049917765
3065,0.07000796
47264,0.02274914
62432,0.056111973
82760,0.0070041106
40498,0.13335443
108108,0.013788185
74371,0.40836558
87864,0.126276
97819,0.98868084
31126,0.054596283
82907,0.7569135
100510,0.09102791
118413,0.021150766
10341,0.010638383
24343,0.07125294
9921,0.9860946
7093,0.37662253
106550,0.002465627
134584,0.15537073
124834,0.18442093
112529,0.6553676
2695,0.03065279
92994,0.09318914
96457,0.014168209
19008,0.029256038
60620,0.17497495
21918,0.05091148
14480,0.042359162
116569,0.01322261
127476,0.05389033
104205,0.026415117
30188,0.3272472
134136,0.27074164
2265,0.51888925
115688,0.03890667
80997,0.09090519
118707,0.05252589
72518,0.008425533
93463,0.10199586
80908,0.852131
141497,0.011046496
136025,0.10352661
141451,0.7077732
41968,0.021987647
72088,0.008812246
123456,0.042816
70414,0.03846731
17613,0.22640972
46144,0.023648992
34983,0.367371
109642,0.4574082
98912,0.06109489
68111,0.022458524
26078,0.017366873
119911,0.01010324
33888,0.5064761
49481,0.025987925
140189,0.0088095805
131479,0.07768876
96923,0.0019025827
56775,0.6080635
111888,0.06447657
24070,0.62327653
38031,0.004920082
18195,0.031426046
85020,0.8064571
50091,0.082586884
42036,0.1299908
48552,0.40978807
4907,0.07158198
109496,0.13594711
115571,0.0037554798
102705,0.071281984
21344,0.34203574
51656,0.06691683
7463,0.008039847
68562,0.710438
15986,0.5072436
54990,0.36269844
94285,0.010500852
114948,0.0036541477
8009,0.0019369723
97563,0.18267865
97118,0.085930444
51915,0.017884484
144811,0.021450274
36263,0.020194657
69972,0.37644613
43824,0.23563288
586,0.024979914
61311,0.071573846
128093,0.7513674
57679,0.10201135
44039,0.07210796
98442,0.057475347
17503,0.1317587
65063,0.7200943
102255,0.50635576
67878,0.19656853
25273,0.6975642
10674,0.09476371
81352,0.012415006
35355,0.16743484
2137,0.08557607
85573,0.008786764
71804,0.0023143475
117477,0.0015165372
137086,0.010617104
77330,0.15000258
25142,0.03281753
139143,0.008144996
53853,0.033338208
137722,0.0009188115
42771,0.22549367
3616,0.55947554
108058,0.011591427
76459,0.24533212
27145,0.2001278
131963,0.021389654
46631,0.7806364
96513,0.030933533
3618,0.120437376
123432,0.40592268
137267,0.020050626
49623,0.01364705
101633,0.4435825
101209,0.5347457
60500,0.15130344
273,0.30349737
58565,0.009453626
60164,0.06278762
145409,0.0038608245
144887,0.06376273
23338,0.16261357
29455,0.06239462
33835,0.00828916
120595,0.12522236
57928,0.16585569
63175,0.030774938
48169,0.15930924
93011,0.28747845
81884,0.9443062
121984,0.0057704938
39157,0.45245418
113451,0.04951945
100300,0.0093833795
14639,0.012729556
74743,0.06250532
58102,0.16902614
62482,0.65240645
90658,0.087999396
121727,0.49102822
121974,0.001939256
106354,0.014960347
107243,0.0012029652
66395,0.030683566
94651,0.020775417
27410,0.029325176
76954,0.19403048
35833,0.03003131
133977,0.39662465
52677,0.11310071
78092,0.0038010944
83069,0.029695876
18925,0.8842743
23206,0.69945204
100258,0.069866985
128404,0.1443379
103105,0.029442247
110528,0.7807553
137084,0.08681002
132840,0.2024674
87573,0.36421955
130575,0.035191566
7802,0.014358434
136213,0.0052821357
108504,0.8162168
43848,0.80242217
32927,0.04129052
130099,0.24961281
10641,0.21552646
10366,0.25585872
43105,0.009547402
4293,0.066086836
83007,0.1506343
26169,0.0184324
62365,0.03591191
106981,0.008900647
97701,0.026086815
38844,0.7453432
96887,0.011386056
52179,0.19978282
120065,0.0007129425
112533,0.18170406
141285,0.017606154
134566,0.20915917
120273,0.114794575
13229,0.029316302
86956,0.009026569
81065,0.05588837
64743,0.013268354
6085,0.014093094
50832,0.13710468
82415,0.026740165
14961,0.10552788
46031,0.00045562632
25879,0.10343562
27539,0.115126796
110513,0.76168054
110960,0.3097124
68863,0.20392574
54728,0.2083116
133814,0.012497424
4040,0.3937866
84850,0.10172152
72898,0.0007862801
101938,0.022610225
105789,0.27554923
57039,0.030520841
140830,0.038970686
135806,0.48138604
34306,0.11184789
266,0.57945454
143137,0.0067896363
22614,0.7661273
16233,0.27036968
22627,0.36294797
83657,0.9372077
123133,0.95900035
106842,0.09890867
34243,0.025478683
73492,0.037231874
116319,0.10504416
70106,0.207764
13722,0.014509797
137273,0.007235935
10331,0.097295105
9919,0.01909476
85455,0.15226603
37909,0.0033018196
75863,0.9192554
82282,0.361143
56790,0.26277578
12076,0.53937757
79173,0.14702511
15667,0.14222412
139563,0.08691692
2345,0.121703535
22759,0.37630582
34291,0.20637025
22111,0.18732639
17050,0.5097017
20252,0.3011846
92609,0.32143238
67416,0.14570801
44527,0.0789064
137590,0.0027913714
131699,0.07427857
44149,0.0863294
17849,0.09396616
93109,0.19584814
137292,0.0012659264
61173,0.047243178
31007,0.023579711
53579,0.06606466
74818,0.047240015
128670,0.14020371
112801,0.24325396
136732,0.0050635287
130620,0.24063131
113309,0.7612506
33980,0.22028816
79360,0.89227176
47318,0.031767987
42033,0.4136583
51145,0.051818047
46447,0.06521681
10571,0.071932845
143994,0.073488824
10680,0.037374835
120415,0.0007758762
10870,0.556981
12582,0.9474923
43260,0.27087802
12003,0.2634221
103473,0.94240034
50865,0.09336
33947,0.06014426
44706,0.1315998
41496,0.031047635
123201,0.49885482
108534,0.062736474
140198,0.0032611347
13284,0.009735553
31388,0.017785596
86986,0.16116415
92586,0.047938112
7474,0.04681467
44130,0.9426402
57788,0.778439
79725,0.0073782336
130724,0.9178362
66773,0.0070491047
30564,0.2400175
14044,0.011901971
46136,0.0077744313
140442,0.44933075
23084,0.10065595
30775,0.36276484
15800,0.1675642
87806,0.26853788
97598,0.42763832
18665,0.58656573
102108,0.32780394
73739,0.004815775
14362,0.2885833
122405,0.46821514
49809,0.103329286
11536,0.15620977
50254,0.02707103
139965,0.49555275
87000,0.6043413
107219,0.08495852
3452,0.09922109
8131,0.27435353
15921,0.09995089
64833,0.16804421
122448,0.9612333
122919,0.0007027039
30655,0.13423124
17137,0.17634302
103850,0.07710265
1966,0.42687616
23275,0.3644565
9990,0.708353
17654,0.1782126
1184,0.62872684
22732,0.14256483
126956,0.03996729
48915,0.03483839
71399,0.006141523
8940,0.014912176
68627,0.018396592
44539,0.8376111
62477,0.5137994
33023,0.30555588
28474,0.19344254
70403,0.009548832
88556,0.25406963
128098,0.15711203
112292,0.10936623
21118,0.020226281
27697,0.0024186543
108727,0.011748381
67973,0.75165343
35033,0.2639168
20333,0.91182345
42064,0.015543057
66725,0.4560781
128362,0.11275527
125826,0.11185998
54348,0.07322707
10899,0.82716894
30495,0.0336467
128958,0.038231645
77581,0.2195307
144512,0.25875127
110730,0.009936546
20416,0.21690594
77487,0.00783135
61154,0.84141845
48213,0.91868466
81360,0.0053631635
42961,0.013936418
36008,0.2972594
34258,0.18068802
93284,0.08217421
19796,0.19884196
129947,0.054049686
50982,0.10316411
64463,0.25176385
123302,0.0010445835
22539,0.054296877
8289,0.027207239
68318,0.0017065719
110521,0.24946542
62091,0.020384649
141989,0.0027464058
74522,0.024177954
39922,0.011782167
32336,0.28557652
5582,0.1943932
105524,0.13942702
143753,0.58580077
104237,0.31239232
30512,0.030597087
80007,0.074674785
79204,0.023741448
70404,0.0051052384
111310,0.8951139
18347,0.06929867
65210,0.07386084
60298,0.1299582
75895,0.4437655
27826,0.033333797
79117,0.95655537
103798,0.7536597
106953,0.004321234
88247,0.11138695
49735,0.12038168
14030,0.006443757
138027,0.009032419
44034,0.21426713
79499,0.21489322
130876,0.15334049
17113,0.21887895
51162,0.09962915
141861,0.032586105
79668,0.10564387
73265,0.02166805
37775,0.6133902
44610,0.034007374
67754,0.021291217
14667,0.014048832
142830,0.0028053762
91890,0.1683993
50778,0.024169832
142610,0.3066945
139573,0.15883866
115001,0.0003288099
15867,0.1304381
20207,0.43345717
18350,0.15133257
63942,0.01245394
126819,0.024529664
97396,0.03548643
38980,0.034013517
104744,0.007388532
98427,0.60395205
19445,0.2117597
72880,0.020621216
55773,0.022437397
86738,0.31681573
81494,0.65017694
108000,0.00046645704
39509,0.30939707
54762,0.4647866
70704,0.01148246
143106,0.00041393752
1934,0.083903216
64711,0.68151164
9238,0.015135227
79011,0.52436405
22176,0.108488984
50093,0.023721728
37230,0.9111191
5048,0.056480933
71224,0.15207836
87907,0.27390578
81128,0.25423676
72388,0.3510333
99149,0.5592106
119544,0.0077127544
54181,0.08558107
116798,0.22637095
5670,0.03930426
117521,0.03795915
124460,0.010892454
42391,0.8968945
2740,0.04470915
82364,0.071111806
118117,0.07600442
109728,0.05873594
104911,0.008517949
32860,0.5041615
122102,0.6846891
121449,0.0004322551
142754,0.0015465138
137663,0.15689369
101311,0.0031835488
10161,0.32967073
129273,0.152961
19385,0.74317324
120766,0.8188254
74268,0.96062624
63496,0.15573643
137068,0.0007112995
15484,0.037676696
137574,0.0015221381
97425,0.75797313
103802,0.03151876
95177,0.008290908
78263,0.30538288
33948,0.21184184
142786,0.0064987964
73513,0.031113924
3200,0.18294731
16705,0.024896922
133051,0.049464084
31834,0.01774873
23315,0.3710542
111503,0.16678327
74821,0.012407473
75411,0.29305255
133774,0.16643983
73579,0.28732526
58422,0.47048002
4108,0.04166563
77354,0.46267986
114012,0.053406753
64766,0.4512304
9359,0.35755616
4233,0.06353081
70394,0.0066828253
24115,0.12785666
144262,0.15546548
93699,0.6854057
87199,0.007914818
67393,0.033522308
71659,0.015495979
99594,0.058817867
123941,0.06015366
35351,0.77946126
38224,0.019922243
126057,0.2821937
89757,0.09658769
79074,0.2535054
63499,0.38974595
112960,0.04687091
100791,0.92669
104774,0.03931513
34082,0.08328293
118188,0.3444179
89033,0.39053985
45885,0.0029018882
38814,0.6412345
3601,0.02758831
62906,0.0201004
59655,0.02540936
116118,0.6210239
74942,0.35214257
116332,0.097617716
71397,0.005288927
6314,0.8159347
78021,0.48367882
52656,0.66653454
69078,0.09943088
50697,0.05378907
107112,0.012231114
132762,0.9628584
101080,0.90609103
36152,0.022273446
3661,0.06582905
95621,0.02220475
79108,0.012853265
72986,0.06438894
3558,0.052744295
119101,0.014972361
33397,0.017745081
10927,0.21285512
144821,0.005661261
70236,0.13590878
20469,0.08814971
69971,0.61557204
59189,0.012978703
92259,0.7510973
92933,0.008865466
86450,0.06405314
38304,0.0016366622
126148,0.62889516
100113,0.01189784
85320,0.70627606
76613,0.9841427
134894,0.010697416
61093,0.046553247
56016,0.21128412
33708,0.7801211
80607,0.010513771
4173,0.93013275
91257,0.29116178
68258,0.24207076
30062,0.97314936
28891,0.01615698
40720,0.11179611
115737,0.026956776
126208,0.3166201
110469,0.25853777
71748,0.26937655
131490,0.025806379
91471,0.012747571
26389,0.023296611
57861,0.48266363
43803,0.024446435
55109,0.03493741
125709,0.75427604
40713,0.9121072
63014,0.33726728
58059,0.022571547
119603,0.30952507
43684,0.85785365
92492,0.5444138
59240,0.024587853
139759,0.3828941
94645,0.011774924
108654,0.13372473
32903,0.12755501
102037,0.047712456
36104,0.06364613
144421,0.02307721
117810,0.6421824
138350,0.007160059
40821,0.06562941
29506,0.32317513
124768,0.4816892
98158,0.38293856
26847,0.12510939
49834,0.9308585
127922,0.15500048
135340,0.064535245
95173,0.0030031805
87282,0.27918044
22692,0.2742392
134483,0.13984436
32940,0.10233548
76445,0.08710064
143872,0.012630206
133138,0.028587181
90485,0.04778051
30862,0.083072774
1363,0.17859899
47517,0.006557247
12693,0.06991232
302,0.15689586
62256,0.038985826
108059,0.016567698
142339,0.19092862
2606,0.06790289
55490,0.40018347
67492,0.097291775
30748,0.01940465
15094,0.13704772
96125,0.26198485
43822,0.116369516
9834,0.5764692
29745,0.03210844
108554,0.018350203
43919,0.006254318
23178,0.26502
109380,0.3511855
30163,0.20118596
108882,0.44510004
61629,0.07004913
113999,0.6781979
7328,0.0033584996
132781,0.49837747
124870,0.59915406
44799,0.30369207
81863,0.1454452
128664,0.08903523
19332,0.22143467
115062,0.011116633
69277,0.13096054
1108,0.0499343
78771,0.11562089
35162,0.003752876
136817,0.00885273
109622,0.39290783
2130,0.20327188
29587,0.93757164
141202,0.12151041
138059,0.0013151384
24038,0.07818855
10241,0.21308717
112105,0.3280417
86661,0.28396684
85830,0.14547868
78655,0.016527781
8107,0.0049327165
111443,0.1681564
141319,0.11566753
126150,0.14723803
78050,0.023472792
99314,0.39291838
139100,0.0048010186
80412,0.24138665
126654,0.019582141
56103,0.76522887
23599,0.21527113
127056,0.9125633
114240,0.17627655
97785,0.58376926
127499,0.068704255
4185,0.15431932
14204,0.0057387124
142953,0.12815133
42214,0.07709279
63330,0.16497427
49771,0.20698072
60074,0.6126748
132306,0.6949547
21454,0.10881245
93267,0.9730785
60544,0.007736625
16087,0.33401635
137988,0.0795497
6003,0.024977015
50359,0.4020316
44882,0.02376327
79378,0.0036981131
112684,0.027930645
141461,0.26435536
123512,0.5134151
114110,0.1753181
24247,0.034428906
105713,0.022893883
63146,0.0113801975
76529,0.03703249
66818,0.87977177
128255,0.04171511
26698,0.07639752
82973,0.038260505
48980,0.015792526
64360,0.010366416
29407,0.17083031
95929,0.54109824
132021,0.05603766
81106,0.16980237
86639,0.80120575
94923,0.0033313592
27710,0.031835817
97860,0.032661736
49125,0.06308098
98437,0.7923126
9372,0.020335164
97322,0.02314719
72767,0.020370537
102721,0.01219191
20015,0.04593039
132265,0.0819572
82931,0.9399378
90458,0.034322154
119275,0.032140642
34278,0.10754495
21895,0.35715365
43657,0.2949067
19850,0.076525
8060,0.0016105068
30082,0.44300693
86400,0.017627677
105979,0.18048525
45858,0.0730977
75082,0.024921184
68058,0.038433068
105845,0.029539056
104438,0.72692764
7594,0.010929289
131653,0.4650427
83928,0.09696471
82999,0.00840594
15975,0.1625133
75528,0.77610767
85214,0.01107966
140213,0.045996215
28012,0.10482086
123163,0.059604976
103822,0.017819855
10707,0.061712828
80316,0.16978563
2505,0.019140653
130738,0.78520757
100912,0.010153126
67304,0.079147205
127480,0.9700594
143678,0.11963799
54357,0.071141966
104746,0.057827756
44038,0.06361741
4145,0.9280165
105205,0.1794807
105714,0.02468531
19274,0.05513752
74734,0.14130484
38850,0.07542715
7419,0.010526732
104051,0.10918362
56278,0.44848275
10313,0.15977383
9522,0.19514836
30251,0.75967735
129033,0.91239756
49206,0.016097987
30903,0.538361
56358,0.06877989
129076,0.89008796
10666,0.01919525
39001,0.8490031
121670,0.009994675
124001,0.96862096
125904,0.041800037
57492,0.44789848
91307,0.111579746
119403,0.020597104
55289,0.06916903
47358,0.029588738
54069,0.056218784
57700,0.06679899
59502,0.59326655
100040,0.40314937
79813,0.13885057
138179,0.12242428
105099,0.06204743
118365,0.00879482
61280,0.020289572
144457,0.0020594501
131884,0.20145977
123360,0.008736501
76610,0.49491668
15032,0.024826849
85611,0.20983103
8741,0.05040238
124316,0.09081189
42744,0.08526194
37938,0.007923134
87537,0.53342795
46529,0.9923718
60297,0.08241898
38943,0.012985229
139660,0.5685409
10138,0.87350845
145394,0.71269506
128185,0.21592225
47785,0.06465281
68567,0.06566882
40138,0.9913106
359,0.022407252
136783,0.2634783
8689,0.61440665
66336,0.023709076
22878,0.20378846
19285,0.10353314
14051,0.0074641467
80757,0.03846851
116165,0.17662701
123596,0.027870625
8114,0.106704615
40887,0.1462844
115733,0.013903705
82975,0.019233076
138380,0.012756335
64918,0.0059964038
52374,0.30596632
41697,0.28588837
87592,0.29675248
106902,0.0009428859
107988,0.0062648687
53687,0.0650482
95093,0.02657782
124075,0.1884429
81146,0.7598314
97780,0.40836492
8711,0.010517205
9282,0.61378795
43415,0.18386337
16423,0.025334356
145211,0.0060639507
91667,0.06535814
134595,0.30617028
64454,0.054842833
26164,0.084612444
82739,0.11097091
104934,0.053831466
103104,0.015599601
121800,0.04252368
34087,0.17709018
24564,0.074566916
109666,0.76672125
42820,0.04455027
2541,0.009264652
134327,0.49358848
134649,0.95446026
41117,0.0128158685
28276,0.33164263
61297,0.49781755
54569,0.117929734
72919,0.0019351948
78916,0.31446168
33943,0.026891204
27315,0.2898716
69338,0.1508934
142957,0.13123451
127916,0.19971552
3615,0.9446122
50567,0.110851064
103575,0.13548242
133012,0.05818353
45045,0.020027352
8637,0.24496308
142045,0.09049421
41213,0.08608406
7034,0.0045539043
12331,0.49845916
143281,0.5121084
66977,0.1717883
74581,0.4164981
79580,0.5831299
123561,0.0079900995
99050,0.059560295
34392,0.16441065
12075,0.15627655
85176,0.055884913
39541,0.20483978
129574,0.83920085
15395,0.05967728
111971,0.018724497
59654,0.020700784
5773,0.3922054
75193,0.7785445
117423,0.03206761
122340,0.18287618
135430,0.04888771
113518,0.94603735
61983,0.09649118
143970,0.012142256
79340,0.12812279
99966,0.029829323
135418,0.3031192
16639,0.3390705
61448,0.80165863
125370,0.1642263
19551,0.03795322
120043,0.008202587
95268,0.008807961
20922,0.022669554
39334,0.011325227
133715,0.9863019
29247,0.3928111
128227,0.89447737
16568,0.11284776
79966,0.0012955792
124061,0.15134901
2382,0.1856468
90432,0.030556643
109062,0.46870363
31581,0.28075084
96460,0.0141978385
60937,0.024640022
18658,0.5041577
98480,0.0056207483
53671,0.08659917
125837,0.023000397
34472,0.90445966
102008,0.00086455344
5420,0.006011019
81723,0.21885656
8363,0.0081654815
37414,0.4466923
131869,0.39222792
129933,0.39910462
136,0.035407107
76336,0.19519265
136561,0.026459552
128713,0.91205645
8034,0.008678816
123040,0.00092451635
59085,0.08287503
138979,0.027471093
127504,0.13889463
111333,0.29358897
29636,0.10225368
116288,0.014115179
106183,0.81500524
8033,0.0088739805
41808,0.91955304
7752,0.0019509955
73030,0.20850019
81585,0.83716536
93399,0.012187202
46456,0.0033585888
42254,0.035325717
86104,0.010604715
140258,0.14201684
139386,0.057709374
136541,0.021463193
77793,0.040151227
100949,0.0015579344
127210,0.049890198
7520,0.009388297
83785,0.12208194
66319,0.021092357
1091,0.1533706
76353,0.24157256
39786,0.08134789
35603,0.22368285
78641,0.4939929
81950,0.6615129
144566,0.058874883
111975,0.05719629
37810,0.09014022
90378,0.2527375
134124,0.12898469
56300,0.015145587
131855,0.032398745
24789,0.26614347
50239,0.06654605
79761,0.01166251
58181,0.005883076
128100,0.49982327
49500,0.04256449
104266,0.04339958
84375,0.031767912
104372,0.06588259
97690,0.12656559
33166,0.37541276
15664,0.6331992
56648,0.06046925
8845,0.09915618
50036,0.33741626
15754,0.48478404
112426,0.018225834
9562,0.26202896
97094,0.85127306
56608,0.2694555
85229,0.1601024
5738,0.015042397
144213,0.4996482
41827,0.020267535
1880,0.19455934
138675,0.0046150717
92454,0.65506786
91942,0.10200619
43496,0.08644316
26449,0.04746808
18512,0.062037636
113809,0.07151829
95172,0.0005213415
119450,0.3981974
98134,0.84003
31477,0.04554652
123414,0.25169116
51649,0.9686063
26237,0.68534416
6925,0.010902389
11308,0.25784802
126226,0.29739025
63089,0.13565843
75535,0.04491494
105640,0.0056340545
32227,0.11716189
89959,0.110663414
34707,0.030892814
79704,0.90577716
59316,0.0038286734
85934,0.8239692
60512,0.13408412
126713,0.46715266
75717,0.07019116
132217,0.037455823
71095,0.07836248
42245,0.20504549
23694,0.26874256
20822,0.057575814
68138,0.2294359
130574,0.29596645
53027,0.07495115
124315,0.03176696
112531,0.886971
20410,0.5818715
130098,0.15288213
53222,0.76342803
127050,0.11163813
52491,0.04484629
35802,0.042005535
19917,0.03006007
8785,0.1004106
28660,0.1373429
60869,0.05038236
113292,0.031918246
29240,0.39051923
131110,0.010279085
98254,0.002287997
142628,0.42579553
143231,0.023835184
64444,0.102960885
10671,0.06728037
115955,0.8801099
114047,0.03445484
141618,0.005494908
54294,0.05568466
129038,0.26685938
21429,0.08946427
33717,0.56604576
95271,0.0041217636
22983,0.206206
13868,0.022596557
114551,0.09440838
29155,0.036241528
73200,0.06382055
104942,0.0039687813
73082,0.558076
19564,0.24406932
57447,0.21897915
2716,0.003923407
88345,0.4183286
2281,0.6739037
107363,0.0046794633
92979,0.048458237
111072,0.16313681
4819,0.11399656
37018,0.3051924
116784,0.013082582
127775,0.8998715
110820,0.041977286
24566,0.11852956
100551,0.06866959
49307,0.08679269
77102,0.74692124
27895,0.06431476
55727,0.14286165
111131,0.023344474
65190,0.011995404
89786,0.04115164
25065,0.020126663
28202,0.03381538
57482,0.06440314
41287,0.11429173
9740,0.031809647
84642,0.01647893
107539,0.0025939953
5601,0.12883241
77404,0.4869935
116263,0.55858815
66939,0.40518108
77524,0.62233377
5880,0.09534322
24548,0.119163975
111048,0.0057230243
90019,0.19010559
132076,0.31068996
65097,0.51888067
39906,0.9625782
84202,0.19382195
19278,0.45058313
14702,0.09400874
144284,0.9492235
55303,0.039336026
125955,0.021110116
35251,0.85727733
30334,0.22960435
142072,0.84989464
43030,0.20284174
140452,0.22932446
48933,0.585111
31690,0.8235146
113602,0.16296086
79402,0.117333375
74489,0.006201598
32987,0.07242673
63782,0.17398953
105170,0.16300417
34907,0.060367264
139295,0.90731305
84293,0.6177542
66603,0.7874659
138233,0.00057926046
8836,0.08291509
49800,0.20985198
80155,0.043164395
133023,0.07504097
136353,0.00086203957
76897,0.93472016
1636,0.28208658
86238,0.21058246
131441,0.024269925
7302,0.009786602
4144,0.28236768
127587,0.21134862
2789,0.124035366
52733,0.47879374
80889,0.0048573716
130428,0.10614364
81501,0.103643835
43910,0.2455712
67163,0.74598104
100574,0.75899637
78926,0.32712492
7985,0.027242716
93300,0.27319762
137483,0.011797023
17725,0.13311161
41163,0.20836169
9909,0.33224478
52538,0.14986093
117639,0.0033340426
145430,0.15400505
145017,0.017743612
11237,0.5108815
90204,0.20816748
41331,0.080735065
90669,0.38377655
125477,0.9309411
135514,0.099978946
38388,0.58630234
82610,0.37484348
30392,0.1927365
111354,0.061834816
119360,0.014928261
104757,0.07219032
63255,0.2429139
13076,0.09340759
108651,0.03312901
94695,0.011133184
43843,0.015884396
84179,0.20510036
38421,0.089528
112772,0.010688089
89850,0.41289777
97405,0.033247422
111951,0.03139668
134844,0.17588727
25759,0.053797957
81633,0.7776667
125683,0.33553907
72333,0.003476854
114783,0.07533047
55158,0.002168251
121924,0.0065755593
86702,0.38759905
100749,0.04481256
106452,0.025546405
140443,0.27925768
25453,0.261932
85116,0.014360006
139027,0.006572283
132909,0.020306984
2195,0.031327397
23214,0.34002993
92045,0.29883507
22890,0.40754485
102773,0.07460509
25505,0.11629841
91977,0.68128794
94600,0.0004197423
1140,0.016573511
64799,0.3939752
90758,0.10095445
67612,0.69676477
58298,0.004415822
123859,0.9463519
139327,0.8725354
143553,0.0122646885
60598,0.12567252
137646,0.0022434092
40666,0.43422443
75003,0.5540907
124586,0.044110775
9365,0.07932522
33098,0.21384062
121604,0.024200497
39355,0.40527168
95316,0.0111763505
29074,0.04568847
82479,0.040778406
128703,0.33331957
80743,0.003352102
713,0.6338386
129391,0.86524254
21906,0.04684911
57142,0.26524818
61553,0.045487117
83665,0.3772891
91273,0.11580942
45269,0.0137049
105368,0.31429848
106399,0.0344921
138457,0.0003963713
48547,0.0070702797
88030,0.74692863
6136,0.002809214
43275,0.7316929
8234,0.014354932
45865,0.17502065
91198,0.12648624
30630,0.45025286
13090,0.026649082
139004,0.013042808
62792,0.1203206
103611,0.020694163
24801,0.27033213
103764,0.6136089
91653,0.024308143
92154,0.054589614
132321,0.019591084
69409,0.08316369
6300,0.028158173
67775,0.033531092
67550,0.089061454
79471,0.036374114
16696,0.024079092
16719,0.021792471
7683,0.009535785
132130,0.020736244
38318,0.003084726
83332,0.44803733
104243,0.01942988
118917,0.011656455
34780,0.35408878
134674,0.032113384
12258,0.02149542
64420,0.033452895
55988,0.11840121
47172,0.20667282
51200,0.34315354
39515,0.0023137422
75247,0.59061575
23833,0.11882617
86667,0.014117688
37319,0.08156634
87214,0.16185248
124161,0.841962
27146,0.06830966
120086,0.030131157
81268,0.7386092
23595,0.298418
2686,0.1262097
99425,0.9463947
56376,0.022327404
53318,0.033315342
18953,0.23685125
114568,0.96655554
12732,0.034244504
95538,0.0039384644
28138,0.9470531
92885,0.31643015
136361,0.40438685
138901,0.0018034882
124251,0.04031533
141108,0.07574929
42765,0.015191716
119397,0.038766287
40347,0.28953376
2722,0.0676578
113736,0.014973796
48247,0.29784808
33882,0.80164474
28451,0.006723865
87552,0.041866206
13060,0.004038022
56488,0.6856325
122674,0.17717567
72795,0.00374654
38265,0.0028901086
57435,0.009444615
111038,0.1060635
54587,0.7483612
35046,0.104069345
8996,0.2324996
48860,0.4299493
16991,0.27362767
140503,0.0029052706
144315,0.017549666
108241,0.06406475
60202,0.036326952
32201,0.0058055366
7261,0.10846861
80546,0.0773017
15338,0.04153461
144254,0.03834117
38783,0.06018464
9138,0.19915578
120611,0.003561556
62045,0.07622041
65661,0.061266176
44727,0.060171574
99702,0.7232373
61829,0.04176888
105622,0.016612276
85365,0.097678974
100741,0.44828585
60272,0.037801847
33645,0.5114226
123289,0.008119323
126098,0.7812078
25835,0.04534389
93445,0.04143437
80989,0.03924859
92283,0.053387407
51736,0.020811558
99016,0.017503964
14079,0.008133771
16585,0.20270698
112807,0.067645825
114227,0.6917888
64405,0.26990592
18907,0.03533516
44718,0.031069387
27337,0.05070113
94943,0.017416524
82832,0.2916961
141865,0.07199491
127329,0.43106067
2557,0.009274877
115472,0.6473087
86261,0.031027377
89073,0.28745177
93152,0.078705736
102109,0.11803314
136123,0.0948522
95793,0.06579553
95925,0.011294691
9542,0.0072845207
53631,0.13994782
113047,0.101188414
65679,0.04106173
64983,0.05518986
105743,0.019120388
104646,0.8743374
31657,0.2380683
8548,0.023941552
74572,0.058984995
84500,0.22816056
123399,0.089127176
91534,0.08582912
18650,0.11107365
23685,0.051089045
105029,0.00087367353
106261,0.02667009
101917,0.15266475
101062,0.14668068
126024,0.33788657
32140,0.40061703
35360,0.6275815
115847,0.97661865
12717,0.01917681
137599,0.039529193
91833,0.1885333
88687,0.5328614
128039,0.0061679953
77537,0.12266908
40931,0.13948834
102704,0.15519977
97283,0.98416877
29760,0.03203559
7061,0.7549718
142578,0.6602136
123598,0.008940701
52672,0.7678841
92300,0.03617223
40980,0.043073144
83504,0.013192512
72046,0.0020278746
115050,0.0047209426
36216,0.0026903898
98294,0.010315736
96306,0.066761225
45221,0.0404286
6303,0.0072496696
17169,0.239234
46503,0.3281206
11865,0.43104926
132096,0.35478514
123944,0.19520567
12633,0.09695748
110661,0.6114936
59457,0.04184538
91357,0.17930101
119704,0.0063126474
6782,0.108708695
45852,0.0063171955
140144,0.003081339
39752,0.026189405
69007,0.15566131
74476,0.028085401
113172,0.30716756
11907,0.6893208
133016,0.025414957
2259,0.096032605
64464,0.19715701
27478,0.02466076
17710,0.13259606
93982,0.3829689
103090,0.008335791
20068,0.019483453
129443,0.39025712
138076,0.00036268306
51442,0.014409527
8961,0.34216157
36101,0.9003514
35191,0.009496929
71553,0.01043676
139236,0.16191347
88428,0.08408326
98505,0.0025195098
8620,0.006488595
135571,0.03629125
30155,0.061836172
83337,0.05799231
66326,0.036813576
116624,0.011482997
72836,0.120716624
144040,0.0057045575
21198,0.9268286
114195,0.7261262
145241,0.45401627
4814,0.041285235
142101,0.1875254
86588,0.81552297
30019,0.93377334
133403,0.1723228
75902,0.87829226
133909,0.01548944
69082,0.0941895
106780,0.23330583
34096,0.36564052
79563,0.47954106
29621,0.032450985
31960,0.040755823
115350,0.013919746
49638,0.026682787
73723,0.014991585
102322,0.6597385
61127,0.31501555
95900,0.086532526
128339,0.25433877
62141,0.04690529
75107,0.4541086
104315,0.00067534455
21729,0.10874993
37803,0.6118526
145070,0.17938645
128507,0.116671
46442,0.1186674
46363,0.027268576
38059,0.17845556
41364,0.4085268
109725,0.28449193
6076,0.009154156
78121,0.060907558
48609,0.024471194
25624,0.9369419
111526,0.10905267
3774,0.27944827
3407,0.29574627
138966,0.036764752
108974,0.14869648
38457,0.5411321
21177,0.86538875
105251,0.3557622
22528,0.18839324
107023,0.2649504
78055,0.063469335
77613,0.081273064
122815,0.016026253
128128,0.9477655
48662,0.0023032234
145040,0.023343865
46911,0.02399383
131034,0.5142825
31342,0.25905898
131085,0.092224695
60885,0.15068409
105512,0.14021394
141846,0.5670307
104683,0.00064081606
86910,0.034220487
38498,0.008009111
22240,0.08968665
109438,0.59699637
63797,0.54941857
20929,0.5645102
110162,0.08376326
118765,0.0040288293
3913,0.0564317
88529,0.5505049
41327,0.05068056
65696,0.6077561
60678,0.0224974
90978,0.25242266
50629,0.046707258
26858,0.06374593
78408,0.010741145
16521,0.09347393
141037,0.63822645
43698,0.12609152
137447,0.062121566
67175,0.09641777
72492,0.0046485593
96620,0.59630394
62501,0.04318669
3116,0.034699604
29199,0.027286708
29371,0.80824035
127283,0.8413939
82183,0.12292894
36561,0.029435001
128155,0.5147534
25198,0.20792225
8380,0.018677672
49446,0.18759371
4494,0.11336092
68456,0.3277343
26041,0.016347297
16760,0.2594064
78966,0.012376409
130475,0.100719444
65220,0.19850576
62863,0.00544874
48650,0.8546077
67717,0.5125023
128989,0.20309016
23144,0.3300515
81486,0.4677398
121187,0.004909474
7714,0.009967959
16930,0.9018451
30386,0.34548214
48996,0.025132436
88080,0.030636145
81117,0.04677059
116939,0.03877334
93570,0.008624056
10766,0.038576316
21565,0.090392224
3290,0.7136549
20981,0.71490204
120414,0.00084333227
133731,0.5426559
50245,0.10860364
50289,0.014928787
91683,0.2543167
14756,0.0547771
43581,0.6688597
120713,0.5991634
22844,0.029464364
49107,0.104981996
71201,0.053531095
87530,0.025799228
40920,0.029801736
123334,0.002517726
123820,0.2556
73197,0.00954968
879,0.066492565
20729,0.5259392
5344,0.14173445
74437,0.00993157
51164,0.3423308
98345,0.008975053
108011,0.0089948345
117771,0.78739166
119978,0.6161908
103945,0.0016044452
21037,0.80894715
99520,0.09903616
139536,0.02432315
44127,0.90054786
6574,0.1769684
92625,0.014143355
15126,0.0871122
86394,0.08659519
103358,0.009999433
121399,0.013562149
85566,0.012985192
141375,0.94412893
26687,0.022196215
5856,0.18138175
61001,0.1260056
84160,0.020974431
67120,0.016971104
3565,0.13130555
144671,0.025788246
85841,0.0043210182
31617,0.45375398
130950,0.085398175
44862,0.09735228
53772,0.07875175
39396,0.010484851
27160,0.17726336
21899,0.16601095
130180,0.7446746
105177,0.69305277
79627,0.6111335
104539,0.006444688
126579,0.082211025
60436,0.018502763
121070,0.53264517
137707,0.0010780483
141649,0.00044091235
53615,0.81203103
37535,0.082819216
67170,0.1336205
88788,0.3276571
69177,0.25292513
100946,0.0022057542
122778,0.8228532
21616,0.28213924
113649,0.058891743
52739,0.075682506
27567,0.65462434
15193,0.32792717
124476,0.023108551
141860,0.18674213
34679,0.083311945
95747,0.05673172
25868,0.26898372
28453,0.014179942
115562,0.67281127
64594,0.0084755
25857,0.5287486
63705,0.2053526
4941,0.77330124
68303,0.44728804
41616,0.84120935
58668,0.3628297
35196,0.045254607
137585,0.020971209
15563,0.09663561
40946,0.07460629
98247,0.002342341
92963,0.11811781
50145,0.31924015
127399,0.024708644
128246,0.050659552
15842,0.1575065
35209,0.037054423
144185,0.010033345
88741,0.37711316
13701,0.013698746
124059,0.20189565
93049,0.12720917
104968,0.008672861
78123,0.42588738
38632,0.0067766416
72663,0.22743937
6118,0.6111343
101658,0.21342334
5050,0.073727034
51295,0.17601795
44514,0.020701826
75390,0.8444276
40590,0.060384374
53690,0.38819146
24069,0.12918772
29775,0.013193407
96982,0.35498688
9453,0.15326878
11011,0.25588113
124567,0.033749737
67994,0.077361956
63343,0.70474476
139616,0.61190695
28650,0.037763286
129679,0.025943827
87601,0.17255944
10050,0.028776782
70840,0.0006998819
93245,0.3514073
66342,0.07004281
33301,0.02487758
67675,0.07466783
100454,0.5897486
26789,0.019980783
54444,0.86343503
27689,0.06855637
56044,0.33498326
17521,0.18773146
124007,0.20607075
84793,0.66550416
112274,0.061851535
4750,0.06654155
139913,0.11681182
67886,0.083612695
23618,0.33804974
116705,0.009383487
56762,0.3079886
123931,0.02839135
95639,0.001305991
7667,0.00049768266
25008,0.9451985
36,0.00400849
16344,0.06286025
75017,0.579501
69992,0.038925253
67238,0.178997
84381,0.072107226
107198,0.011048642
90018,0.055630483
81771,0.023164166
54247,0.27204326
42834,0.06417793
91048,0.43612373
89682,0.17678191
45261,0.7289835
46257,0.22763732
115191,0.2579904
92776,0.46271408
67194,0.0350587
141749,0.6545319
86175,0.0048019644
37339,0.9738159
25970,0.57421714
106406,0.05156614
13469,0.008343042
28839,0.02095668
67512,0.13989517
99229,0.9897484
4811,0.05209923
81008,0.014992331
23674,0.0968807
128896,0.13357079
91618,0.19907872
24482,0.009874367
44821,0.15410551
7601,0.5202598
82897,0.6035985
26817,0.19356439
37647,0.097180516
106595,0.6344475
112068,0.22084148
80777,0.020297904
110855,0.11942998
69248,0.03861914
114406,0.018625759
127263,0.045270782
108686,0.08686017
83903,0.18808562
75076,0.11787671
37863,0.0063700983
42976,0.23175845
122792,0.9532539
132105,0.01000979
132738,0.049274415
90648,0.122526795
96704,0.49779278
15185,0.11430059
105301,0.13931686
100123,0.7215138
112990,0.07442292
29967,0.21119279
89823,0.09593041
126186,0.02582738
116853,0.012031818
128373,0.13428564
95658,0.011582739
122868,0.018603088
106274,0.008078275
11123,0.22996162
40121,0.08387397
133152,0.015527327
119930,0.24795745
137191,0.003486879
90323,0.6580439
74087,0.23696078
116975,0.9177243
35671,0.01767681
23596,0.22598109
86049,0.060632553
45190,0.010754666
32049,0.1460927
14738,0.3766804
121006,0.07793462
34036,0.59474564
101336,0.01363057
91571,0.17845683
120008,0.33039707
14340,0.095082
10196,0.14635523
74618,0.189845
28035,0.2800216
115060,0.007536823
145197,0.0035471388
72301,0.116851285
51038,0.03052571
134016,0.033166617
100010,0.07746818
108451,0.007155342
51155,0.12728994
89054,0.6496133
96230,0.2551104
15781,0.8967339
31941,0.0948216
101711,0.41745558
34810,0.5295375
61978,0.022297809
22772,0.52042204
19901,0.30425948
24939,0.16353236
133989,0.21311347
98033,0.53889835
52294,0.43202284
84597,0.3200084
116663,0.212531
127478,0.0979708
101774,0.8834071
79594,0.47906235
128782,0.0036483852
134752,0.3740387
6913,0.08875753
128970,0.09413546
129819,0.24725632
29123,0.008639598
113343,0.047273204
5992,0.026280548
92615,0.24576718
15343,0.09600558
57138,0.34244427
32622,0.20240873
41807,0.9447521
112745,0.104383856
79388,0.2624125
34967,0.08313619
119103,0.5130803
115369,0.013501851
126523,0.101173274
116680,0.006779974
115337,0.017894194
132068,0.8039954
4382,0.0031973138
49292,0.18708815
62193,0.27081513
32491,0.1413631
46138,0.0030845616
20993,0.6173746
46467,0.73227996
6866,0.025849625
144750,0.013461815
65488,0.07759784
53397,0.8869445
110702,0.08045624
40561,0.16211544
23572,0.12781705
46302,0.47383863
134301,0.032822058
100822,0.008484212
136384,0.0005864671
15227,0.3198071
132405,0.0021343995
33969,0.12333852
67300,0.03643949
54443,0.1483674
130110,0.04233017
101554,0.84318227
10475,0.1567276
56303,0.07328698
78009,0.024093688
65733,0.016850853
28645,0.57564884
29827,0.618532
17627,0.24142858
77897,0.20408787
70047,0.12831444
89535,0.3588963
16211,0.41000068
100019,0.25784722
143866,0.015781976
86222,0.15960215
5626,0.021020658
55446,0.017045477
36999,0.0060746167
77664,0.018431924
89121,0.1869403
103184,0.023251627
101326,0.46069083
127781,0.021337928
27517,0.041817985
60610,0.050042443
3228,0.072714314
142793,0.0011108156
31224,0.033982165
47805,0.04596944
23165,0.025060019
94282,0.033040907
130897,0.26224273
141924,0.010604265
48688,0.15483543
37546,0.021237245
58146,0.14452137
15128,0.1562214
118299,0.00025892732
79737,0.03373391
138495,0.0006704189
10396,0.38414901
52640,0.4487553
76213,0.9732072
12034,0.30984813
31868,0.051733527
71672,0.010142531
49091,0.14250843
87455,0.04339559
103208,0.28331456
109836,0.12841082
71761,0.0046582706
25196,0.90578675
36544,0.010781617
90838,0.026157878
130187,0.33691192
61116,0.03363982
143805,0.08322048
83938,0.021687998
24884,0.20110793
56373,0.32016477
52503,0.87442654
142219,0.31971255
120883,0.055296514
45386,0.7253428
12795,0.006836311
37648,0.01225829
67589,0.16109265
72723,0.034770846
95746,0.07618675
145092,0.48153272
20764,0.32640526
13211,0.0027782181
26686,0.12325494
74781,0.09844659
118812,0.059892002
130646,0.8998872
40169,0.17292406
91444,0.49585715
30328,0.04169952
54559,0.061173726
60037,0.041852973
45195,0.007298389
121446,0.0022924684
30968,0.050940383
68845,0.36503398
31969,0.042584587
102393,0.39916062
116675,0.0021975343
108526,0.007998518
31485,0.416396
138880,0.0021792287
5353,0.05481549
327,0.011066179
107251,0.0015169423
108068,0.0011750333
142940,0.30076402
137387,0.0027181
28436,0.3034671
67231,0.5287651
16625,0.20703392
24037,0.36139324
43937,0.32086217
112819,0.06786604
122954,0.34226978
10132,0.7178349
87505,0.05314842
34752,0.2138764
85315,0.048598927
85925,0.2720225
24964,0.35521922
61956,0.0142944455
110421,0.02273596
10417,0.23888682
139136,0.00022820642
60225,0.010636251
63747,0.024034116
39079,0.043306254
17241,0.24068429
82518,0.05470817
57319,0.2566424
143671,0.110720515
52744,0.9627577
22582,0.09666746
77370,0.040277507
135370,0.7202863
91253,0.53903264
69729,0.22770756
69415,0.019068431
29719,0.08310701
38453,0.74968785
30316,0.46528962
100857,0.4710126
41503,0.60138005
29627,0.073274545
26095,0.029644266
123393,0.21544328
26201,0.010360316
99408,0.6037419
143164,0.011491383
32312,0.47860524
100310,0.95628655
110341,0.6718528
132154,0.4756828
35832,0.020588651
122914,0.0019534307
8192,0.075879306
75186,0.29999483
76414,0.018385237
3953,0.028364107
46446,0.5437006
22930,0.21256837
51356,0.0021814362
136065,0.28600055
113558,0.6027189
61523,0.16321774
140652,0.54789275
145244,0.063861944
124317,0.094857916
99250,0.14516406
67462,0.037932266
23513,0.04069772
126502,0.092204496
17557,0.14245161
59276,0.020954642
139843,0.002187575
25702,0.044124335
64189,0.2279082
92147,0.13371836
41800,0.102498434
138404,0.0019887895
35908,0.8480951
59211,0.034165327
24896,0.093965575
88057,0.026157605
13771,0.046439677
89903,0.051903114
52281,0.21073441
41489,0.20028862
116991,0.03610205
67940,0.5003136
17279,0.20918462
111533,0.12719545
36386,0.28712603
75538,0.25529566
7028,0.27789792
54590,0.92195415
106346,0.0008955662
104922,0.01538268
124160,0.13308187
124504,0.024870057
114169,0.26140222
24369,0.048120704
74607,0.33200532
41072,0.09851989
110769,0.02315917
77677,0.30281848
7702,0.004158441
101998,0.058979187
36888,0.9170219
41797,0.24040642
47510,0.024416694
38544,0.010761436
94355,0.42095003
132838,0.14570226
18447,0.15465547
31521,0.17503873
56015,0.060030952
123309,0.24785304
77584,0.97074145
70817,0.046212234
94395,0.8202795
121296,0.006077894
86534,0.18200405
55535,0.08500062
9970,0.03776164
126627,0.078758895
25669,0.017066205
13669,0.014339146
97507,0.0077586705
105361,0.025729548
66228,0.37448648
73262,0.20042193
92316,0.049009055
9558,0.014068475
144069,0.006809363
1316,0.028400946
109481,0.9644895
90927,0.04649403
40032,0.0798647
83608,0.56477565
143046,0.038063664
9751,0.02672769
58699,0.08269076
110057,0.34344408
97637,0.009237612
202,0.39472035
92647,0.05770892
39466,0.01811792
127207,0.12043024
109755,0.19233645
89517,0.06147636
88222,0.96801704
5233,0.25998077
19383,0.37774277
113012,0.3703312
88327,0.2188052
126804,0.04590447
69962,0.291567
140629,0.051048655
68052,0.9765886
112337,0.0495549
110000,0.70241624
70942,0.009808742
133861,0.04383891
132975,0.036010366
134464,0.03580054
55313,0.4549866
46919,0.34383732
113010,0.8840387
29570,0.033570897
120100,0.092584774
35983,0.26972446
118614,0.081212886
50715,0.034660824
65872,0.0022490206
94721,0.120444074
59595,0.011303118
32961,0.013682545
58905,0.0061095026
79197,0.2839733
3242,0.037531745
137465,0.052922454
134762,0.4063352
130530,0.020357743
76084,0.48979992
41268,0.4219794
101762,0.18051401
115253,0.04142252
141665,0.17811386
85086,0.18651287
56572,0.060564894
73187,0.42785016
114933,0.03371642
73116,0.09541633
71772,0.0034970385
120749,0.0040522227
37115,0.057065222
106424,0.037537802
102759,0.039096605
94873,0.01266851
71990,0.03409476
22864,0.041050777
53888,0.8578757
86722,0.06324413
116565,0.54922026
72749,0.005733274
3378,0.049170565
47450,0.040520888
34193,0.54499006
76305,0.5958316
40399,0.12271005
9802,0.22977215
78057,0.009242007
122786,0.0048565394
117020,0.14428645
94514,0.24384429
25261,0.9039956
89635,0.016932573
33193,0.83708954
24677,0.94782996
15976,0.027755905
31598,0.33878636
38348,0.020149691
28750,0.08218351
38519,0.18118511
10830,0.017531456
44119,0.48105234
106570,0.017732253
30504,0.7894921
119388,0.011265866
28890,0.014858741
77291,0.7002771
42410,0.74612373
119130,0.61143506
12735,0.14070809
84208,0.34077385
101284,0.32936704
43833,0.07392197
84761,0.20079486
134471,0.07315208
71354,0.029910235
66032,0.042912543
8051,0.0118504185
134267,0.013530436
104065,0.080776125
133700,0.10808986
118992,0.0020567735
94455,0.9883937
142546,0.010979935
83494,0.8107841
130166,0.098514006
133069,0.20676361
86575,0.38583457
86247,0.037541598
139828,0.0019373761
86931,0.70841444
73473,0.01240472
104831,0.024697596
24394,0.092855394
13543,0.08706999
88257,0.065585844
138048,0.0027159047
24446,0.066820726
44613,0.39775723
126856,0.02118066
73774,0.18186076
20603,0.028292181
105300,0.036855694
62703,0.006143916
18315,0.037660655
40017,0.3947499
124114,0.4908797
143378,0.17542502
122970,0.0009877881
127813,0.21151282
48678,0.006930665
117344,0.012653458
54060,0.58969283
32429,0.014580482
20089,0.9164428
140996,0.7378898
34114,0.008807512
98691,0.05137923
141308,0.037288748
8023,0.10439176
140984,0.48993373
31401,0.023608118
126611,0.6209435
145018,0.009530746
94462,0.7160097
141464,0.35905617
144751,0.0091581745
72798,0.08487432
121655,0.004630591
26585,0.3420522
117767,0.26714262
68007,0.7552575
82658,0.28495753
1765,0.057963636
14248,0.01404586
140017,0.9411713
79850,0.77266264
100445,0.124971054
20362,0.07120165
126874,0.06041738
15636,0.22160521
61309,0.029609198
43248,0.79026175
118311,0.0036582644
122424,0.058654446
144996,0.17812939
73561,0.36648926
69366,0.1859211
121429,0.9790811
66192,0.009379218
62459,0.074857
21234,0.05072962
57628,0.6079461
133609,0.07076164
14162,0.05766922
102355,0.047930244
66859,0.1883542
134682,0.08937899
27068,0.9534301
115330,0.009910829
8602,0.00802023
70133,0.04281094
75260,0.1805365
142431,0.0090549905
99955,0.084915474
23042,0.16671099
76885,0.08550803
124304,0.038304184
108754,0.2401697
32042,0.4663496
143932,0.0035361669
106157,0.16453311
122145,0.006362093
84138,0.77488685
40816,0.50736964
135864,0.13700867
130229,0.33948123
34332,0.08011174
34069,0.08445673
104596,0.004194834
54707,0.6881956
19393,0.63507134
136958,0.00841759
141646,0.03277019
5,0.35630286
122060,0.007683993
82511,0.19902222
91470,0.035630446
109601,0.9163114
77562,0.017139727
127802,0.22875465
69414,0.021541102
79114,0.22851427
112397,0.051091127
124993,0.0281674
103121,0.0055423453
78384,0.042569757
82032,0.06440225
107384,0.013173884
82286,0.232531
109552,0.06218787
118975,0.21035182
143454,0.049588315
81642,0.48926353
99889,0.0465362
59468,0.9349126
97015,0.29389867
57780,0.19260281
77911,0.65660447
140545,0.0005298205
29322,0.49918652
133385,0.15153597
28170,0.043447156
81661,0.016891537
32021,0.012451183
137506,0.007968404
65466,0.37907958
29610,0.015339054
136815,0.082585104
83813,0.46009386
114305,0.87292814
83230,0.75878143
95648,0.25725284
118370,0.002559036
140390,0.9342146
42219,0.15251368
66476,0.26614922
4821,0.16512623
100588,0.6289918
69426,0.2793862
76915,0.91341054
72690,0.64981514
44223,0.052387152
3470,0.2617272
21508,0.02400262
70431,0.011236935
25931,0.07857174
139389,0.05148089
94190,0.2821649
95180,0.029023558
120529,0.04797092
117734,0.002174962
75320,0.17679667
122211,0.012400568
109839,0.9701359
81748,0.21968213
13564,0.0141649265
35021,0.013101373
129557,0.43096653
131007,0.025677577
3898,0.11311971
27199,0.10531265
40782,0.5810969
20978,0.643014
73429,0.15696552
25423,0.017528715
31006,0.054373767
143723,0.6729847
136174,0.42475864
61990,0.18862098
108869,0.21342988
43902,0.095396526
6503,0.36478165
54369,0.37437263
125124,0.105035834
133988,0.20110221
3484,0.011728345
116516,0.4004625
87978,0.93323314
114354,0.45574775
41470,0.60632944
4281,0.021500736
4052,0.89682204
69925,0.21205103
126890,0.07840149
59018,0.049490336
119520,0.054208264
119216,0.0056069777
8092,0.0027384157
126752,0.046021506
72207,0.023012847
71704,0.0037957954
39911,0.06083509
18266,0.39502746
10170,0.029613249
20167,0.22029875
24182,0.07773731
20435,0.06094874
42686,0.17376654
41239,0.8425739
87999,0.9734042
66162,0.0031900469
94582,0.0043589515
103051,0.0069884774
139572,0.0617931
42131,0.06288982
49775,0.06372575
110726,0.07356333
41651,0.9575879
63172,0.1392116
15725,0.085002124
87895,0.052244287
135364,0.068631925
79420,0.6000298
65400,0.15164436
145091,0.035907157
124851,0.046425816
48311,0.14342068
7969,0.005146718
98082,0.103907645
109880,0.9812914
58843,0.023024997
101157,0.8165052
11322,0.6446146
9204,0.28572908
39636,0.48667124
94693,0.043200027
130159,0.17671715
27446,0.07144028
56713,0.30751455
92063,0.37925825
20773,0.0057009803
65970,0.01818475
40847,0.045267288
56276,0.03377088
78466,0.14216065
1652,0.057239555
91553,0.027583977
100375,0.9576192
69781,0.40889162
5758,0.044644177
63260,0.9713561
78982,0.3545177
461,0.24118522
81808,0.9579411
24516,0.021151062
34482,0.21704875
78245,0.66737133
68331,0.5340558
10655,0.0014487471
99873,0.10593872
29120,0.01233599
61775,0.88692474
128235,0.36131898
40985,0.2727075
21272,0.56672955
78668,0.12777875
77603,0.26204064
32450,0.25981495
30407,0.16269574
136969,0.0059241573
108607,0.04876945
74208,0.01641942
22364,0.3281472
85686,0.034991834
21702,0.8296741
87757,0.04150575
45692,0.3741181
63219,0.86688066
80378,0.0074399486
65363,0.06396903
88987,0.27570513
130827,0.02269689
65248,0.076880865
94035,0.9818502
72498,0.4588947
136939,0.018273946
20424,0.02520786
55508,0.0073528225
116910,0.9784064
28183,0.06749786
75523,0.27420312
74143,0.017975768
88362,0.12108595
78323,0.069824934
33505,0.9020195
30577,0.112109035
123394,0.09161978
89560,0.0085637495
85298,0.10418188
36320,0.19231796
88813,0.0309421
81869,0.9923586
125694,0.13896868
110657,0.090886116
83688,0.9422601
45398,0.06616376
60558,0.29088134
5833,0.047901355
138673,0.0050796126
48667,0.24123332
110418,0.31083435
29254,0.15413377
20136,0.04418335
49097,0.089134224
137014,0.004056819
103436,0.7660164
91496,0.11440504
6371,0.006459939
315,0.40360644
64126,0.14492269
31381,0.02641792
63537,0.013216322
47454,0.0942749
24573,0.16321188
6440,0.0030872182
31681,0.10613886
136436,0.00035965504
120069,0.028776271
117149,0.0028329082
64786,0.91097295
38422,0.044083416
109168,0.19527239
88195,0.061580427
45491,0.7211282
35906,0.2742296
107832,0.18362233
70551,0.32982215
139239,0.16360712
38250,0.005337987
14042,0.05812059
12105,0.003454531
24910,0.04608228
90781,0.6059586
22669,0.6912345
90901,0.29109403
120761,0.004852764
137424,0.003767824
110841,0.9555499
53758,0.05520483
62353,0.020074306
143929,0.028023394
32509,0.017597778
23880,0.14672057
16817,0.27910945
17707,0.11396427
97155,0.13206214
102520,0.8700195
10090,0.035440776
45868,0.35955444
123167,0.8263769
107718,0.072990626
111069,0.021881303
67046,0.006097051
117655,0.007510144
47470,0.03770222
143690,0.5581228
47130,0.32605416
117678,0.006191429
81556,0.27035278
124669,0.107380375
63840,0.07188724
14994,0.030538179
117131,0.008290445
4700,0.0067924596
35605,0.065293945
115591,0.017748855
49798,0.6024206
134013,0.17400804
77743,0.084441334
72245,0.042515058
121810,0.016898174
39780,0.005180182
33554,0.15206584
99789,0.55481935
72474,0.23115015
49842,0.3817832
3195,0.46332732
136489,0.002313029
126041,0.028533796
53291,0.030516487
109786,0.5315143
40083,0.012929459
94865,0.0006705678
57061,0.92272824
130537,0.090775244
129595,0.9013165
9903,0.45869938
142030,0.12355604
43363,0.029628571
125400,0.21956263
83247,0.2107814
58165,0.03377521
104392,0.043046463
124064,0.08428152
15672,0.26266974
108214,0.030191353
104878,0.7493589
129046,0.038232565
1190,0.121166475
135604,0.06927891
5891,0.11173833
127730,0.03973653
121353,0.97950923
34179,0.028868288
86337,0.62029105
103280,0.007574789
56253,0.019620115
73434,0.06826914
38296,0.0036463714
24951,0.18164887
8170,0.010090891
82262,0.59056854
99621,0.1332339
119344,0.00053453236
4564,0.39895165
30891,0.32854506
117642,0.019560384
35020,0.05477326
8826,0.112765655
94999,0.34711498
115276,0.008527237
64381,0.050181262
31672,0.03071095
107163,0.010088719
26567,0.90806556
103880,0.107057534
25496,0.06284051
127117,0.633748
103854,0.72965133
93210,0.04083462
119123,0.76291656
131054,0.19313166
69228,0.042570356
87046,0.21925077
39168,0.80618095
54626,0.048851132
135443,0.32597092
126202,0.18948923
15952,0.93136436
64344,0.08776039
15830,0.1459291
63548,0.5378742
86928,0.06992013
20865,0.016804285
38946,0.27058783
73758,0.81307673
32225,0.020202981
46161,0.069906875
103486,0.10528775
123172,0.20061192
91340,0.051718988
141727,0.7122295
52247,0.6995588
47753,0.14603268
54287,0.23113896
17709,0.094568655
123254,0.033834282
22046,0.25635338
142377,0.0048227618
65841,0.28718922
42335,0.052107308
25221,0.05714194
109731,0.012681447
71220,0.026979648
81834,0.19535686
107796,0.13234366
138055,0.00085678796
116517,0.39071542
109155,0.27083266
24713,0.21070412
33907,0.13013586
21404,0.09516035
55024,0.25203496
53968,0.073868476
136084,0.011209371
26387,0.022218905
32119,0.026931815
32289,0.40890354
77071,0.01187476
24444,0.631164
123661,0.05133313
137653,0.08008725
98223,0.06290745
62893,0.9530162
89287,0.043467484
44304,0.0975188
84976,0.29288408
59212,0.0061146445
95541,0.0017289978
131634,0.04836194
112715,0.01856111
138846,0.0029834956
101412,0.07798402
139223,0.13056612
86515,0.050833248
5538,0.090834476
27030,0.57787216
76218,0.950858
91687,0.055728555
118772,0.0440728
125935,0.024599802
71878,0.04629315
74130,0.032228164
89109,0.59647053
137888,0.0023199806
41594,0.5180005
111816,0.51915497
141004,0.21383005
101547,0.07031991
144649,0.010048982
48859,0.18176444
114038,0.017615823
68262,0.026168939
109745,0.051706456
124333,0.039403167
6220,0.24892408
113956,0.8786642
28275,0.6173942
7138,0.8366003
79955,0.25020322
91853,0.61976945
128583,0.05791521
107938,0.0008548447
73761,0.011336012
73406,0.056077085
47888,0.04349515
82201,0.12292067
80899,0.0025160525
38267,0.27319986
75189,0.8184636
112243,0.14850354
135137,0.8811048
27108,0.11459396
40953,0.15248902
45050,0.81294185
109516,0.7825502
17750,0.15985006
95453,0.43290308
77792,0.15992053
133447,0.29048365
41242,0.08787099
121365,0.12711465
73250,0.017758768
80875,0.03946996
76651,0.4717685
987,0.03774299
9962,0.22159696
108937,0.21252945
16163,0.8644482
1406,0.16577011
63034,0.016461767
61513,0.4421592
102099,0.10512368
57382,0.16054137
64525,0.043892376
76867,0.044287976
119373,0.009097259
33448,0.013318498
114563,0.07191266
65612,0.086849205
56190,0.1740227
20486,0.050111443
37077,0.6758378
78322,0.8558533
73606,0.0574579
128425,0.96638095
80217,0.49707243
3430,0.19281848
139867,0.026543083
121088,0.4414345
5846,0.1769581
67897,0.69493175
119570,0.5005531
142681,0.3428815
16923,0.23950103
104475,0.64582103
86853,0.04401265
143896,0.018685492
33804,0.18034284
78090,0.09175338
60094,0.27080914
50847,0.20366904
107457,0.0068172426
11319,0.04670242
56014,0.040672325
55398,0.7048314
139899,0.09707209
100255,0.10879121
62610,0.4096037
9996,0.0057181697
88982,0.9852233
58798,0.05566151
142486,0.00083481456
137907,0.012620973
64229,0.18297686
138292,0.002483713
120464,0.0010937736
137992,0.003659591
6015,0.027836539
17175,0.2338707
24367,0.0329756
103471,0.5991053
31166,0.035965957
116484,0.88478637
86336,0.18403007
33089,0.07822705
99622,0.03941134
9879,0.33790123
96268,0.5462926
125318,0.16760372
84912,0.9128857
52561,0.08255055
45577,0.03735431
57472,0.51892424
110465,0.4637837
88958,0.18273652
120820,0.006460664
101836,0.34026477
51681,0.71371824
106271,0.0013964855
125889,0.039140232
116758,0.013047726
85797,0.0022265404
50505,0.42653278
101347,0.062277887
144080,0.061129794
104324,0.064837925
51522,0.083458446
117114,0.018611562
56827,0.1507975
128408,0.9860848
97449,0.036187444
109235,0.0311373
645,0.41091588
73056,0.069681115
84461,0.0026934927
26893,0.04747922
28760,0.02278097
80425,0.7251202
10577,0.30599523
46482,0.0019082169
114907,0.0023409822
71416,0.2850946
74248,0.37004602
6152,0.31693113
58276,0.008722847
54100,0.06519642
20281,0.10801841
76572,0.86532193
43007,0.25983047
52615,0.059953682
52003,0.026009921
127194,0.15978193
31443,0.1659066
90236,0.7558632
83417,0.024430113
44012,0.6532489
96327,0.9760168
17538,0.11454596
54277,0.3627088
4605,0.006347289
643,0.98255485
61918,0.06002385
61220,0.16305237
138132,0.0007466104
138565,0.012123722
103873,0.006581879
106482,0.012016625
29982,0.083367206
90296,0.85219795
117278,0.9499503
137688,0.002251285
51724,0.97063893
50105,0.052361015
52668,0.8276881
34877,0.05960518
91971,0.7930607
106191,0.015622854
64640,0.0495509
95528,0.006896676
106636,0.010245584
99545,0.11719029
70282,0.022851074
121878,0.006605241
14299,0.011457212
74261,0.2632177
139427,0.0033955309
96580,0.050093755
44299,0.86543673
130916,0.73509115
6634,0.0892206
86314,0.44672847
41271,0.107500024
68572,0.65314615
111469,0.15249467
109551,0.21606073
14121,0.07736535
66166,0.015890628
97227,0.0027514491
76859,0.94045687
8751,0.9668874
121390,0.0052347505
128381,0.17352583
12188,0.01144913
90130,0.19391698
119540,0.008879258
49662,0.053917587
100004,0.020760082
71921,0.38029224
13780,0.00060277304
126323,0.037757143
68076,0.07896349
17836,0.39519864
114750,0.18269907
46205,0.051394384
3338,0.8526192
8086,0.189194
76064,0.017025037
131614,0.03662049
107831,0.73611003
99949,0.0033503342
129225,0.13454302
2059,0.028884957
122656,0.018241331
104417,0.043824323
6405,0.006370684
84703,0.3224371
32930,0.7281794
5088,0.0632209
38426,0.008958756
68297,0.42275894
109135,0.37860027
2784,0.14029829
29927,0.01917986
114756,0.012382146
99916,0.0014485401
143790,0.6779268
3557,0.05451615
10792,0.12603508
89182,0.010695801
141192,0.00097419607
23818,0.2944159
62025,0.5246296
25617,0.10426409
70494,0.0018127193
11204,0.11949607
141063,0.98475987
98473,0.02499626
44310,0.6240442
2631,0.6452796
117110,0.026730172
62391,0.065045886
40517,0.43168882
73881,0.433893
53851,0.07386836
51591,0.39235467
81733,0.042959187
65919,0.8192906
106743,0.006732931
68060,0.43835068
79874,0.28060955
37779,0.11098625
63651,0.47640988
135107,0.13444625
40415,0.011103322
102859,0.33298194
12529,0.96659064
115741,0.026156662
66668,0.013090157
77673,0.8911279
81250,0.38183445
106833,0.18349612
14681,0.43272978
23169,0.043733686
84175,0.0099095795
41434,0.620568
5402,0.14870515
16815,0.09109052
47429,0.013847347
25171,0.05370768
136829,0.014682978
8966,0.0821558
129672,0.1349971
82704,0.0131307645
18833,0.19497496
132708,0.0041427366
14536,0.22553974
127935,0.08435323
36157,0.6213443
28590,0.11732576
78994,0.17588602
26073,0.028284231
12890,0.7998796
58445,0.14021133
41152,0.045703795
46187,0.14793421
134701,0.6718836
10374,0.06579342
140682,0.5502377
15737,0.065330595
138709,0.017186483
55466,0.40736854
34766,0.22091958
9486,0.6049816
108954,0.027072774
21164,0.1800164
69705,0.20374388
30221,0.06935883
118418,0.1624426
13724,0.10263122
78010,0.04004471
3714,0.06899594
63379,0.44919747
117792,0.047871124
75373,0.047908023
34663,0.5969464
53079,0.07853651
3805,0.10994315
28418,0.02602191
61074,0.016967526
24178,0.018599741
44910,0.0636657
113980,0.76448214
86197,0.10396069
41664,0.38795322
97821,0.10631609
108699,0.035106547
26805,0.044941776
68199,0.17455061
140762,0.15784974
94178,0.0028510278
102860,0.104592256
116240,0.010849482
111151,0.36674464
107087,0.06919222
30165,0.031793654
100556,0.44709387
76776,0.05011797
39125,0.973411
63235,0.0471717
70867,0.048358962
141025,0.985761
53386,0.10231686
128686,0.31499127
18047,0.19971433
127934,0.08210617
120689,0.004776598
87462,0.633822
98673,0.035583634
6570,0.03051451
103928,0.7942826
95350,0.007895412
18479,0.056890808
44716,0.72713035
9094,0.09038248
138950,0.14209588
24166,0.025479496
133488,0.031861313
98625,0.041359577
65103,0.18983555
118125,0.050539576
96171,0.14031702
2610,0.068305366
49126,0.1599551
50692,0.0739074
70587,0.28916284
11158,0.9142681
17850,0.19990392
120280,0.06686055
128151,0.067133784
36122,0.012216093
118702,0.00071354746
70420,0.0008118447
10734,0.061300997
42953,0.19087587
98380,0.11825235
84250,0.06877909
67647,0.105483584
42789,0.15129988
11600,0.16904451
34040,0.8886435
127372,0.2516592
29055,0.1795361
101719,0.23352036
37466,0.009312106
144640,0.00781749
24761,0.070520625
39432,0.017790811
92829,0.071765535
67162,0.051087033
95423,0.08012884
97739,0.88245726
95207,0.9608423
100403,0.44758123
10458,0.14166516
110036,0.73169553
130741,0.37538
70938,0.3313698
33024,0.2226972
55417,0.085900374
93232,0.9123078
67719,0.039231926
117015,0.011461188
26451,0.21108788
40369,0.22697565
116026,0.4590903
60401,0.40874177
110965,0.12404371
18367,0.017064279
401,0.017193155
30743,0.20871022
86494,0.13527896
114975,0.022892438
134746,0.9825106
52043,0.053577334
35421,0.17535025
30840,0.01399786
69566,0.056697737
110414,0.19610968
76562,0.94680905
38379,0.42664585
144373,0.0053920373
13525,0.020019498
42684,0.06541546
139793,0.04604941
75820,0.06765918
12163,0.005384343
102586,0.037616465
101896,0.8258262
63794,0.08198201
103209,0.03144332
98352,0.71217024
46726,0.04653423
133912,0.014888729
62032,0.025464138
109740,0.083121054
86478,0.027659034
90810,0.8139613
19819,0.1704692
120770,0.026888806
116148,0.113912545
83647,0.9092651
51224,0.14860803
52109,0.016950242
87,0.00874543
46178,0.08527405
11762,0.9780912
109861,0.8137916
106843,0.0048547373
45782,0.029590756
22342,0.76133704
57968,0.052286178
122643,0.26943517
124964,0.007973558
25463,0.07623735
4509,0.12224271
85645,0.0536227
38066,0.31852219
144655,0.0046837116
87547,0.9699266
39097,0.019536093
117071,0.007362051
46572,0.05316319
121178,0.036486324
88101,0.013237163
30556,0.6753985
39726,0.7807252
83442,0.07083326
125116,0.05826469
142505,0.070895314
50871,0.2825502
95563,0.1026983
33076,0.3119626
132411,0.020653727
133752,0.028706226
144595,0.0042002588
5630,0.06689547
60073,0.6664755
41903,0.5901041
40200,0.9822005
5113,0.4551837
5132,0.054299675
15819,0.09291849
38394,0.018170364
70757,0.001994498
128083,0.6688346
90929,0.28205866
83265,0.038603924
115836,0.1730054
19935,0.53212005
124600,0.07295731
16223,0.38591415
2514,0.007841096
64035,0.83257717
16958,0.17804983
44750,0.1963311
26579,0.19818914
50603,0.09126393
30511,0.0042996863
111438,0.11555295
127053,0.257058
66337,0.2347666
38078,0.016057579
87348,0.06846677
8932,0.0072813286
67249,0.12790525
131309,0.9250582
130936,0.3511444
6822,0.23237132
64167,0.036231942
90743,0.373419
38776,0.008623233
93439,0.07294831
74487,0.0566975
79324,0.43901706
1742,0.7717711
104647,0.10945218
127312,0.1709172
124238,0.038736455
128509,0.25710183
114600,0.08414853
134945,0.618696
136805,0.6844504
138791,0.02140894
125623,0.029924667
120938,0.07098009
72123,0.021871228
83437,0.009043988
34021,0.17375988
54193,0.8366681
87488,0.045066305
66450,0.07831304
23982,0.11980731
121478,0.007693521
25647,0.04979658
132075,0.01619671
140217,0.01598227
39742,0.019845642
109387,0.15616105
55455,0.29498056
94314,0.15230095
14661,0.035114285
96012,0.03902164
97639,0.011861736
16885,0.126404
27615,0.116386086
50271,0.01405296
98091,0.9929676
99005,0.038307644
113435,0.10318939
79138,0.117495455
71144,0.023393376
43157,0.17618957
134697,0.114288054
109631,0.23551346
99963,0.007571134
10943,0.15798993
5220,0.038056172
111850,0.40921348
15614,0.62870705
36391,0.7993281
134396,0.13641304
92295,0.22640368
106202,0.045232568
107174,0.26607323
72021,0.47840217
22577,0.21792306
1109,0.025028564
74378,0.08656932
86824,0.29037702
2624,0.102901906
69932,0.095819265
123174,0.001189314
66572,0.029820928
20652,0.9619027
28412,0.101966694
40213,0.27288947
113540,0.42353386
776,0.09468925
125947,0.016706293
111894,0.31389847
145318,0.15261067
18872,0.36082885
130082,0.122206844
12753,0.18463993
117886,0.74708503
23948,0.07682082
63418,0.55245715
28424,0.6355254
104992,0.00084129284
63982,0.29169384
14986,0.069152005
70686,0.0027374288
107401,0.029975891
121141,0.09522187
32005,0.29436812
80312,0.3277591
33359,0.15796271
132949,0.0076742736
87789,0.45191222
65329,0.050679114
17003,0.5720582
122912,0.021878053
80028,0.12022114
98350,0.10229976
105695,0.0038489755
127470,0.153497
145285,0.04457172
6424,0.004540884
143287,0.30180645
110390,0.010155172
37615,0.119442485
124729,0.16062166
2735,0.49894223
96899,0.015709423
145057,0.0040757605
34081,0.010626526
4635,0.031358775
12326,0.01523913
62734,0.018501844
132607,0.4421997
143297,0.034440044
212,0.8835545
88307,0.10241003
87170,0.04422024
40041,0.56597143
107039,0.043629497
34737,0.25070205
121634,0.007555643
30869,0.65649873
108657,0.5860375
53611,0.022829156
85361,0.4450654
62361,0.5616409
123219,0.16584803
59213,0.027320469
104109,0.18120055
121249,0.0060508163
39220,0.021346403
6331,0.0017084634
138793,0.012419346
55318,0.82960105
87187,0.17861527
43743,0.07707096
6063,0.028860386
26846,0.04405136
86044,0.018400773
137210,0.0013701369
104955,0.013943544
114062,0.03825569
75888,0.10154644
23859,0.5056967
70652,0.039017968
30543,0.06244249
53337,0.6466383
4940,0.22434635
583,0.13520317
81317,0.05695429
43611,0.62598974
133885,0.42460275
83736,0.2726952
34051,0.022926241
51001,0.25290093
126010,0.013836503
143590,0.0102173155
25207,0.0725771
71518,0.98304015
35289,0.07703046
53672,0.021103878
120371,0.9226473
22266,0.060769077
50073,0.055700004
26407,0.032505233
63455,0.02874682
68616,0.23377
126695,0.8429453
97012,0.878497
33267,0.0066036424
133214,0.007102973
36875,0.0018961293
88126,0.23767555
140899,0.013537363
137341,0.0010332449
2892,0.007983583
10006,0.0070388024
144721,0.016428262
102954,0.00205896
61515,0.9372358
97756,0.013858929
759,0.021183403
123001,0.2830712
42670,0.9712702
137043,0.0006592482
115283,0.0024902048
58160,0.25956202
15465,0.19180113
94868,0.018176273
34270,0.01811795
39859,0.3628615
19537,0.09066382
29466,0.46970347
76118,0.048392944
115757,0.025796114
65280,0.0145579185
99164,0.8003429
123603,0.14081106
34103,0.04061059
137088,0.06165419
108971,0.2701056
51548,0.31325686
93661,0.068836436
68116,0.02727179
47227,0.025562821
131293,0.059989367
40411,0.07189377
85072,0.40792114
128338,0.48225412
103056,0.010337934
3249,0.028185844
98859,0.0045623984
137120,0.084139645
140776,0.031486552
55058,0.16453196
40039,0.44467142
42337,0.3309394
140585,0.00016618625
48956,0.07241004
102503,0.15086648
77941,0.17952998
62697,0.041693985
73032,0.23313905
136000,0.07216704
90765,0.08675526
99077,0.008862245
11831,0.64002293
72315,0.045502894
144090,0.0108494675
116786,0.006624979
97991,0.2141955
81017,0.018143488
72389,0.030618647
72754,0.044835046
78436,0.04391023
114941,0.20365424
119358,0.006043611
31419,0.2622766
78087,0.050845373
58884,0.056977157
43659,0.20340611
107366,0.0170903
87325,0.032184318
112908,0.13612539
2684,0.7386926
115768,0.020908171
82852,0.034823243
38712,0.05668248
58361,0.0072928565
42945,0.72387785
60175,0.002965952
74147,0.016073799
112971,0.502093
94739,0.28040165
17282,0.10045218
100655,0.040444437
135585,0.63377756
27524,0.01550822
59930,0.05360397
56075,0.07074453
140567,0.009452563
33507,0.13962111
71823,0.0007351667
18787,0.109839045
135976,0.15831944
17395,0.07054212
36255,0.2136046
25268,0.40879717
107946,0.0041461885
6364,0.0025420527
125969,0.027459037
75845,0.1655553
77651,0.9851614
72607,0.012027523
105955,0.36679047
94756,0.06193319
76757,0.03549318
25482,0.0495938
129333,0.10253974
113352,0.014800961
7708,0.004214065
85157,0.015354792
13465,0.2548648
119868,0.99132675
137066,0.0033304966
50362,0.29622945
49318,0.13987729
135895,0.08328346
92436,0.09483327
121888,0.16466866
110534,0.914884
118052,0.01590528
11491,0.8552727
9194,0.016576955
78356,0.14582838
54093,0.054988302
16019,0.17370741
24763,0.02062853
69456,0.30299285
4860,0.919067
84915,0.9026523
11063,0.242878
79557,0.2110052
76827,0.6329945
32765,0.022936001
69032,0.1338693
98283,0.0019319417
18105,0.52565706
101614,0.029068125
2063,0.106797054
15538,0.2343393
115535,0.6236287
85449,0.9284759
34050,0.01432706
60155,0.14818045
109937,0.8649007
111962,0.015310343
102069,0.024723373
48551,0.11042131
62329,0.0802839
9899,0.12880462
35245,0.005064071
29722,0.06141736
61472,0.06401648
116029,0.035658885
67384,0.22742866
52796,0.2961999
49135,0.06330329
85374,0.71933764
115874,0.15345928
6916,0.07238919
3808,0.03473685
39493,0.013427427
143730,0.7743457
108912,0.55501735
19733,0.02026682
75002,0.59500897
107741,0.008217214
127911,0.036524586
84502,0.18385276
88852,0.68102044
5767,0.057775583
94322,0.053920787
130830,0.06821173
12073,0.02294849
11422,0.41181743
94867,0.0053525874
136506,0.0026968303
72831,0.002230738
111125,0.07164492
7654,0.02435613
97480,0.0069116824
395,0.012736462
112247,0.01908027
118606,0.05048598
122,0.00828887
13880,0.002010854
40923,0.36479646
99681,0.8055239
62315,0.93110365
62484,0.39136666
127188,0.20475547
37205,0.027413035
122300,0.34933826
109793,0.7066045
132112,0.106503345
75509,0.016799023
114165,0.20565453
46400,0.020097643
97250,0.016624821
80792,0.22031099
20341,0.020427123
80265,0.22321385
119664,0.27351248
43244,0.097001605
31217,0.0131035065
111953,0.014700291
35154,0.014083833
124593,0.14465798
65756,0.039785977
3215,0.14086144
119878,0.017475473
5583,0.1415156
111657,0.13328557
62380,0.2801644
72203,0.08491232
13328,0.6314857
98272,0.008683831
38210,0.00064211735
81985,0.5104421
41546,0.031722028
57726,0.42286405
9123,0.04362372
94586,0.0016405891
73193,0.016590921
68598,0.11051956
130198,0.95992184
869,0.006844986
110247,0.17706877
7118,0.06439333
3696,0.035161845
35350,0.2737178
58796,0.13482325
116541,0.012931424
119651,0.041536797
39091,0.02605947
43949,0.43767506
109749,0.09016203
10586,0.258777
39612,0.18804017
26136,0.089597054
83073,0.5676681
103298,0.020602325
112042,0.062110845
38601,0.43441296
113925,0.9761738
129681,0.15330748
39705,0.5451155
4394,0.02352394
88580,0.03852587
39181,0.31933275
28197,0.38924074
82179,0.61900604
140334,0.22740942
68983,0.18681659
56818,0.14029743
41830,0.13157445
82044,0.23530363
52323,0.18656915
37663,0.05713945
43172,0.025650391
28247,0.48277014
91555,0.00989426
66184,0.04990724
127186,0.09306054
4732,0.2045677
31259,0.13233633
127687,0.14207596
93922,0.011677976
86600,0.0901548
40880,0.0052364864
113412,0.026976796
94955,0.009497558
26218,0.077278934
47798,0.6771416
111236,0.47243145
122242,0.0068498054
129329,0.06357561
94812,0.27987805
51003,0.49588835
85504,0.006059644
30358,0.050106153
60848,0.7152781
125587,0.3236211
125263,0.072770745
1026,0.052534252
1821,0.012141393
137029,0.0015818614
89022,0.86664
86820,0.010437996
125078,0.88358283
52638,0.13565505
42293,0.109233834
38670,0.0077218683
12867,0.2984187
131135,0.24109618
91443,0.73436904
55678,0.7597697
30140,0.26475218
18121,0.24643882
125081,0.885817
70089,0.19557506
86747,0.011222618
115353,0.22881903
98335,0.0069151293
93342,0.7165366
10165,0.7813811
135914,0.034885045
114988,0.009153624
136368,0.0006449906
17866,0.17084248
32343,0.49094442
52482,0.030985463
135354,0.19056079
96449,0.31204462
97472,0.022610998
6556,0.003691878
95259,0.020493636
99082,0.038555823
51961,0.5252925
60689,0.07230087
130060,0.6000802
857,0.03341852
40464,0.48726693
31632,0.034690727
83754,0.27568826
71205,0.7031124
7965,0.079739384
105709,0.011649815
129266,0.022684507
128053,0.9671989
67860,0.21744312
141535,0.00883396
14520,0.19885759
25288,0.062152658
33151,0.09821485
116241,0.004439962
32757,0.037958957
83289,0.075709425
92329,0.11732469
54268,0.04584521
35146,0.07224911
104499,0.5731701
25684,0.025676133
60967,0.7064763
48112,0.09017138
102134,0.91622883
112121,0.9241989
90990,0.011211839
86358,0.4254149
130580,0.17814562
50660,0.52252895
59866,0.047220442
134413,0.1399546
59500,0.58290607
123545,0.011004584
105911,0.0038682239
41325,0.80781305
64370,0.2923071
3368,0.1500725
137945,0.0018627235
109170,0.01155761
12495,0.24764629
123030,0.0015882206
27905,0.16577575
64984,0.2385928
83298,0.1474573
72737,0.0027639987
103885,0.18148324
50046,0.007639867
108791,0.63977784
73167,0.0042304723
34944,0.0448401
14826,0.0383899
48833,0.09780915
103182,0.1545722
11418,0.13758996
101772,0.6026087
67812,0.44400468
99945,0.059973024
77077,0.0121680675
118518,0.013594747
77207,0.9665903
45031,0.08902072
131771,0.027227059
61257,0.19006151
135620,0.32651302
29951,0.103517756
27472,0.013854069
106492,0.017397521
80905,0.06781873
86548,0.053016275
51564,0.06614808
75545,0.10246376
21680,0.7489067
121652,0.0022770402
43324,0.17899975
139016,0.017864117
141235,0.0015748753
139805,0.062720634
77470,0.13604443
92294,0.22083832
10151,0.70258933
79967,0.030556614
92666,0.039971482
121383,0.2651248
89333,0.22535908
8416,0.0022844328
80664,0.6910919
127125,0.09546448
40757,0.7043313
127856,0.14047122
101682,0.0050585987
43773,0.07233675
123337,0.029893013
24328,0.23482578
37378,0.08697739
135149,0.5106758
66527,0.10003358
130867,0.06616779
84602,0.24314952
127828,0.92060834
128815,0.9849358
53702,0.020347562
128663,0.07662929
34872,0.020877792
132297,0.3850325
90447,0.2256684
62708,0.69023365
119567,0.36998573
72522,0.0026821077
45402,0.1302453
6730,0.16540986
58311,0.035286643
28552,0.22215231
22697,0.0848062
119355,0.0009646983
113977,0.017244443
131312,0.03746326
66780,0.15853986
122969,0.0050061094
9883,0.18068928
58366,0.7416248
141748,0.7126564
431,0.362923
48597,0.0028473118
4400,0.14681213
1362,0.07592135
14110,0.0034216016
52783,0.11616021
43506,0.20827274
41135,0.02932112
4765,0.009245147
73345,0.026347818
70762,0.0005993459
28407,0.0024849204
141527,0.009116277
68192,0.07698858
125050,0.93673617
119937,0.064960316
50054,0.12799248
129321,0.1522602
17954,0.24915685
110551,0.20608076
73946,0.006836512
133229,0.044338297
64863,0.053423896
33420,0.83155024
39487,0.06316412
104953,0.14457811
45962,0.0108479215
48730,0.010011699
38342,0.15735139
104819,0.0482048
8681,0.009668313
79413,0.04100992
87560,0.4083841
7782,0.0077615464
108591,0.33960217
33157,0.8041002
101750,0.40923417
105952,0.0018139277
21723,0.72881144
9132,0.5366827
26332,0.910394
144235,0.046232004
60818,0.19951952
40576,0.9043413
116781,0.015023939
33688,0.53590834
39581,0.41631436
78473,0.23606132
63026,0.007400474
81323,0.54348207
85468,0.010512437
109596,0.029410632
81997,0.018360209
30671,0.3025509
115200,0.0005934357
76591,0.37238142
112400,0.08942165
143694,0.3857237
16879,0.26295087
92565,0.45841587
39422,0.028122645
96432,0.00343863
79301,0.08385404
7391,0.00097166596
42174,0.24097282
48683,0.23614457
87374,0.009939942
36719,0.046104964
14469,0.034790635
126398,0.26648968
56617,0.37568736
25972,0.018104857
71889,0.004367509
127345,0.14838871
109404,0.028652737
9139,0.13898355
47945,0.016746635
133033,0.20747451
78443,0.061393533
70057,0.5050026
52044,0.09427545
51433,0.006647731
101846,0.005915865
16354,0.074614376
81181,0.9908228
27873,0.15287784
131576,0.11186763
92683,0.77240235
119511,0.6971935
64295,0.022229029
141251,0.0069261934
4751,0.53306973
5107,0.13267943
78515,0.2552861
26076,0.02717373
6499,0.0050846376
73365,0.21342613
41277,0.05411178
81612,0.2375158
108045,0.00013230035
43834,0.08313641
35600,0.18385144
51877,0.07730571
19904,0.2796407
72978,0.15654813
42160,0.21107945
73823,0.09892391
52038,0.010188068
125257,0.42823446
115202,0.030745147
136698,0.13212653
48813,0.06609713
8933,0.0072116177
6443,0.006316211
60725,0.013288529
124608,0.0901285
127506,0.49912617
10384,0.16101305
18238,0.48434314
79302,0.12873064
5744,0.9867144
124022,0.4937582
141478,0.9302897
1492,0.060600583
402,0.0040696603
107826,0.009995105
34901,0.015070497
397,0.11033274
78231,0.15294558
85255,0.4022887
70550,0.5566887
14145,0.5360325
39295,0.071043104
125928,0.019453142
49602,0.2274822
100577,0.671415
108638,0.1950278
111433,0.30529627
83071,0.16520947
16756,0.25773746
66210,0.052116822
144305,0.15060252
69478,0.5475685
28845,0.019164406
79125,0.030776965
3117,0.07030842
129695,0.11064655
85168,0.018380152
96393,0.5742584
129347,0.09175194
73605,0.4749845
32419,0.22514018
88977,0.38621524
93675,0.58162814
95414,0.5523391
76073,0.090292014
13362,0.053483292
4110,0.15554711
12558,0.00089431775
108573,0.3211442
144899,0.08969689
86219,0.034196354
126699,0.5121545
38142,0.6228579
15497,0.21675724
139998,0.072471
124868,0.1046819
101319,0.038875602
134513,0.10826105
126104,0.14396061
119000,0.51857144
92668,0.24354021
14832,0.015881324
86100,0.021100393
19299,0.17131071
125565,0.011612934
74416,0.032581884
136306,0.0014029725
92918,0.013322998
90906,0.22597317
59218,0.11691359
33855,0.33837095
43371,0.40273222
141141,0.12158711
14040,0.011448839
48593,0.043694954
102625,0.0053109606
17360,0.9244339
21350,0.9377841
50125,0.029668828
141490,0.43184394
99264,0.090935454
88340,0.14429197
81617,0.1914487
99608,0.27006865
83318,0.09808068
132830,0.27101612
58806,0.07795844
98088,0.078776106
4105,0.06675003
92362,0.109994926
119761,0.13708343
143627,0.008611969
28575,0.033536393
122117,0.060082383
81271,0.8476384
103866,0.05566007
20183,0.72111994
62569,0.11304199
114861,0.006983215
23896,0.16913708
75851,0.9473789
120930,0.41214532
64319,0.11932783
28194,0.9562034
86720,0.21192378
101328,0.02357391
120139,0.0066282996
35648,0.58410764
1127,0.036396194
60571,0.020031372
58496,0.006773468
28117,0.028797226
109525,0.10011855
65601,0.054326072
39547,0.09471719
126392,0.04820889
30431,0.0354753
133696,0.47559315
21041,0.08705907
28120,0.035012532
40288,0.24025074
59645,0.019193023
41476,0.6778614
102665,0.00653645
46864,0.045402847
551,0.041364595
141883,0.40165854
8746,0.01839147
62873,0.09552549
51506,0.045332197
36394,0.07277945
78933,0.05091265
15088,0.90943396
1842,0.5753045
3462,0.06261752
53232,0.1732584
141460,0.7789904
89359,0.31283978
46495,0.009299819
133266,0.019486682
29170,0.006465168
126562,0.25406468
46289,0.2162205
88545,0.49438524
98674,0.11116433
52389,0.22874969
38333,0.26998925
5800,0.0063021365
129338,0.17602831
9411,0.60848844
69624,0.4029467
124100,0.02176969
100986,0.0455493
69762,0.22214529
118568,0.05231897
83701,0.06366856
88643,0.38684288
52420,0.724523
101601,0.0923965
142312,0.296806
143475,0.037767366
70854,0.83915335
131119,0.25307772
96246,0.009357919
6139,0.032558955
64293,0.010083635
113025,0.08418704
77774,0.10550426
87672,0.65779227
79445,0.012582679
11089,0.14798161
140956,0.13338448
117669,0.0021159288
4604,0.0073869
35362,0.81353325
133576,0.19572785
126500,0.052918166
127173,0.14416385
51365,0.00456952
35511,0.04258925
63501,0.6026887
4734,0.9642727
21698,0.47265175
70451,0.003515687
106507,0.040667646
89612,0.17771691
121608,0.047120456
8954,0.050941583
70965,0.0046580937
18913,0.15575403
28698,0.049474634
89239,0.015865272
106015,0.056669436
128315,0.16042417
14271,0.06621378
84031,0.5391004
66811,0.0071447305
16415,0.048988793
64870,0.088442884
43948,0.09915584
103585,0.26156864
44118,0.1859108
82847,0.3783386
34922,0.25959083
25613,0.08395665
77369,0.028215356
24315,0.25304845
39054,0.0059987092
57701,0.11834507
23345,0.7701534
88038,0.40588716
39938,0.70966107
92355,0.25137034
78677,0.013360326
46569,0.0073487237
21270,0.40545267
101146,0.944087
114266,0.116473965
47727,0.029230766
141913,0.009957217
82365,0.017280066
14477,0.47004178
89816,0.4162607
118037,0.022103736
125557,0.008787445
95421,0.05090974
134158,0.024499634
70899,0.005547052
59826,0.059427023
144330,0.14280495
58684,0.1416452
64091,0.026224678
126209,0.054041117
84994,0.389167
49614,0.5226812
113555,0.9380558
58716,0.010354681
9457,0.529853
17690,0.20440024
65945,0.034783483
54815,0.2848335
34989,0.20329152
142532,0.8994314
83550,0.108933546
126484,0.09539122
93635,0.13590793
62543,0.020670164
103556,0.005568071
132931,0.005835768
91445,0.926734
108898,0.43601212
23606,0.042793874
73489,0.12068878
127698,0.9560166
19114,0.38338357
31839,0.040603586
131086,0.0036644377
9318,0.028799146
131401,0.654261
57529,0.40346938
130728,0.6116537
8881,0.66269785
89753,0.49148926
34429,0.01766478
43011,0.09250176
135335,0.019355604
119844,0.004740138
79152,0.058206912
118427,0.0062740454
104225,0.36207065
318,0.873833
20678,0.04114078
30819,0.62802637
46592,0.8829696
55560,0.11281474
65930,0.07010948
106626,0.0014491017
64597,0.46546292
142703,0.029399648
61888,0.4606582
97232,0.003623515
128698,0.5862434
108345,0.10254966
134575,0.03356103
141381,0.20149547
78886,0.14143458
114424,0.17956902
105829,0.01581747
126180,0.20724623
84191,0.025319006
27652,0.11739746
15755,0.20795965
78503,0.3904226
59722,0.023170061
144175,0.018580506
124109,0.33851978
20032,0.022501044
72263,0.0147750825
108362,0.021054853
78707,0.9285886
98037,0.34390232
74481,0.029241586
53458,0.12048158
27423,0.015188257
119221,0.9505049
131808,0.105744615
93995,0.27250895
120699,0.006815196
103130,0.6886986
133789,0.042161923
29454,0.017741792
124712,0.10908274
8444,0.17808828
53046,0.22100821
53523,0.09189148
134790,0.79118365
119752,0.038232077
54359,0.062804796
61520,0.011915477
18356,0.22332096
49884,0.039558776
93026,0.03589697
96678,0.9198152
134971,0.4739182
18126,0.07851921
106564,0.010483892
18815,0.9506174
92721,0.05007818
33937,0.022129484
48174,0.19301096
114672,0.019554561
61835,0.997221
107966,0.039654016
120688,0.11086345
111872,0.9157638
11780,0.10176978
196,0.18444784
129700,0.36980698
110372,0.029080221
22462,0.058751725
94253,0.07357787
126491,0.06811109
123053,0.009919162
24980,0.30058542
83623,0.77982354
113657,0.17189565
108179,0.047654115
55393,0.9284913
31229,0.46654174
99888,0.5019093
97496,0.008352243
23224,0.2320417
26588,0.060532574
126397,0.20447786
18432,0.18481037
57183,0.010619604
126737,0.51643384
115299,0.83198816
112659,0.14545225
59214,0.071515776
90016,0.3562829
1791,0.019887522
67816,0.8446867
133144,0.082126535
137067,0.00653275
43357,0.31039318
9995,0.0590426
67099,0.32983458
38331,0.0193646
91616,0.13186018
61748,0.036281887
44191,0.23791139
140634,0.5813792
67028,0.008810052
111222,0.09114329
143202,0.009030259
140235,0.027645862
85581,0.016240845
79705,0.09323412
125792,0.06273647
111650,0.023760084
62774,0.09972345
76145,0.48747137
7105,0.4291234
75258,0.25342783
125000,0.13947032
65575,0.027399246
144156,0.028844614
79983,0.024808131
58293,0.007534686
54973,0.0342701
31711,0.025889333
57165,0.27466697
145421,0.022171302
62568,0.034963924
59936,0.015831195
57157,0.3605029
121904,0.0037327663
71612,0.049854416
58395,0.4038807
88540,0.018963914
55389,0.46616876
99698,0.6096589
33215,0.98246807
87420,0.02127604
139897,0.019689469
90071,0.4161908
51481,0.09635686
120775,0.006304263
31207,0.13840492
99467,0.007998166
112474,0.681426
36040,0.03353046
49451,0.015142927
28864,0.23685628
69568,0.5363275
82882,0.8502934
115347,0.024178172
71076,0.14786753
15670,0.09391801
38877,0.57284003
102720,0.053100124
112961,0.13650699
63174,0.044296104
30077,0.97399116
5617,0.17151617
62634,0.8070407
19439,0.19217965
82724,0.19677682
77727,0.23985544
29083,0.09789637
26705,0.081811816
60441,0.1325271
87148,0.64518225
109632,0.0741777
121696,0.743127
28087,0.09009475
74909,0.030608552
140676,0.22298084
24154,0.05717581
50632,0.017315853
26501,0.024026472
29695,0.07706294
109110,0.9533798
94890,0.034069177
125731,0.12341813
69524,0.27777073
855,0.049159434
38115,0.24068594
90244,0.36855337
130805,0.053803258
51157,0.00943469
2797,0.07256071
52848,0.08963043
129473,0.31213415
37281,0.39353287
43274,0.28496683
43209,0.2968442
11033,0.43182427
13862,0.041020446
95091,0.087264374
142354,0.012536895
4825,0.23299187
129622,0.07668255
130958,0.12256849
46375,0.316404
670,0.023717107
57434,0.025203114
73048,0.06274127
118603,0.5948808
6900,0.051481448
13922,0.07164998
72138,0.0024342327
134094,0.17612483
43461,0.101099215
56085,0.464752
78761,0.9034087
122293,0.004729543
48152,0.0851611
125973,0.010845568
103906,0.01332649
44732,0.9198335
78537,0.23432903
113692,0.01429507
142239,0.21184938
99299,0.010542174
24829,0.3472034
109656,0.05567875
4473,0.6297274
100649,0.061882168
37284,0.06485922
25914,0.14649096
24955,0.041387238
31345,0.02012058
75612,0.5142892
145357,0.004098882
2732,0.16890657
20409,0.17045483
91186,0.063256
81800,0.21384336
124869,0.09517667
65544,0.015755778
46658,0.06549169
21660,0.10171814
17614,0.18917435
47535,0.029921856
91312,0.9395534
11752,0.051954936
44840,0.029725563
12025,0.96785426
84109,0.62878054
83498,0.9326908
112470,0.12903382
13520,0.31039354
114962,0.004603186
119118,0.2295844
139907,0.9202522
10994,0.017957278
114712,0.0018943128
60146,0.02701595
68635,0.122466534
46120,0.013504576
104046,0.034889244
130345,0.05688192
125012,0.30903396
74904,0.031765066
90065,0.19214535
12820,0.07085851
100260,0.7911269
17246,0.12479678
14987,0.044509646
85770,0.2580962
144886,0.33027473
140588,0.006681053
86590,0.29733196
18531,0.058260307
3172,0.096886955
37361,0.086654335
42497,0.09948582
58213,0.0102704
91750,0.15672842
99869,0.45414606
121630,0.013675654
102324,0.11449976
83892,0.040656283
77660,0.42708904
73508,0.33606696
17657,0.16640617
63299,0.20526126
34539,0.0040675774
122481,0.0045408644
93673,0.36555642
45645,0.013168034
23658,0.087337635
66962,0.5997237
81448,0.32824117
126423,0.03807608
118595,0.0047341376
28187,0.33683166
125993,0.016498486
22472,0.06213814
67523,0.10807277
128839,0.10136708
42653,0.08499675
17189,0.507339
28543,0.016142085
136223,0.0034696038
127995,0.044685896
70226,0.22162718
22375,0.061292384
82391,0.013481822
10133,0.24182841
108525,0.010463728
77181,0.14136161
63322,0.09052895
76357,0.37301934
82243,0.66584975
101676,0.011442424
134354,0.5547341
92170,0.0796979
110596,0.3177639
119044,0.072552405
37515,0.05905162
96255,0.060915895
19118,0.7381833
53060,0.61742795
77523,0.031268053
49857,0.58115256
12504,0.03171717
55213,0.051480807
121851,0.02450835
439,0.34840655
42075,0.21353006
119952,0.105202794
136637,0.0028871791
47967,0.0063995477
80788,0.11121548
77616,0.7368178
118221,0.012747
13548,0.008848275
33825,0.023819696
133070,0.0043283855
129882,0.31500497
8342,0.3484551
142597,0.12669612
125080,0.20071548
91546,0.015695566
68388,0.08215009
65523,0.23590823
89357,0.62962705
14935,0.04440773
80285,0.95059776
19222,0.67938787
104665,0.90488034
32378,0.14973196
15060,0.029499128
12620,0.3430958
105740,0.11070047
47630,0.0051881894
124352,0.05401685
109862,0.32836333
7413,0.063437484
122281,0.0048243436
122885,0.031369805
5394,0.034758855
9509,0.0309759
33221,0.14099473
108461,0.027573576
129127,0.23650146
111481,0.1453582
17591,0.39505556
77364,0.008445863
117135,0.018498778
94802,0.015604187
53574,0.08595184
126657,0.05210599
64336,0.5184902
64716,0.8478519
124357,0.23719275
128400,0.19645265
120599,0.04179449
63736,0.08911208
102043,0.065283105
68950,0.48048714
93672,0.28112584
42801,0.2285678
74718,0.15020908
136278,0.24899666
123577,0.4960161
119817,0.007521394
17930,0.14637327
21432,0.05254224
31722,0.37955198
95436,0.30715072
62169,0.116474226
38163,0.12792467
118662,0.0012647219
86686,0.7320748
140043,0.98081493
116992,0.06543002
143762,0.14246765
113583,0.53859216
29138,0.08510586
63578,0.8252953
6032,0.4944016
117263,0.27228764
115945,0.056755442
27449,0.47723317
78358,0.01117077
109182,0.5752748
32710,0.15335846
46887,0.119208045
107651,0.005701056
51723,0.5687334
47105,0.4192922
44387,0.4199719
141024,0.80600154
54180,0.16591583
91196,0.051963132
42500,0.51541346
98131,0.9379999
83499,0.06597884
142531,0.014998826
64727,0.25690034
106557,0.012625146
105773,0.06596273
96175,0.95653486
52620,0.1846827
90348,0.13849255
22441,0.04403587
19079,0.036132205
75043,0.58017594
20757,0.05209439
52354,0.3984839
44518,0.11806408
73590,0.052073967
93471,0.00269202
36587,0.009050576
118502,0.085834354
97759,0.15710187
4275,0.022854827
71916,0.4707002
45711,0.021884233
2045,0.042394146
111491,0.12763916
55895,0.2199874
9640,0.016625429
32947,0.20189525
120690,0.0018304173
115117,0.11999271
18727,0.92325
17937,0.16301708
47212,0.046588324
83113,0.9756387
54274,0.08973274
102012,0.10301674
68554,0.0632361
97764,0.8504131
83644,0.2228181
9246,0.21451032
23288,0.33077392
120492,0.89585596
64662,0.01788754
141540,0.0004027612
52967,0.6910757
17833,0.15543404
74755,0.62793654
16451,0.023075819
103549,0.15844995
130607,0.07538366
18729,0.01905258
85675,0.04576482
85875,0.025569966
129765,0.0656433
74105,0.026419455
94330,0.005821695
57611,0.20278475
110013,0.10717625
124253,0.03918234
145007,0.029420536
106431,0.08070142
141262,0.0009368177
16308,0.09935051
107488,0.27495947
42334,0.18128236
144377,0.038517106
96403,0.23301026
72485,0.010903741
88859,0.031161293
93511,0.0023941614
93274,0.5528967
81216,0.8749434
115667,0.48114648
55151,0.001345633
113954,0.9588369
60010,0.9670634
75253,0.7478377
124255,0.115006976
120724,0.6758294
125136,0.22723342
685,0.44766876
92532,0.064932965
124030,0.19177523
57069,0.17594872
41131,0.060663942
125989,0.09080332
21801,0.029699476
120541,0.008407756
31074,0.013865578
119099,0.008105629
114212,0.8516843
22765,0.038546033
50815,0.012308866
37428,0.45792764
54365,0.27565458
5958,0.5572246
39154,0.55908304
93254,0.114648536
77049,0.016877314
121451,0.00080683595
111742,0.102231964
137054,0.0109332325
73162,0.002163242
78749,0.0052062455
20062,0.62488395
126239,0.12634996
15816,0.42259854
15123,0.17464192
31222,0.018407863
106450,0.014091073
82024,0.70423925
143225,0.05998543
80347,0.009061008
139725,0.21680635
143112,0.0010027752
22327,0.064034574
16364,0.20356514
46035,0.057097603
28764,0.026957845
128048,0.32261035
81383,0.36380267
28677,0.007696594
39000,0.23117836
127888,0.019211877
133486,0.027001664
98593,0.09841966
75298,0.14638004
27805,0.007316857
118245,0.8141474
53525,0.27292302
125019,0.23182772
124534,0.023114892
139372,0.02679409
99161,0.17199092
140075,0.98128235
27694,0.06442652
48086,0.12245496
31503,0.017827895
93170,0.26414803
43009,0.30214608
61767,0.045451097
20770,0.2545301
114985,0.017571129
127362,0.44718206
124701,0.11352248
9040,0.007979996
78037,0.0033151456
56205,0.47053233
136100,0.09183647
9339,0.02029293
128187,0.14091066
125393,0.86067104
28442,0.01819255
10817,0.69920146
95718,0.14005065
50336,0.31165767
4475,0.3718557
71795,0.001125891
28321,0.097174995
106678,0.04524775
118457,0.049401347
128633,0.24234919
34080,0.07186644
132801,0.8319639
114904,0.24449198
58263,0.015197303
48314,0.025979726
4199,0.023705538
138546,0.21386866
121148,0.002859551
131958,0.3785758
76284,0.43720227
60519,0.074419014
75565,0.55095613
123953,0.025986169
100391,0.21255869
19455,0.1526375
68706,0.6945992
139683,0.34220865
132553,0.09165554
136141,0.002161529
14725,0.035503823
73972,0.0032269969
127936,0.17450787
30595,0.16927636
54449,0.037189867
140544,0.0016535319
94119,0.38927194
37911,0.015943576
49145,0.14150658
48164,0.17150554
94220,0.004338679
69387,0.021539891
113650,0.06356833
63896,0.6146732
36809,0.0728957
106292,0.04317778
45194,0.43309283
138918,0.23504093
21166,0.29501662
136407,0.012265595
31139,0.0765294
28415,0.014710467
88594,0.7229826
22019,0.7369455
122595,0.014868775
134525,0.27647865
60369,0.012628676
86626,0.89320016
82349,0.4924322
52358,0.7592993
113750,0.09627232
17163,0.30372056
79183,0.08868198
110088,0.12966415
30923,0.15315646
65920,0.31266275
78074,0.07776188
480,0.03944158
59965,0.011811056
113178,0.938254
64104,0.118222155
12600,0.58293843
98882,0.0027403464
52208,0.9247699
68712,0.124036156
7284,0.04972619
49187,0.067412354
69850,0.09377035
129274,0.038416963
38963,0.014439673
51022,0.015202521
109746,0.18317643
138303,0.0054780976
80177,0.08326671
18850,0.05868547
140846,0.011486023
14895,0.04891264
25780,0.035565738
79751,0.0089067435
109699,0.10805312
112584,0.07999519
21422,0.08674532
135667,0.22231148
111784,0.30916846
18597,0.035788048
129400,0.50481886
26562,0.037425485
4130,0.9418769
44146,0.2067231
18330,0.036857404
118381,0.096475214
38126,0.08087783
91931,0.03877811
110371,0.4407183
22401,0.31802842
125483,0.047575988
63604,0.058445632
14617,0.004415927
47810,0.18100974
73544,0.4367802
105358,0.013232879
26138,0.023570184
84909,0.97002554
22072,0.8861637
103014,0.49158585
112214,0.0889264
60721,0.0142899705
93352,0.48087642
73395,0.012409167
130711,0.009693731
36006,0.03482123
40918,0.22751264
41602,0.5917545
116403,0.010489388
47410,0.29039022
61858,0.1537037
95927,0.011376196
41757,0.06586732
64780,0.9022654
16234,0.84505826
90403,0.10112351
26060,0.13162805
5287,0.0102170175
79506,0.049744587
80098,0.122024894
28972,0.038547464
41934,0.14729106
113041,0.02910849
134811,0.01474059
82412,0.0062065227
122096,0.0021885857
31763,0.76105744
71471,0.028758503
90115,0.20075122
138667,0.044244893
94063,0.5274213
8589,0.12584853
82557,0.25205418
73487,0.052196074
134356,0.47752678
53911,0.52678436
97862,0.07924238
51527,0.028454812
19136,0.9136354
125793,0.4154907
27224,0.075769864
85297,0.056161277
36612,0.008013029
128263,0.29483095
24946,0.30122674
76283,0.91991043
64852,0.35877395
97599,0.1627233
121784,0.28256541
7644,0.02116064
85424,0.044814304
64959,0.020941015
2503,0.43951288
58159,0.38438597
16276,0.11803931
98833,0.25109056
98812,0.89895445
145434,0.0123361405
45297,0.22845097
43769,0.22584432
1785,0.0057047224
122061,0.0033225494
669,0.02358396
10677,0.030742738
114075,0.014371714
51041,0.06654167
142118,0.9199518
117033,0.14302363
60062,0.9691087
143,0.0063175433
138321,0.023605233
53042,0.8145338
105326,0.16047268
24776,0.1981444
8955,0.1012063
105727,0.20927873
4982,0.15012786
142769,0.0009888295
82230,0.49963
108229,0.07100429
41003,0.8182402
92360,0.6183026
78261,0.11642795
133638,0.9616148
105619,0.0026821613
18087,0.19709644
88259,0.71846926
115774,0.044582423
81601,0.9665149
4533,0.084623314
69535,0.1646107
5535,0.96479136
137301,0.004555794
103207,0.14913367
102813,0.29131427
138173,0.27874744
78154,0.20069097
107640,0.0028529223
112915,0.6569463
54534,0.071560815
78810,0.24089803
50222,0.005431006
111972,0.015125586
113195,0.8350075
63225,0.03240358
43122,0.013405917
74366,0.5731976
65903,0.036097415
31016,0.24728402
135988,0.026325941
122520,0.25866494
140220,0.0016699034
34182,0.9033066
100318,0.035682783
49641,0.96780986
4753,0.014905579
95570,0.0009434201
14132,0.39962968
79978,0.64785665
17186,0.441433
75832,0.016760845
68227,0.9227276
23079,0.07098708
45509,0.027954912
125476,0.009288154
61071,0.030076047
25494,0.061898224
22319,0.56369805
81958,0.33136314
37659,0.010368935
15628,0.26646903
144020,0.07344571
118357,0.0018611982
23293,0.34071624
35927,0.39258474
45350,0.023181284
115229,0.10616857
139433,0.13073407
45838,0.4119635
72646,0.20613395
33094,0.030894522
43992,0.1660096
127893,0.9168624
113746,0.054645114
68421,0.055307325
617,0.13562562
96148,0.2710505
30472,0.16818702
23564,0.018130025
46420,0.19627218
105171,0.32758182
111980,0.1304589
19859,0.080934264
138740,0.032181095
22531,0.022441352
99385,0.10699184
43731,0.552129
104952,0.040927768
28279,0.027852228
125286,0.029995697
108382,0.002972892
6235,0.04858825
116629,0.42383182
44695,0.2052949
130714,0.10430695
17455,0.34662548
22947,0.2665766
46458,0.04264565
55491,0.47318524
65572,0.020496786
144707,0.027285967
84285,0.37433723
140651,0.05860919
136043,0.6994103
84283,0.9875321
111931,0.45424756
39963,0.9532518
102047,0.0037905932
48225,0.27966785
108635,0.13757217
81246,0.5551657
17733,0.21005273
21503,0.16681822
49720,0.098950624
64994,0.028003113
59035,0.012062369
55739,0.014230296
19870,0.1572472
106930,0.00075262843
92818,0.307856
53292,0.102149546
128912,0.12251071
102056,0.170391
132911,0.007801521
106847,0.017319325
92731,0.31589442
131124,0.23965022
14305,0.013918691
78796,0.07070068
19517,0.089347385
129989,0.96124065
6838,0.05414934
18750,0.108313255
59272,0.11481631
108464,0.009118043
88954,0.3365301
134728,0.53947216
50123,0.085575566
39704,0.031037584
19894,0.96011233
120054,0.0039475323
88747,0.118142076
37843,0.810908
21762,0.16485675
109743,0.028222062
24970,0.11932779
25636,0.5081702
96751,0.23933639
99052,0.01872554
67378,0.04310187
64583,0.030300248
45274,0.037524555
115972,0.58149076
25575,0.03216067
140808,0.046545543
57663,0.0646801
18743,0.038939983
43842,0.0325578
137200,0.00066984247
12869,0.005585948
110144,0.25226521
31600,0.8752118
100799,0.14835772
78600,0.33092853
123595,0.00430579
990,0.052180592
47475,0.16743681
107507,0.01840104
93099,0.86157155
37271,0.5159247
82402,0.022067068
100480,0.015735345
141967,0.01657585
27335,0.21503778
26880,0.050144877
137323,0.019303465
69868,0.1348932
127390,0.97185194
96607,0.0078081307
15783,0.17227258
26515,0.045073826
15502,0.5753811
30635,0.050498657
138041,0.010618527
16145,0.7184105
65160,0.12209528
23451,0.08110707
100755,0.696522
145207,0.028242756
34008,0.33251387
41640,0.18759833
120200,0.15608509
50949,0.024905333
90015,0.2694599
35719,0.05594894
135577,0.017061528
122529,0.041894976
130538,0.10843158
29895,0.06202942
27485,0.050919335
9289,0.02329502
30482,0.031823263
22256,0.21988516
80725,0.24030957
78471,0.87026834
91960,0.3309174
100130,0.30909112
36502,0.020066278
73155,0.7101991
69644,0.58266306
144757,0.071375474
51231,0.15427306
50796,0.013888958
65407,0.16757277
77408,0.22506905
138315,0.0016732066
26883,0.35022858
82042,0.7447708
77878,0.11196294
104453,0.43638256
40796,0.25626448
121546,0.01611186
72814,0.0012607115
59353,0.42729932
141675,0.14996383
120742,0.0060297204
101527,0.06413585
78175,0.38624668
130032,0.054260116
76751,0.1647488
118485,0.011040456
47696,0.01191249
90968,0.18231127
138912,0.8803491
36838,0.005507148
76438,0.9545631
21065,0.0724071
112784,0.35883912
49255,0.111067295
102888,0.0033197275
110507,0.91108775
78666,0.06544384
67273,0.23467246
26965,0.049352042
113241,0.20543234
136475,0.86072856
92591,0.055060174
91386,0.2217421
108371,0.2320949
25225,0.08583959
73295,0.0044761756
19610,0.029926853
2133,0.0053164447
124398,0.29534855
140823,0.013715183
69797,0.1642164
105165,0.037478995
35653,0.034592483
125885,0.055451818
105043,0.06705476
65804,0.51587814
50026,0.78334844
1517,0.042554703
133903,0.15504766
15042,0.04329857
774,0.6521333
122600,0.033753235
19261,0.54005677
113739,0.02290342
111601,0.40314022
110473,0.6877876
10889,0.24979977
97675,0.0034792288
39999,0.3054465
109319,0.064895004
61045,0.072359756
43278,0.9440657
136638,0.010813969
96504,0.08560311
25588,0.2469361
135310,0.05279958
132609,0.6428197
27854,0.15558621
102155,0.7868378
70542,0.027361372
139958,0.10746112
107057,0.066445015
43144,0.07981426
128831,0.23703307
43410,0.016271384
120427,0.0015612126
123213,0.004378429
61643,0.27896613
74974,0.0070453607
2111,0.058660302
18055,0.201395
91766,0.12667775
2877,0.1833323
2862,0.39335978
107587,0.0013289668
60652,0.0055444906
115840,0.090594925
91172,0.1698736
127694,0.03681285
120140,0.000709134
91462,0.080116756
876,0.045300037
39929,0.1798459
22606,0.13348334
78895,0.5688201
138505,0.022851828
98929,0.18153481
6934,0.03202164
141655,0.052927606
43584,0.19582407
133218,0.6016505
117715,0.0035265454
134596,0.29908338
57272,0.018670712
102310,0.6056036
83934,0.075144984
12854,0.0907794
40085,0.033543874
43994,0.11372069
86200,0.02038854
110607,0.2405063
23296,0.32580468
37867,0.029466901
72566,0.0034948608
82969,0.05456713
51074,0.017654823
138122,0.001362241
91294,0.0705984
68733,0.29207438
145282,0.011933691
136589,0.0016187485
26779,0.06847782
73931,0.0072674514
20850,0.8489081
31725,0.25978127
144241,0.008451962
66381,0.007903429
41170,0.27299312
23894,0.117486954
44769,0.33730298
65758,0.7807937
63518,0.12974414
85731,0.015699545
26242,0.049458437
24753,0.050614126
7432,0.044736113
44963,0.021624528
66130,0.06080336
76704,0.011089121
109277,0.15423267
128351,0.6831609
123946,0.2436351
96521,0.005128617
15394,0.111367784
85183,0.056252453
110448,0.20016454
105609,0.00059137854
60962,0.043248862
119890,0.0154032195
43489,0.010483228
68985,0.45870993
91428,0.078879245
37907,0.04289272
38002,0.037397742
1280,0.24451548
75785,0.056147493
77590,0.79176563
42869,0.11824159
3726,0.19294704
96324,0.0331772
15466,0.18304949
116866,0.15206821
36933,0.15024449
109337,0.86427665
138118,0.023509853
21808,0.19669896
22261,0.6465676
54506,0.1916113
81860,0.34771243
65664,0.7494987
101139,0.4156418
51964,0.20865144
117574,0.027883934
136086,0.0005038607
70783,0.0022924817
8851,0.239871
68119,0.10821407
33545,0.072245754
89790,0.07891506
18929,0.24247357
108913,0.30421916
23466,0.13468531
115521,0.762534
63435,0.35735956
87026,0.5533156
27219,0.790815
1450,0.025719551
95721,0.14974117
39025,0.35770595
2738,0.0609762
91848,0.026614415
100526,0.33286878
36050,0.06418614
49582,0.017849758
29042,0.0075463303
112270,0.1365514
45551,0.36020562
133081,0.053395182
23274,0.24283534
123351,0.0023602128
111008,0.5423676
135035,0.5053638
97935,0.16283348
124019,0.0662444
134499,0.110846974
115432,0.01628102
85283,0.99470395
55191,0.053871114
22645,0.944798
117048,0.08112099
55856,0.06133557
100505,0.03565769
90583,0.28705388
141338,0.05785236
57054,0.42369768
60182,0.15439698
31327,0.95984536
27921,0.11391649
89811,0.7071709
43805,0.28152528
54055,0.06712662
115884,0.12734294
34339,0.23971473
13420,0.004070064
94354,0.181046
58994,0.08699906
108406,0.015455025
98553,0.054531183
94169,0.21145365
134135,0.6145469
11662,0.099434294
59369,0.015921947
74157,0.068835184
43053,0.093623996
95760,0.20122105
10457,0.19185813
72503,0.55192035
68352,0.058523037
23758,0.7382699
65256,0.024844963
134510,0.009728044
53273,0.65613383
121724,0.6969411
133351,0.1220382
56013,0.023378577
3211,0.73761326
88948,0.10595368
74524,0.04198418
35677,0.3592749
20490,0.0037238183
51712,0.28131703
103239,0.008445287
108201,0.061747905
18411,0.12537523
133057,0.23304291
59846,0.30136544
47016,0.6603081
81829,0.9838393
14462,0.03983394
110915,0.6815969
110295,0.14068817
109191,0.98146075
132031,0.14787301
137842,0.016943466
14475,0.19745404
107950,0.0015772284
62796,0.041492406
75943,0.31036776
76328,0.92376405
142534,0.48393977
50154,0.27516755
86909,0.022961233
142938,0.6259864
92674,0.89339966
63409,0.59053123
3510,0.020898808
83220,0.015116395
39495,0.13143593
43364,0.06221221
101492,0.8612598
3796,0.36249992
139448,0.0060463645
99836,0.010928881
112738,0.09333806
32691,0.097950816
68748,0.4057419
137008,0.014439049
48797,0.31767684
32056,0.886092
142014,0.030591706
87162,0.24535653
46565,0.06649183
687,0.04663238
32146,0.122742794
39687,0.68006563
82127,0.4405328
31551,0.254495
43947,0.07371167
143357,0.18220644
102049,0.008942484
3479,0.040613443
48752,0.071912475
44924,0.04324104
63704,0.3140461
3300,0.2414817
25175,0.10439613
112433,0.09486839
16655,0.22180276
56895,0.0068619545
78941,0.5215508
55524,0.018222967
82841,0.09821935
114573,0.27463853
140296,0.79915017
109975,0.53676724
78288,0.0069220886
124976,0.11110996
119474,0.17298546
75837,0.9198
94714,0.029859532
38680,0.14583555
49722,0.38893652
65829,0.3925004
10327,0.522621
78461,0.013973273
130062,0.03366949
55069,0.1873799
113326,0.014993896
128271,0.55809325
6093,0.4455744
105890,0.03668312
88851,0.6031087
94774,0.005685907
17912,0.12184159
93853,0.12895043
89608,0.31077036
86245,0.33478373
40689,0.12959805
109885,0.35900405
75947,0.26218063
121485,0.0047816783
34958,0.01580091
4294,0.025267428
136134,0.12890303
29799,0.011486374
115515,0.075013556
50089,0.018835425
1038,0.025935628
68686,0.3335254
50989,0.021289453
120746,0.091147214
46091,0.004674076
34849,0.05550149
125752,0.72122043
104581,0.0031716065
143720,0.36267626
32386,0.030124255
95983,0.028757863
31339,0.08163647
56427,0.7620648
134103,0.042894304
134756,0.116017096
55744,0.72275275
141403,0.70658773
31653,0.94866455
130002,0.052321788
110754,0.08714546
137364,0.0010843043
12169,0.9163833
141127,0.28145203
81784,0.05337565
79958,0.035171997
27661,0.019094855
26912,0.05887574
122009,0.0058823847
55225,0.14498915
40758,0.9740288
39144,0.1268463
86631,0.09759361
36922,0.012274889
2495,0.0056438455
90461,0.08067266
78462,0.045334283
27629,0.6504281
94179,0.003291396
9081,0.11981895
103488,0.0014340988
31957,0.39586636
70739,0.0011613988
65583,0.005753778
51622,0.038981974
85749,0.29077804
96964,0.3279394
43570,0.020688266
18412,0.10154705
58001,0.10775449
25367,0.02006328
136158,0.028373683
133339,0.06741606
86004,0.07401124
32755,0.8108368
29435,0.1717144
62513,0.1335427
124288,0.2574844
28349,0.060930748
49901,0.02951509
46834,0.06677895
19139,0.107265756
94509,0.021948883
33673,0.11933393
82077,0.01540491
39391,0.009480083
58634,0.30626503
113242,0.98806274
122223,0.3576549
121432,0.004833353
79425,0.01899525
97175,0.011998484
78763,0.06895514
85790,0.002135336
12275,0.0072827935
116728,0.019178726
15305,0.3720969
106915,0.0061003743
73117,0.916534
103941,0.002985117
19469,0.04753098
131586,0.015607527
111808,0.9887156
12623,0.036590785
24779,0.034375694
101870,0.6194103
97386,0.34152448
64723,0.65872425
112319,0.020181207
136713,0.9655247
140875,0.00419921
84646,0.21675837
65640,0.16759138
144596,0.0036805
141495,0.1462399
27659,0.020515123
95077,0.08119232
78988,0.0167863
78159,0.06720142
70062,0.32090622
43975,0.794971
12971,0.011959571
63708,0.032781847
24999,0.04584297
70928,0.123018704
12766,0.9653809
122667,0.025890945
10881,0.9375513
139934,0.1384701
105969,0.5229125
50197,0.13313438
100762,0.008613312
101562,0.034969177
65694,0.035180364
117077,0.021394284
5659,0.548852
72421,0.0018831152
64834,0.050637204
95354,0.11825024
21898,0.48119748
89778,0.14672233
105678,0.046848696
72612,0.046043366
134906,0.08866981
137119,0.31801745
62933,0.006184737
125363,0.18959396
108600,0.0037578284
98962,0.020725338
20128,0.6432241
28534,0.020998038
93705,0.994173
88981,0.8738972
90316,0.8384866
119154,0.015930744
95675,0.0043556234
103172,0.1933308
50398,0.9649676
3715,0.6741107
31919,0.064250536
71939,0.04982803
80294,0.4920328
37883,0.010398672
139329,0.5330956
134167,0.03979313
25757,0.011935637
72045,0.0069546243
43717,0.14697383
133118,0.03521697
79077,0.0022101433
101598,0.089900434
51279,0.4291131
121002,0.98489296
97609,0.046463016
135650,0.78944916
32115,0.01395319
118736,0.1882916
30948,0.23911463
75330,0.2452025
115966,0.3371176
123871,0.04445881
8161,0.90419805
119390,0.071640626
107998,0.030976798
132394,0.050323453
108861,0.6279708
109940,0.119242705
110811,0.13237825
109309,0.25042334
48898,0.018393032
80018,0.26296696
94788,0.057104275
94816,0.043616
58971,0.9129804
68895,0.39190495
135853,0.17479825
61207,0.0025653301
29772,0.01881908
130625,0.6032396
65973,0.26158938
42375,0.17291227
115395,0.06578718
136961,0.9259495
6698,0.0712646
10152,0.8016339
89446,0.037795223
5549,0.09463645
90870,0.030449029
43779,0.102807656
71504,0.01256605
50709,0.072076544
20697,0.2881598
48928,0.94617075
65597,0.00303994
76652,0.23741433
99261,0.9873497
26290,0.0376394
26916,0.20490466
120217,0.024309687
12552,0.0011790365
11075,0.1736869
111264,0.1343244
94168,0.07934922
78693,0.18915759
52364,0.5997103
310,0.30104652
24290,0.056163594
70350,0.09200659
61429,0.16861773
135527,0.028608443
106756,0.011014589
26344,0.05967968
47201,0.049381915
35469,0.048236873
9936,0.023760544
137422,0.0010139056
35704,0.4306992
123014,0.025920155
127643,0.25516242
98063,0.97531915
89016,0.28441113
4393,0.017516244
44075,0.052594747
144606,0.27022296
28480,0.0040513393
71005,0.9460155
74029,0.038786624
130998,0.03333766
124363,0.2295351
123581,0.008668566
137627,0.1790281
126572,0.86504585
31638,0.91246825
142062,0.7082931
75375,0.046095118
62730,0.25325057
4796,0.1143162
47677,0.0031091487
60479,0.31733486
138067,0.010488195
71905,0.025567578
133124,0.73516315
67928,0.19302362
44382,0.13102284
12306,0.01397681
123625,0.025310611
122823,0.9907562
52525,0.70135826
64520,0.024421444
46564,0.0012003422
36148,0.15755612
26529,0.17112832
138992,0.0071778977
95153,0.1534294
99911,0.037348323
137791,0.0005358482
75135,0.27350876
80445,0.3317713
135942,0.06763893
53338,0.62935805
101912,0.024936734
65301,0.007463437
18923,0.55748564
80054,0.8940735
37763,0.28973106
123185,0.030909173
24076,0.19385901
56164,0.33481383
29821,0.36611307
23395,0.14007318
51435,0.09290451
98314,0.19642799
2572,0.0083473
26093,0.047660466
27896,0.06292036
125647,0.02166434
73183,0.023212137
47270,0.0053915717
138222,0.00089909474
68094,0.3559223
85861,0.13280381
88978,0.4005617
136217,0.00080879044
93965,0.022504186
62681,0.021116989
124796,0.019362349
79654,0.34742036
77199,0.61926115
54517,0.08399346
115192,0.42605427
85757,0.02637538
49681,0.14238541
123949,0.015582295
90619,0.091537125
114835,0.016006293
142611,0.10873685
27418,0.062149078
6470,0.0127388425
81285,0.91223556
19391,0.21326974
106366,0.102498434
112056,0.06335543
62090,0.013560089
64689,0.52721924
54447,0.19039965
43493,0.029382436
104642,0.03826219
60550,0.002688286
92459,0.28008565
33477,0.25844702
100141,0.6937625
91580,0.1259328
141553,0.0006564554
90967,0.07838361
117906,0.02820684
122563,0.0018955872
37367,0.012220744
121219,0.00748629
39224,0.0169823
93728,0.43792748
142813,0.046179876
41866,0.027412398
80128,0.003281211
135285,0.12929735
50833,0.15566935
131612,0.45717385
131360,0.9173771
128025,0.1343521
30954,0.04035633
108927,0.33920234
131740,0.45175517
4729,0.049927913
101289,0.006106993
127590,0.588095
20672,0.107951075
142863,0.0018736395
24913,0.05101278
131778,0.09449873
42604,0.29672632
68633,0.32486156
84891,0.98798066
139450,0.00596952
31570,0.076492116
94272,0.0038002261
20371,0.064027384
106653,0.008530337
53017,0.16648313
67592,0.6152664
8075,0.0018578115
143944,0.0019103223
12177,0.018117242
104918,0.035837248
115250,0.0003189672
25406,0.041063428
128679,0.104850344
81427,0.21247536
88331,0.7035584
26808,0.022460828
2073,0.092861876
61192,0.16617242
104282,0.058461115
144012,0.00949279
26556,0.0813465
98270,0.0089148255
70801,0.03838041
94797,0.013890069
30097,0.030847227
54112,0.041945785
60387,0.096563704
131840,0.14493158
73690,0.031882446
71477,0.0032461502
139808,0.61856174
17496,0.23076211
92079,0.100660354
119315,0.008534928
140325,0.6315657
48679,0.0013613248
10450,0.3418835
92991,0.20957053
38052,0.38288063
132990,0.1007584
108951,0.174672
93553,0.0038689096
80418,0.04813677
94620,0.0051921406
33921,0.78818434
140086,0.6077793
93485,0.011015446
55269,0.5569866
31730,0.8975398
104099,0.83199894
60901,0.42348975
26442,0.17460014
54763,0.5143327
95514,0.029426834
69692,0.5464123
41882,0.04065112
34438,0.13736796
97125,0.22401057
125740,0.054030284
89917,0.31567368
94913,0.008402129
18146,0.068438075
109830,0.8854782
139086,0.013169948
19072,0.008659429
66149,0.21743998
65379,0.6134707
137097,0.057764366
72193,0.039597854
78033,0.007810958
30931,0.09752321
14650,0.008872101
16341,0.09027475
124072,0.14939332
13567,0.0049589616
18501,0.031458937
31863,0.016161552
126667,0.009315498
34469,0.19668786
8677,0.1235616
38512,0.01707965
95238,0.010079885
113388,0.032903858
115717,0.12668212
19031,0.13368438
14793,0.4570598
112537,0.8569175
84722,0.100116186
83335,0.108379066
128416,0.38604578
61762,0.079579905
125800,0.035466842
81149,0.012677012
117876,0.53304464
91745,0.7727342
3988,0.010293658
17248,0.101892635
44273,0.26171258
61882,0.24868584
51035,0.23300478
38774,0.0047254195
25583,0.07915461
106387,0.04574215
74127,0.06362792
129507,0.99420565
91063,0.54303133
83074,0.32973948
145275,0.11665774
105200,0.08293445
121287,0.006760401
128488,0.13629492
141590,0.0002044759
82771,0.011711131
84955,0.32034227
62921,0.039384633
104146,0.28519958
74118,0.03867373
46322,0.029351588
25153,0.038104348
1896,0.02067253
135563,0.032162774
99666,0.0999489
58574,0.20530833
60432,0.06774681
131278,0.060689285
124269,0.10809074
2777,0.21955426
118513,0.14202078
141349,0.09989962
21543,0.028309911
94732,0.3361674
97668,0.103865094
49468,0.025262231
30252,0.8773648
58598,0.03601334
132357,0.22149731
4375,0.0698591
126146,0.27572563
50337,0.032343317
30168,0.24014625
54811,0.14525089
139304,0.8682983
59544,0.3965579
88934,0.53379816
115987,0.08079232
38487,0.0066309217
91506,0.023948545
129032,0.9679864
112460,0.82798094
13646,0.00565331
78758,0.022661382
62874,0.09476948
42839,0.17657991
25750,0.32584384
12005,0.24848409
66211,0.27752206
57599,0.0068682814
18608,0.015934264
110509,0.58842164
38034,0.98558503
103965,0.03751071
17873,0.1795394
74933,0.032217786
28261,0.3100297
88501,0.14755897
50980,0.87789464
24197,0.02402123
117315,0.95541525
30465,0.7633045
44549,0.4254355
115912,0.20429361
78963,0.74738437
26160,0.035648115
32590,0.63601595
117618,0.39892516
78434,0.07560705
118935,0.6252069
97509,0.0069586267
34966,0.42980644
55544,0.09592157
45411,0.48038208
25536,0.7897754
115852,0.38295633
83048,0.009398039
69867,0.021287743
7444,0.0062698964
104917,0.024968436
32842,0.02859595
144892,0.046974342
140447,0.09544697
139904,0.048417147
122574,0.06102243
121364,0.0073773814
72391,0.0059717842
125519,0.05241829
18184,0.047754377
28312,0.25308385
88410,0.0513486
121163,0.003204801
60791,0.053674396
13483,0.019902676
19355,0.01524316
98554,0.017991323
108843,0.25985885
126887,0.620956
103412,0.101205744
34803,0.043905437
126515,0.05533854
36239,0.18674341
94568,0.9522184
35560,0.022223001
56770,0.24698894
35685,0.2545799
21701,0.09701399
32879,0.84883916
62664,0.3643667
28048,0.02484888
9657,0.03582117
47387,0.1473221
2509,0.08662028
103057,0.02659163
13798,0.39540592
46845,0.13332644
89418,0.08736033
143663,0.06507822
55752,0.08419033
19654,0.13444236
5138,0.014237496
63715,0.086099364
69120,0.020870628
135052,0.5784434
127713,0.99448365
40714,0.22665219
91928,0.21016361
125322,0.08956293
12408,0.006959523
115851,0.8849356
66467,0.16584097
96029,0.04118424
67109,0.20614158
142450,0.00095062173
114684,0.0006520573
118135,0.5446901
43691,0.59574664
111947,0.0094653675
137578,0.004128226
138363,0.0077551072
9761,0.84671444
30914,0.9723006
107028,0.006396262
8601,0.024376642
72225,0.009788066
130601,0.081865996
11242,0.5003839
55583,0.099982016
6696,0.011419249
90650,0.08881972
113479,0.7657278
107280,0.0004920114
59828,0.38294682
6529,0.08650534
9275,0.033408806
117100,0.0017320802
55052,0.60063213
115178,0.9516098
52479,0.047040403
90456,0.05598814
71429,0.00061062316
126217,0.06429617
21394,0.040494412
73164,0.08874075
135087,0.08307633
20808,0.020779088
44018,0.042346854
38140,0.059636924
66916,0.67459196
12372,0.0032757528
334,0.037701547
116803,0.015705412
65077,0.5640946
1705,0.12160539
70188,0.08040798
45921,0.1377153
128724,0.19155629
16647,0.36004093
108210,0.08772202
27595,0.23384747
67802,0.11839973
116445,0.73016953
136257,0.004952578
40526,0.254057
113402,0.010287491
24899,0.9186368
87168,0.024560027
108582,0.03928556
108590,0.08610327
16228,0.17757596
80283,0.9839908
138211,0.75136846
121489,0.007184915
47887,0.0035771246
72008,0.006356941
106093,0.015072585
69873,0.41685185
31770,0.78677475
35189,0.0073344726
1373,0.007168956
128773,0.83869094
130591,0.013613169
137420,0.0023969281
33990,0.15627776
120613,0.036959596
11534,0.088402376
32355,0.034233548
140564,0.0009627398
35859,0.40234914
125677,0.54469675
15515,0.24421188
13578,0.006390367
91079,0.97550833
22656,0.49009758
81982,0.45563704
113801,0.09485855
90377,0.06589713
111409,0.13322757
72367,0.00845054
54315,0.4615553
86744,0.037169594
62278,0.056374498
100050,0.05639777
75826,0.3529415
135433,0.057522945
77824,0.13467729
102845,0.001473658
23027,0.053630054
134161,0.100021966
141197,0.016608879
143639,0.011017124
55571,0.008232994
68796,0.09655172
58438,0.43530953
46408,0.06936239
34673,0.48795387
119125,0.06728423
58585,0.0060265833
65595,0.037086457
86983,0.007821697
125175,0.10480679
103789,0.030743768
14300,0.0063778902
128662,0.34027737
139071,0.029524196
56689,0.15453523
97415,0.21383607
13088,0.24913788
48686,0.324239
82397,0.13248014
18881,0.19373849
51148,0.4967311
99895,0.5754697
95161,0.13744397
136986,0.040750995
24656,0.021081869
134996,0.9507996
82553,0.38298285
51050,0.057138823
51212,0.5481043
94583,0.0152362315
75804,0.30393007
31256,0.49234873
32994,0.16525123
68522,0.056902133
91841,0.31576523
89926,0.60638416
125948,0.0073834877
141173,0.007833899
86302,0.11457556
144646,0.052270636
6204,0.03194392
84937,0.28702024
108567,0.0023598964
65455,0.24120955
48894,0.03584267
87211,0.21745822
144456,0.006729616
141386,0.41120836
92107,0.11283781
115146,0.0026083186
8876,0.14833504
80893,0.43630394
104336,0.58773553
101148,0.4638242
141031,0.4628889
6368,0.0057784105
21648,0.09928521
63344,0.090530045
138674,0.012227267
18276,0.054854058
104197,0.13987687
34109,0.45670518
86955,0.086191595
145460,0.058612663
126169,0.8325823
11862,0.28196332
113401,0.015070449
21133,0.051159438
27490,0.03970132
82573,0.46876302
60384,0.06889085
21060,0.24734429
52049,0.024362992
18839,0.09379898
116286,0.002687285
86078,0.12714097
140683,0.3835734
145,0.981513
26977,0.06642591
53796,0.016188482
14344,0.43886024
89405,0.98831
37064,0.21482222
57450,0.12318114
12515,0.015819333
112799,0.07091873
114932,0.022999855
64633,0.2641288
35913,0.21780774
90953,0.037788365
71871,0.0051710857
99219,0.021761755
59178,0.033210743
38953,0.0132620195
100242,0.09264623
124793,0.48978376
69008,0.32918635
105946,0.0039593903
17090,0.05579648
118783,0.04254705
95904,0.03522874
95588,0.0402279
111352,0.43521288
129388,0.12350624
35405,0.014726974
32585,0.72300667
53389,0.19692194
32212,0.5682113
33812,0.021448903
112370,0.34526953
54714,0.28966734
40605,0.02592107
118532,0.7427404
95193,0.008675498
129653,0.18368198
78678,0.014982744
43350,0.42043144
10931,0.17335372
134831,0.071888305
98927,0.016075904
115991,0.5550567
93823,0.004527632
91480,0.06586225
93528,0.0013105527
67942,0.084289484
77844,0.1109652
13280,0.026145175
105835,0.08581709
60285,0.73477364
79591,0.6308257
100339,0.016301874
142174,0.11361968
13679,0.0015735263
81049,0.2434975
64692,0.09594977
141379,0.15021576
105032,0.0076034297
35303,0.8314112
138994,0.006738629
73460,0.22621208
47271,0.8121244
75981,0.83881533
124802,0.4178074
42741,0.03123932
125466,0.035630792
40558,0.7470855
131877,0.16270673
141939,0.011213082
108252,0.007372757
12601,0.04391845
92871,0.017514069
66971,0.02857497
27736,0.0069447323
74992,0.023565186
85603,0.26393765
84769,0.013455458
32833,0.06717223
115517,0.07846894
103663,0.0068521444
8541,0.013323072
109873,0.3188914
67139,0.5974644
128853,0.086585484
97824,0.03162829
31466,0.03136656
126040,0.039469477
74027,0.19748762
84466,0.108381204
6049,0.034944348
14559,0.19686876
32034,0.041988026
88446,0.11005439
117646,0.040295154
88011,0.234887
10502,0.17965028
69996,0.07547582
103770,0.035402223
128147,0.29375136
33878,0.38235807
105298,0.8492757
29788,0.020425687
32910,0.020404339
96108,0.114259385
22676,0.83035433
18046,0.23357722
141030,0.71325856
28667,0.017419454
16758,0.043165993
84798,0.057463013
22859,0.18723632
14129,0.15953276
103514,0.06021178
121349,0.11444952
4469,0.5330072
101798,0.16940637
76060,0.0078715775
15443,0.1952214
19218,0.36589792
58392,0.14671327
21073,0.080109864
46174,0.7910068
58026,0.017309591
47947,0.5131447
104311,0.0022091528
22409,0.7548294
140935,0.030614685
58078,0.3425853
136659,0.9354703
127812,0.1938015
98414,0.8987211
76606,0.48613784
122528,0.31689885
70760,0.00077220186
25522,0.032461032
94667,0.0052453266
108302,0.21552959
85744,0.73540443
110637,0.61818993
114690,0.0645254
41999,0.09750951
19067,0.7097802
92344,0.05701925
115452,0.001328102
64944,0.09713122
6251,0.12816355
80924,0.02052648
26204,0.8910753
30201,0.20532072
59110,0.07184196
7300,0.014307029
18520,0.07934084
135152,0.046659395
118671,0.12733679
67810,0.0133558335
135739,0.103054285
138961,0.29547668
124657,0.0729613
137426,0.0009523732
43991,0.34773198
138023,0.00069481024
127211,0.09226041
40042,0.5982805
81000,0.03104759
142204,0.88003004
115323,0.09990115
89874,0.10077485
44966,0.6617857
47739,0.030310072
2993,0.014472731
7050,0.19238867
29508,0.3457412
92631,0.2406279
1685,0.13632794
33483,0.61754364
9464,0.053695317
71182,0.058384627
89019,0.38883463
78381,0.03496108
83250,0.43052056
126760,0.054571103
1683,0.17029306
137541,0.016462052
79815,0.050041605
98092,0.77918315
70919,0.030074866
17416,0.06971435
69055,0.0992319
56943,0.16697305
121064,0.16647767
112081,0.5122115
115577,0.044709057
73506,0.92582566
28597,0.13150534
87769,0.6522449
107077,0.02485197
48153,0.03155338
23638,0.21573542
42781,0.05698206
35203,0.039866064
140243,0.009705414
91995,0.05712202
138781,0.003071025
54606,0.06541475
120261,0.21188922
97728,0.052342646
47234,0.3562692
132644,0.010115776
48214,0.13079126
116948,0.03869933
69865,0.10733165
27984,0.07101186
10400,0.006030595
62793,0.28322014
31986,0.029176954
53439,0.119837806
144540,0.37734073
5625,0.020720843
13846,0.010745057
107954,0.5740376
114126,0.101357415
43351,0.42961642
128297,0.05007546
65361,0.02337046
27094,0.10817319
34666,0.2067373
52760,0.15118547
86042,0.017218068
123463,0.5694506
101138,0.27176595
94953,0.02326208
70885,0.012009081
46814,0.43445364
62899,0.23056759
129966,0.13205598
130812,0.6427914
18823,0.17681295
125244,0.048155084
79921,0.012135212
92096,0.3300542
107222,0.004246272
69956,0.2784087
115377,0.051892716
125387,0.12549908
63786,0.27543947
56221,0.16586253
50741,0.21945965
32825,0.019575126
104327,0.0011508041
118974,0.039160077
99846,0.076313294
54275,0.07036139
60804,0.002548681
42979,0.48201382
115287,0.0031995834
13632,0.009547759
45717,0.0059502707
106283,0.0007127139
17347,0.5967533
138047,0.002079476
30603,0.8534375
57635,0.050231468
26911,0.07712798
36041,0.01753659
43739,0.03521955
34454,0.029800592
95801,0.07458867
81374,0.1931478
29669,0.307854
31304,0.16662548
101813,0.6011996
87292,0.18775474
6121,0.51979494
54850,0.40362823
86465,0.016353883
118514,0.01592682
107026,0.0051226695
119994,0.00035346067
138349,0.064032465
18766,0.19978955
115817,0.016822841
103402,0.068729125
63622,0.0078059593
52928,0.064579725
133063,0.13551986
42063,0.2993321
139106,0.008471594
39320,0.018425684
30648,0.031506523
24370,0.03980879
96616,0.012415299
102022,0.28540385
71708,0.2249222
90663,0.44862714
115804,0.4747791
69954,0.13783315
139638,0.3654076
98023,0.046105746
72269,0.124443516
134933,0.16847031
134903,0.014396375
35637,0.021170316
75935,0.16753325
107694,0.0025022847
78774,0.016412383
77281,0.029552184
57876,0.77396333
15833,0.4892088
65055,0.061631214
143474,0.012206603
37232,0.11253763
112827,0.5603099
87811,0.045835044
33621,0.10724092
2655,0.96134126
32855,0.051806476
35979,0.094469234
38643,0.019817993
119468,0.012559649
56953,0.041191112
120622,0.0033000815
120129,0.0019170392
68073,0.03330771
60338,0.05839876
58204,0.021127732
102238,0.23747665
96990,0.036022108
95926,0.04960233
142428,0.0003747742
141310,0.08616969
3236,0.14821412
69647,0.18984002
15111,0.022800637
2875,0.03647366
15276,0.87338954
116367,0.0009895222
92700,0.36355668
56119,0.09530146
129654,0.16046046
98097,0.34685048
100896,0.058981795
105643,0.008887704
118176,0.009995379
83585,0.70369375
105917,0.007569572
99085,0.0043127895
92822,0.15639251
24203,0.6496695
31756,0.19203533
137706,0.012175956
137649,0.034805607
1389,0.11315573
143996,0.012933189
635,0.17518914
86402,0.14008574
131540,0.09381393
25846,0.6005108
9164,0.0075731007
955,0.023227878
97938,0.01733438
44386,0.09018045
140024,0.8807533
70947,0.009817092
29789,0.18706022
118490,0.10485423
128708,0.83442265
134763,0.062733926
101282,0.94376796
110090,0.3151993
127914,0.112147264
93033,0.06958756
110900,0.24697094
79182,0.5837135
35241,0.35110486
69516,0.089803606
86845,0.8863904
67909,0.89368755
129759,0.09716819
12187,0.00046144528
14425,0.00297646
7835,0.063008875
117456,0.002879031
141836,0.5873587
117804,0.97621334
112719,0.076235406
30445,0.27938545
143215,0.009079819
98419,0.77733517
28721,0.02628649
49209,0.7040832
122098,0.023269296
36652,0.008492624
57707,0.17300147
5468,0.2257723
132325,0.01872667
133702,0.0143777
59186,0.739722
129207,0.33236185
95064,0.16074112
74752,0.08814688
26775,0.07894126
82111,0.053535677
112525,0.9941748
111837,0.98827994
25145,0.9265522
22933,0.048708674
77308,0.7172991
43112,0.0078112204
62148,0.07248002
7106,0.031268694
41414,0.029318092
63843,0.75654835
124013,0.31488094
63665,0.010074567
132712,0.3735645
81263,0.73243135
133476,0.016666016
108956,0.2358919
112848,0.5590932
119835,0.3822243
119004,0.12012636
20041,0.8240726
124382,0.25312847
23244,0.915761
82708,0.56092876
81195,0.52320784
4084,0.26075688
102942,0.007729136
119906,0.0043113707
40372,0.039446343
139056,0.009390953
119904,0.07783904
26689,0.17995313
18543,0.31501165
127019,0.9901119
20189,0.6233222
27749,0.14174072
128704,0.9483711
45497,0.12641296
65254,0.011521284
97521,0.3385953
79406,0.071738645
37923,0.030441111
29183,0.3402544
131721,0.89208955
90548,0.11612109
129869,0.22929335
62389,0.028038336
29142,0.86576915
18491,0.060318045
117000,0.29146352
49883,0.041312013
57458,0.6255163
142693,0.25467867
108329,0.018617075
92253,0.40423396
46119,0.16130286
99039,0.033804096
10064,0.14358294
37829,0.5570007
43045,0.025040276
111062,0.12597397
62778,0.8780426
94186,0.0027679894
83078,0.02538162
135713,0.23070174
75157,0.15336742
49896,0.2568973
135006,0.03938336
50915,0.11156498
113331,0.023486901
141214,0.0014758959
136964,0.021045066
75124,0.75327003
124184,0.005103398
64774,0.055712223
101826,0.017265651
125025,0.016864818
98423,0.06939176
55978,0.16799851
94197,0.0150998505
138064,0.0012140579
143101,0.0018219356
97922,0.03244416
104615,0.015441399
93458,0.06414126
120214,0.094545506
114771,0.08995799
69659,0.51437277
62801,0.017311335
78570,0.41994795
28598,0.22414935
131678,0.83914995
8778,0.9222236
20613,0.4578649
13665,0.044611346
105345,0.02152684
29035,0.035794105
74953,0.14711276
22963,0.67349166
120573,0.031557884
5939,0.13842797
93067,0.21686855
122728,0.44180438
95412,0.06445054
54308,0.3344848
21607,0.19344008
33111,0.07609411
37765,0.06242078
5762,0.03379986
68604,0.46914977
65515,0.03510111
88517,0.23817213
90251,0.46481848
21852,0.21875075
113161,0.6538701
40626,0.37229803
6392,0.010775039
35804,0.079368085
94488,0.0038139832
55094,0.14267655
42038,0.045018025
81923,0.108890645
59746,0.9290145
68168,0.03534445
53164,0.10493064
117305,0.388254
16623,0.14686435
40727,0.2041806
138517,0.0031787346
142631,0.45374516
106136,0.9424985
35348,0.16099541
101712,0.5270004
61362,0.23245074
51437,0.03693687
117721,0.0023779245
33740,0.079959735
144145,0.008580292
11947,0.18540066
132839,0.015121736
124797,0.14463162
116748,0.0061451094
63433,0.070641994
115100,0.018555576
75854,0.51843566
15292,0.012326443
109586,0.39507803
95192,0.009851842
97879,0.7049582
133648,0.10173864
63182,0.09049976
42800,0.11876156
21505,0.07589661
25348,0.020472273
5096,0.16911173
64208,0.0049885283
2449,0.38514298
17859,0.2059767
2041,0.3961753
69367,0.062239278
17931,0.15155171
81485,0.11960287
54133,0.03024111
15241,0.048034918
98734,0.53340447
72216,0.05052637
127002,0.8703487
111229,0.37903506
11314,0.09422785
40942,0.32337478
3311,0.044885837
21380,0.10761709
5956,0.8341797
79852,0.21276248
60936,0.246466
42672,0.5855126
119057,0.0010196859
40661,0.093728766
35158,0.032232285
79595,0.5454871
68019,0.8053236
110886,0.2755568
58389,0.55972844
144547,0.031007444
53841,0.024205502
95208,0.893788
101296,0.01341687
1802,0.3831715
36676,0.056736607
14328,0.017159764
41910,0.7246777
6289,0.037613086
75023,0.024653817
39598,0.21261765
61564,0.24667495
13036,0.0074125617
73865,0.011741866
19549,0.39168778
7834,0.020787308
68546,0.3933082
87910,0.21767998
103901,0.024495982
139780,0.12679724
111417,0.09396747
68954,0.33422053
24126,0.42310438
136454,0.15282792
102252,0.12437656
50748,0.231695
144936,0.075154245
80248,0.060517956
11896,0.7338918
5795,0.009692824
50555,0.005080637
15963,0.2886859
44772,0.37246516
183,0.36415204
80531,0.025530072
18444,0.2059964
130463,0.09862387
74420,0.013666614
74793,0.027586663
36341,0.07522875
75682,0.15737525
138238,0.00019164498
86998,0.2859879
10903,0.032671135
5882,0.20475781
26142,0.04481625
41441,0.4656414
53399,0.15769632
139174,0.14408535
131195,0.010424097
66123,0.029971296
20339,0.019268371
3293,0.016704436
99730,0.12993917
136699,0.025789794
28989,0.6910797
39413,0.00909431
26831,0.028304683
20690,0.61935586
36615,0.0038980038
44400,0.89637583
1583,0.029709503
48453,0.00720945
52549,0.4803042
136627,0.07024654
103126,0.11054505
120487,0.00027106854
37594,0.0028723108
492,0.13393728
61510,0.0036561203
144015,0.055645704
38349,0.14125204
70514,0.02166544
12036,0.09241494
4244,0.011599805
138146,0.0018709183
9829,0.6010505
61252,0.059153248
83757,0.7613015
80081,0.020204967
11294,0.048658293
125808,0.10141389
43457,0.22319096
23946,0.031660885
95952,0.027288955
98321,0.02827821
139787,0.04434185
85984,0.20706952
77631,0.52458835
46246,0.039868332
22262,0.58233863
134303,0.080457635
29277,0.067275025
19758,0.008632074
6937,0.03449869
20934,0.020287562
97539,0.00615373
59181,0.011892358
38147,0.0023257688
116047,0.0074488837
100215,0.5848363
648,0.9897138
64602,0.09261404
39146,0.2001916
122938,0.004533779
110260,0.033086848
75431,0.36317754
21672,0.10848043
122739,0.20652501
20217,0.4191791
101227,0.93097574
61035,0.005495038
9625,0.1542872
49543,0.48768947
20442,0.11186751
94947,0.010517905
5967,0.37419075
53010,0.3036547
113721,0.055967327
59899,0.22166896
14005,0.016231552
131178,0.41239145
128288,0.3117552
101894,0.14722101
136970,0.0038246233
137757,0.027071903
130947,0.056608256
95627,0.006007709
138933,0.2633106
108225,0.0030571278
36429,0.97294
132908,0.047887437
51892,0.045007497
71879,0.023165472
81757,0.00519353
71131,0.2699582
70927,0.042813342
31254,0.320225
11335,0.13854486
39609,0.18083538
23326,0.08449312
50267,0.039152168
56338,0.033406142
126408,0.08182941
136074,0.021648848
17479,0.52485114
54550,0.078785785
145178,0.11592753
92135,0.047271494
89168,0.044712152
140193,0.011837939
94008,0.4631045
103884,0.274359
117355,0.41067022
75222,0.94667584
105419,0.03367091
97832,0.6405257
4560,0.056718532
95305,0.0050608865
135802,0.78557223
128978,0.06726063
71924,0.0042596646
68169,0.045129314
1593,0.0065384875
5639,0.02714677
5467,0.23286152
125246,0.37852222
45353,0.16540466
15347,0.011833583
60135,0.023462368
114721,0.07054532
5200,0.17239112
61736,0.012733422
71586,0.055330925
37838,0.29228276
52912,0.36029622
124726,0.13794318
130042,0.3668724
86081,0.03406611
36934,0.015263106
76268,0.2640044
31691,0.30063987
144331,0.042002894
40480,0.25008485
31295,0.14559852
32197,0.8100055
45321,0.08845736
41056,0.017398842
124728,0.12120971
86401,0.12339379
105264,0.52648705
31240,0.008536994
115560,0.04566263
59029,0.20328218
124641,0.058805116
43686,0.38284895
117262,0.06103033
111753,0.9780759
36212,0.05385851
57991,0.0042401575
100758,0.5267299
102430,0.2194404
56465,0.22032796
41805,0.29273096
15183,0.0067595276
81321,0.22704953
36074,0.15361899
87518,0.08577
76504,0.8392182
44919,0.5551122
107672,0.6983007
49864,0.93142766
77608,0.8266964
41370,0.309593
99905,0.0048727235
52075,0.57810956
35276,0.45763534
142249,0.013066523
3427,0.28775105
35137,0.002975638
100616,0.30282307
122863,0.022387782
41250,0.013025897
107186,0.06613734
55059,0.122487426
6812,0.9590569
92012,0.26661438
16255,0.17020005
140478,0.011943838
42198,0.26931974
90954,0.09383877
115341,0.39682826
39133,0.17261869
50639,0.354923
125390,0.11825974
11935,0.68406034
55629,0.34709308
99471,0.012227239
132517,0.4191066
71192,0.17005642
17079,0.66022617
139909,0.07605168
41357,0.2841081
29487,0.024315435
98320,0.016301729
119686,0.021321474
135999,0.01518261
133105,0.009754432
93202,0.397981
108803,0.85449374
119622,0.00494001
12362,0.0024417974
68412,0.016449364
77225,0.027164033
63326,0.08579176
127004,0.5423896
36703,0.3299628
88863,0.085403666
64372,0.83836097
16890,0.6522154
15360,0.12957527
60410,0.060431376
106876,0.036401227
40418,0.60000485
56563,0.023380453
45553,0.22126669
117935,0.0051881354
11617,0.2047429
130339,0.0652021
2543,0.051057052
134467,0.056239244
39930,0.6597605
125329,0.03355126
54342,0.25606987
93764,0.33347577
118147,0.060570605
99675,0.09368812
94146,0.0019241818
104122,0.13698597
56654,0.0625663
96957,0.08224432
23624,0.33953485
143075,0.00074347225
50032,0.1182511
57831,0.57326746
143416,0.571971
103974,0.0017038123
94151,0.1285387
54231,0.10984331
96117,0.08393485
106069,0.052511968
112232,0.07326912
121853,0.06767709
16118,0.20995757
101694,0.049517877
30066,0.07742857
101103,0.38151896
56510,0.13528588
87003,0.1127782
61625,0.055572134
42656,0.13155986
80729,0.8185887
34900,0.1339526
143155,0.0046811206
93926,0.10418244
46551,0.004307268
112355,0.04002707
61253,0.5822978
3804,0.10561194
15775,0.2424414
127448,0.9754404
101843,0.6751033
97982,0.076469876
44257,0.21892452
137105,0.031404257
22131,0.04564675
111368,0.39139324
138672,0.0040010284
89599,0.013954792
26170,0.02382518
137446,0.042425364
18721,0.06375571
14786,0.03253572
101008,0.3517586
23171,0.034277417
18123,0.29972565
139510,0.0021084945
127740,0.91517794
47807,0.09364135
48289,0.034810077
78792,0.031589136
50348,0.9337599
92185,0.01733823
33613,0.5182127
23915,0.6959601
104220,0.80328625
111686,0.31238985
123726,0.9738989
139636,0.7434231
124954,0.018267553
144212,0.30709568
1132,0.7472333
4546,0.031721424
85096,0.0039433986
44982,0.006463493
62066,0.5185385
130268,0.3930679
117978,0.10323141
13074,0.0026512444
19316,0.14632468
114470,0.00792883
76810,0.19228135
121909,0.14795867
442,0.14529543
28997,0.23787233
121235,0.01770315
6237,0.01079133
57544,0.8343448
144228,0.06825948
8927,0.0029535661
99283,0.20764548
58109,0.35406953
89967,0.120197
7488,0.024027312
86618,0.03955875
100029,0.021771654
124216,0.07129384
37778,0.36879733
8953,0.041742522
29540,0.030490646
57330,0.13418142
24644,0.13122113
118550,0.07672476
93510,0.0026185478
21494,0.032595772
120853,0.088717885
48357,0.029433345
130648,0.44347808
19828,0.011585867
56891,0.01788141
46713,0.9001425
88511,0.028419115
10814,0.17475417
35858,0.95266396
78366,0.3798799
89889,0.08701067
125857,0.06329379
91768,0.13653088
91517,0.63196
4096,0.30759966
36449,0.04253503
15339,0.07917065
29299,0.0730627
90902,0.14903611
71546,0.034683045
517,0.03147069
19056,0.06387255
74062,0.010853464
87874,0.159834
50025,0.9616148
108022,0.0063295485
138074,0.0005911472
137073,0.14731488
62076,0.62607616
70371,0.023776714
142962,0.12899049
20020,0.16976762
98837,0.13094698
141065,0.9655516
9977,0.17587394
73798,0.091821596
71574,0.046099413
97259,0.14872944
108852,0.5447354
44472,0.38738412
73653,0.016520908
54808,0.07702151
9805,0.047681462
76391,0.21722151
69376,0.020941937
41481,0.39774427
54984,0.19780034
109536,0.53988314
107669,0.018352471
17976,0.27548125
6323,0.0023376124
12140,0.20228872
63010,0.041062996
123392,0.67812574
116123,0.048931897
133035,0.048768036
43966,0.30813137
20351,0.66643286
37926,0.93567866
14546,0.083498836
17766,0.2526117
37148,0.014116652
52131,0.15502128
94104,0.13900512
37710,0.17521276
61871,0.014075315
30231,0.07735615
47390,0.4803225
71645,0.0037568056
109236,0.21152616
134268,0.2636362
122534,0.11830847
73572,0.85952824
35872,0.20745379
123997,0.099228375
50187,0.460091
135385,0.31341073
118430,0.010967106
104272,0.03583788
21873,0.11864553
56581,0.07115802
59629,0.03372519
111157,0.16309394
122676,0.75315595
14506,0.03722531
122352,0.065359235
62903,0.016547713
90564,0.012312726
13904,0.17600337
70463,0.22979993
72531,0.0020540417
92641,0.10693666
51753,0.20102479
114485,0.3968897
68066,0.9631655
86829,0.9785725
131522,0.032635003
432,0.4720534
23049,0.25079712
84137,0.17251582
110766,0.07441894
136373,0.002474023
136739,0.053324632
59777,0.23766541
119167,0.42769623
121023,0.96822697
3050,0.07445349
116918,0.042679377
47622,0.10955152
23929,0.51403993
61635,0.3811333
120970,0.019456405
112301,0.08309217
60153,0.18102363
100306,0.35908595
128444,0.95286053
73730,0.010311448
90162,0.93021315
8621,0.04782555
42756,0.16730796
71632,0.7840973
131385,0.74373466
68195,0.57355154
100665,0.023538917
122811,0.39786848
57237,0.016269118
105628,0.028591063
136827,0.0038214945
22812,0.53514886
40251,0.13842995
88207,0.025601124
84643,0.11317381
29850,0.7943359
121839,0.18507467
37287,0.0014976976
55928,0.20032868
140987,0.84229976
47169,0.013871408
65780,0.62373275
72218,0.015874626
47042,0.059701737
50566,0.009104345
124917,0.10831121
58761,0.98972464
85296,0.22483625
99127,0.239837
68811,0.11545827
71438,0.029246433
67423,0.07748764
73366,0.035567176
57771,0.7040165
114821,0.9169647
54051,0.0823204
116341,0.005263698
66317,0.03713125
129736,0.4122979
139165,0.0030575406
28794,0.029580489
126943,0.30921307
633,0.87538695
61505,0.11842601
114867,0.38534233
32989,0.040127095
63962,0.11882832
79885,0.047631774
9483,0.9482849
40203,0.20979941
29377,0.30980977
75986,0.6321409
38428,0.06056754
87787,0.2008532
16595,0.03394782
86946,0.039945662
113787,0.63112956
14491,0.0052714855
89150,0.079727136
121057,0.31141046
45166,0.09814101
54783,0.6440913
101716,0.11581848
66716,0.020026926
52369,0.6948679
50177,0.9750645
141301,0.017767603
50995,0.11635155
24954,0.059582196
141003,0.786855
61568,0.067170225
104466,0.8342823
126978,0.056776673
54067,0.20462829
76634,0.70154
143041,0.17434418
28724,0.10609106
31279,0.41822466
121322,0.04570561
131870,0.115018345
140964,0.47768402
33296,0.022959687
104776,0.044569243
41507,0.7926286
102497,0.9153625
69984,0.39954495
111553,0.09527823
118991,0.007932607
41108,0.09677134
73668,0.025520017
2325,0.95
144055,0.015177555
83341,0.0474367
116503,0.42045563
60291,0.21065947
110882,0.048439488
95490,0.035071276
117180,0.0076280185
128131,0.12076472
20176,0.35007787
136250,0.041458964
21005,0.9709311
78970,0.40334207
65270,0.029237933
116453,0.08703514
117391,0.019595142
10825,0.025078833
106392,0.012725841
130691,0.87641895
43261,0.36275196
14593,0.029649395
39978,0.06253088
118976,0.008726316
67503,0.07013588
115647,0.005524209
38339,0.022932788
60063,0.11547911
36017,0.86730665
126153,0.011677997
76990,0.66929704
78319,0.9864907
41420,0.26264742
82635,0.13803981
88717,0.021426376
39650,0.31817093
96143,0.18737501
60043,0.016093569
42438,0.30523768
42445,0.55582666
131088,0.23632352
74246,0.12481196
111954,0.011983841
128706,0.8715475
58265,0.09391417
72319,0.15512103
2168,0.0818188
102035,0.0919161
121089,0.09631406
66892,0.43736792
2344,0.30561358
50043,0.02326255
70985,0.64737314
112524,0.98069876
100929,0.29952922
63682,0.3627693
59793,0.08177029
110155,0.13819742
11952,0.41966927
115849,0.9466728
53553,0.12629053
86973,0.24496703
8399,0.014232571
114096,0.7485
115009,0.0127581
31666,0.10219622
145187,0.031132834
104419,0.82395005
102590,0.02545213
24206,0.6209389
43689,0.053629983
39871,0.1494003
71754,0.00498988
102925,0.0010880729
113027,0.4810306
57362,0.6716496
36564,0.03754745
207,0.6179952
59975,0.010009147
45935,0.37713253
41030,0.45400614
30243,0.6750577
124225,0.01486161
50925,0.02551594
136966,0.0026210707
29625,0.93850726
6246,0.34862033
35844,0.031248912
140831,0.011356563
125957,0.08146653
104060,0.49619293
50816,0.01700682
50640,0.06625893
133717,0.1170628
108255,0.001475173
47045,0.0628612
61884,0.32412893
123576,0.17312089
43923,0.9839459
24785,0.16178769
5653,0.024069263
92358,0.13777937
110568,0.46659318
133745,0.9008262
69416,0.1534691
27380,0.015892515
130147,0.037858777
143114,0.0020212268
39522,0.091732115
140603,0.010992633
73876,0.037228797
3330,0.012928528
113117,0.073967405
448,0.66058683
10753,0.21496631
17150,0.019295508
38667,0.0055815927
139125,0.029618723
131341,0.85266244
117737,0.6061703
99833,0.2259558
114451,0.05461805
30941,0.6313912
27862,0.0351171
94026,0.36126706
102119,0.057979938
60733,0.036310133
126906,0.05770609
127034,0.7315222
134916,0.008815974
129807,0.52947
26570,0.38309062
49381,0.2846096
87332,0.4325717
121762,0.029039126
47040,0.59733146
105201,0.22935882
3871,0.15057093
111137,0.030214742
162,0.04088045
62155,0.4943469
30405,0.0098181395
75120,0.086796224
130282,0.9511644
386,0.00976293
74969,0.020204987
50279,0.017923236
130093,0.049214594
48754,0.75605196
78419,0.91739416
66555,0.07070982
122907,0.002639932
113678,0.11003935
124895,0.07297935
1499,0.009721923
23699,0.11321756
7364,0.012691917
51857,0.057053823
31744,0.9171083
113017,0.17895369
13952,0.13807146
137466,0.004312298
41871,0.04981882
92562,0.54642123
145370,0.044939756
134589,0.15989037
115561,0.042305056
89751,0.62099457
35788,0.5590101
71725,0.008638509
117009,0.63728935
17979,0.22302218
144302,0.0045584803
88516,0.027065184
134744,0.084895924
130242,0.20316835
42491,0.52043784
76285,0.63955873
131932,0.19401161
51149,0.31150976
110956,0.23323701
67076,0.0047810115
117597,0.069280185
28926,0.36357975
75556,0.8749681
139423,0.042389467
78030,0.018223142
115807,0.010434249
3924,0.14272742
61236,0.06437645
39875,0.0038522042
118448,0.018723192
93683,0.21677145
47376,0.007142478
32302,0.051030755
142228,0.7559967
5345,0.19570313
108928,0.015400407
141642,0.017587615
132299,0.26473686
136981,0.007613918
105018,8.988422e-05
131388,0.012723439
6149,0.66464335
67448,0.29643142
123579,0.0066979188
86303,0.19197102
88765,0.42750502
65512,0.35101923
84233,0.41692635
77037,0.33353367
27601,0.21711275
45530,0.04155627
19621,0.08956495
83244,0.01244715
24437,0.4524137
28369,0.009103364
139306,0.3451169
65531,0.0688943
80490,0.58895844
18740,0.031157877
125945,0.0072137276
103934,0.0025336433
3396,0.03471117
95828,0.0887191
75066,0.035067268
128067,0.87432027
64712,0.51120955
43318,0.4816445
38374,0.09576136
99974,0.085924536
89240,0.19038613
1451,0.048288584
31135,0.062818244
80598,0.107370764
134973,0.89288956
72684,0.049055927
117904,0.1312645
9062,0.014149393
116957,0.055130392
95602,0.002639006
53937,0.029014336
62322,0.56168056
90753,0.054542657
10853,0.11452559
40146,0.027057482
126025,0.3350689
87342,0.042749178
69995,0.08967396
92131,0.043446265
137448,0.0014228162
7188,0.16318387
101349,0.022954317
70981,0.3111703
115201,0.0014679402
81346,0.0043214676
38116,0.26312494
45972,0.43874452
67213,0.4157834
36506,0.4296981
133096,0.02995217
6756,0.6370585
59361,0.013145726
117621,0.025708858
57855,0.24742389
35195,0.027014742
130240,0.4719206
5541,0.11808937
23823,0.2817259
82857,0.9884226
50459,0.32153764
49807,0.24162608
76406,0.019567426
60210,0.10511095
87127,0.032557823
77624,0.24280472
11893,0.76329243
32341,0.20625673
82135,0.012896772
58819,0.014641404
116923,0.92072374
77442,0.02633975
117592,0.65374905
52965,0.30523974
92445,0.112030484
123007,0.0016266498
47196,0.048616305
45990,0.016452165
4347,0.22771636
15393,0.017189965
112290,0.9749073
86429,0.652249
19205,0.9624957
68253,0.39213437
137227,0.6739658
8348,0.34802857
88926,0.2522268
118630,0.010845819
111521,0.34576008
81174,0.45805126
57150,0.91145855
35507,0.38676193
130089,0.019559607
57178,0.27672595
75942,0.8845109
133221,0.22747153
14516,0.04920384
85542,0.00850588
103074,0.0996505
40949,0.22425263
50393,0.014155707
37565,0.012503251
66076,0.243297
6362,0.00480876
115848,0.8514783
116388,0.039434277
1304,0.4603935
95672,0.030803274
36468,0.57480496
35488,0.8578322
52881,0.5057824
4230,0.036720134
72064,0.011775545
37802,0.3804414
15838,0.043878663
126849,0.086230755
53227,0.4594456
20659,0.62384
122104,0.36872476
72688,0.3059933
32534,0.85621226
135207,0.05754812
50881,0.13978878
74792,0.06868098
85932,0.03685676
40235,0.25435212
76036,0.016579567
128913,0.027431875
121259,0.14911212
12081,0.0024129762
110690,0.3871557
58694,0.17099114
107258,0.031725544
99362,0.016854424
131926,0.119245976
102674,0.14934847
12476,0.045157228
78052,0.4512412
84875,0.045327183
60444,0.34320003
134587,0.070994504
143816,0.083172634
92109,0.18173057
138729,0.20479532
55452,0.0066352044
144405,0.0012310476
29635,0.07216314
61190,0.029042587
28680,0.042318996
78827,0.016883826
76497,0.46138567
107333,0.14724399
135657,0.07264499
33617,0.26638237
17816,0.18718554
124291,0.023640973
73075,0.052995868
69846,0.26487824
73805,0.14143795
71925,0.025160005
28991,0.39899895
36793,0.18085575
73799,0.06346842
37295,0.9419852
112709,0.8905387
79094,0.07590078
108516,0.018649306
63120,0.06530945
18454,0.12647705
79220,0.64948326
99339,0.016172785
6844,0.036856245
134250,0.8143289
88287,0.219567
31800,0.7122131
29269,0.11745724
77889,0.06706276
108700,0.19641633
49407,0.1923202
40348,0.6239837
32061,0.27029997
98629,0.08149449
78224,0.5004472
103392,0.011216931
107784,0.00053257385
56695,0.001308777
135703,0.27917615
14787,0.8829036
121460,0.118773416
121852,0.031568844
72841,0.0035667566
101219,0.117312804
111287,0.13649014
83387,0.031108793
122079,0.9804733
8839,0.10194521
139411,0.08235825
116426,0.0043670465
119550,0.012381843
23002,0.11234463
140294,0.32074824
104638,0.012090016
59630,0.07332339
129009,0.06358256
118810,0.023144832
30304,0.1059797
115462,0.027910665
99090,0.1653881
129375,0.08587563
26792,0.063092925
53179,0.571415
123212,0.0035657925
29114,0.038509734
131265,0.01116133
23279,0.066978306
23189,0.04622294
63314,0.28700954
67874,0.27940243
77646,0.62184286
133513,0.045136455
74329,0.023763696
86455,0.9194176
58356,0.85049784
122267,0.95966625
68142,0.018910728
30984,0.044736672
98258,0.16665757
79656,0.96710455
11669,0.05908796
141329,0.059066344
120094,0.1039092
4338,0.023854863
106318,0.00395898
33020,0.063987546
34136,0.04190809
126276,0.040010646
141109,0.51464313
57232,0.035177764
18271,0.09783232
9198,0.5825429
131585,0.009013995
96824,0.019459048
59820,0.9305204
6807,0.0015900506
3716,0.20948614
58659,0.04551458
112813,0.35222483
15851,0.14356498
610,0.15915823
97883,0.029741265
68469,0.21451305
98715,0.010526915
135998,0.11693302
105957,0.005182539
79411,0.007055937
108528,0.017112171
35530,0.077663705
129934,0.0708149
10083,0.09729265
129311,0.020199988
6469,0.0057742153
97999,0.19705354
59972,0.035568148
7041,0.0015939645
19999,0.29501733
89871,0.22024868
1277,0.6689885
34265,0.35898435
105691,0.0050907945
21597,0.21788506
9915,0.012842874
51562,0.52389795
53478,0.052753534
8217,0.026530506
117163,0.038551185
17595,0.15358134
69855,0.22189933
7923,0.02641963
123244,0.0056567695
92767,0.7719654
137296,0.0010895634
78220,0.078366816
111800,0.97186816
39464,0.030963508
142232,0.040216625
138276,0.0024970463
98582,0.12590997
22820,0.5962123
92711,0.13004228
33101,0.52402484
3983,0.043194488
81858,0.7358277
131661,0.21784464
11450,0.11514745
122283,0.0079376185
18360,0.124703795
86953,0.02041355
98856,0.052701235
15903,0.17119871
30199,0.028299725
142448,0.0032545913
22849,0.006423475
22060,0.587171
56703,0.45659226
90837,0.16986027
106260,0.0065394784
88106,0.07682173
35124,0.0072746277
115133,0.07344152
110137,0.13677636
117860,0.93306386
98279,0.005506986
93325,0.9826151
113524,0.58464485
100502,0.28708053
51289,0.018140707
142635,0.694647
7216,0.0013347174
25451,0.016638266
129276,0.046467938
93484,0.06762698
50006,0.7946992
33335,0.077058926
15992,0.13605636
74967,0.25982323
81760,0.87674075
106172,0.040131934
108215,0.6947222
80350,0.1046749
31232,0.018558081
31613,0.2829757
67706,0.35261568
14456,0.010577153
119171,0.009693863
60871,0.28591925
84017,0.007781412
14410,0.05224533
111088,0.5741539
50098,0.13068055
59904,0.025270257
57218,0.057751954
66758,0.049088158
124531,0.023100603
120106,0.069995455
112248,0.021559985
81725,0.009727851
96168,0.55601835
120006,0.06304772
119255,0.9608728
56342,0.3970835
6560,0.36528087
39101,0.020975498
140387,0.46334115
117023,0.02946041
102872,0.0066076824
55900,0.015287099
140672,0.9778901
30723,0.03813414
125252,0.009734004
28411,0.10265211
108076,0.0024802808
4891,0.047631387
110345,0.1209517
118615,0.12492733
124235,0.07056411
46942,0.072462216
57920,0.14198793
34978,0.029948423
115542,0.017359925
36077,0.09857086
107926,0.011133946
56509,0.38822058
119797,0.0036849685
121651,0.011676335
3246,0.026122488
72166,0.0018807013
142791,0.005059816
131745,0.02023453
12577,0.39331836
44369,0.15155579
114942,0.9660054
69274,0.15049185
52712,0.0046492238
4114,0.052266773
13615,0.8275959
60648,0.004106605
25789,0.7689187
124672,0.13617504
121149,0.00074273365
21958,0.17398164
123227,0.26074356
135497,0.22601673
1225,0.21179734
17550,0.11089776
91799,0.19377832
115012,0.015642108
1398,0.012582953
144843,0.017674755
135081,0.42708662
121869,0.093942456
93309,0.6294265
27837,0.65673864
4904,0.019294092
42763,0.024634447
50663,0.12192149
27759,0.18902928
107877,0.018245948
70152,0.065434836
18388,0.14113961
20279,0.36158636
124757,0.87441456
26823,0.030226331
51683,0.021092145
82908,0.8516415
145236,0.002455351
49141,0.040140446
109377,0.07775615
14618,0.013219189
55214,0.08173011
132955,0.053732302
78943,0.24579933
113899,0.23143454
119688,0.21907651
133183,0.122483134
115236,0.50270236
128322,0.9715541
123342,0.055946976
138480,0.00062251673
26828,0.19291545
54900,0.46050972
50253,0.013553469
6852,0.094489455
97179,0.097023636
138002,0.012810971
75730,0.108756304
62504,0.3439094
82652,0.6413006
66480,0.41272476
64541,0.05040505
83100,0.064078085
107458,0.015701327
95298,0.0076984153
87731,0.04336653
86866,0.06601606
140824,0.028600452
94562,0.000199824
107338,0.012170744
30346,0.021104056
68587,0.04342052
27582,0.084400296
96436,0.002321491
112948,0.23490548
97664,0.023473825
119001,0.17473091
98891,0.023855163
68196,0.37441373
59231,0.22990522
69325,0.26981828
95020,0.014820512
47504,0.020473713
1619,0.32003704
77216,0.5850169
46113,0.006836162
72128,0.003161029
109340,0.013571262
99476,0.2705186
27559,0.14493647
17092,0.38069132
3027,0.028614745
28809,0.0051155975
86518,0.0009535899
63130,0.25127319
57958,0.017915608
84773,0.19286497
132888,0.09800934
121925,0.0024263426
38047,0.03322048
10667,0.05859801
48370,0.022723744
46388,0.033240657
23281,0.9420869
15405,0.56645244
57509,0.008419218
60224,0.010664287
98886,0.0044789496
115290,0.00052427594
74468,0.036030926
10849,0.1361698
84726,0.017866133
73778,0.18386804
44412,0.40387654
138631,0.003933393
12545,0.011788248
19538,0.38464418
126966,0.047199488
89135,0.30339628
123439,0.10314516
58246,0.85262585
91111,0.3833678
59919,0.06857668
15200,0.32848188
28744,0.025847673
30578,0.5543091
39417,0.0042952523
96533,0.012675699
55359,0.14252773
131965,0.08725202
19032,0.008840788
48237,0.12610012
39387,0.019835642
124305,0.054257702
140517,0.0031443527
29668,0.11524267
88939,0.81803
57132,0.024491802
6744,0.25200066
133227,0.5366383
126918,0.10527102
5315,0.02531317
107738,0.0031582355
114800,0.974655
28656,0.035590664
6271,0.06821829
88595,0.22237624
27085,0.8968627
9831,0.0374982
94781,0.14229403
141237,0.0049534356
88940,0.11539995
41472,0.30090883
73060,0.1685484
89784,0.05300774
46931,0.025657335
98752,0.032293458
114130,0.1702005
135990,0.058007143
118787,0.46529147
58973,0.08908931
44603,0.48175484
50899,0.060218994
42527,0.18337157
109433,0.066780806
103244,0.00839504
29034,0.055608846
143143,0.016017133
9215,0.04439035
3900,0.039952055
62691,0.23996912
9026,0.031821873
23091,0.20072716
91586,0.09505814
80406,0.10120695
49244,0.04552875
138264,0.020533178
78866,0.18067366
132923,0.030762125
38523,0.020421436
128585,0.08785012
76137,0.14831372
35294,0.081489414
100321,0.8195973
47968,0.0025464587
101513,0.05182194
134665,0.652084
4450,0.1762724
88644,0.18061796
2155,0.13350593
57386,0.94910944
104695,0.0036397148
97536,0.26391613
65261,0.006710417
88502,0.02760543
88451,0.012942718
44142,0.025325315
99878,0.051910102
52132,0.24431203
98170,0.6372181
113274,0.8254317
131617,0.3641678
40759,0.8148383
40009,0.27349442
123242,0.042480223
64363,0.58854055
74973,0.027932547
56429,0.29618326
127454,0.11650584
8737,0.0074766558
126598,0.090953864
271,0.1719278
102894,0.09379387
7299,0.02003765
101261,0.08332879
50726,0.116794355
13843,0.0029511505
131601,0.1540575
56647,0.152912
89113,0.037592907
118591,0.4603241
3088,0.15578035
76240,0.6077275
64488,0.017367337
26307,0.042014975
103966,0.3755287
138587,0.014958688
42827,0.2833271
48396,0.10240394
127967,0.14193173
88109,0.91671485
138097,0.0006757166
79616,0.064770736
56896,0.011590056
82437,0.015940659
107845,0.0035105993
25448,0.29718348
27801,0.027742539
31670,0.0958947
55563,0.89712226
117924,0.06919596
78404,0.011895312
12424,0.011329739
44959,0.03052478
20091,0.085120305
107440,0.025132371
98654,0.061689854
61307,0.009967427
104686,0.007173003
59614,0.017647894
114999,0.007599768
97466,0.9131546
121467,0.00030235763
121028,0.017498348
133512,0.06294577
119372,0.023678396
105522,0.25847661
39644,0.006005853
91406,0.06818505
70422,0.0029090978
137573,0.009192187
108808,0.15225479
140616,0.021289578
113951,0.21804625
75241,0.047528584
86034,0.01711778
65755,0.050650466
129036,0.061274897
139621,0.1442455
33648,0.34644306
45881,0.0504946
41841,0.5267524
24984,0.027475785
90596,0.19618541
13685,0.004562134
52410,0.2126356
40763,0.074071206
24140,0.13444412
70375,0.056111053
28079,0.0146520855
6981,0.021054309
96363,0.745153
112064,0.025170516
135331,0.8946106
63882,0.36765233
111578,0.27147987
46445,0.8191632
97106,0.9731545
120171,0.23887503
88815,0.039397992
63360,0.24387406
80796,0.15695944
120589,0.0034490395
91173,0.12939662
33880,0.84084713
18780,0.63630295
142877,0.016721362
143443,0.014273665
53008,0.09908905
85852,0.122612074
105333,0.057149224
22325,0.08527994
68628,0.0790162
108675,0.040229823
142473,0.0028249302
25726,0.5987051
138147,0.0783993
117993,0.009510148
96052,0.049024716
24371,0.024041457
29178,0.008603484
12677,0.1360317
19266,0.17727815
61836,0.38654467
89352,0.9100423
109553,0.015654946
126076,0.020321315
120631,0.0054014972
63688,0.046490066
87913,0.38759357
46239,0.1298978
56459,0.31163022
72842,0.006077171
95157,0.023149228
56165,0.21490286
71956,0.0029810483
50913,0.8954539
108279,0.024082158
127169,0.021957187
16427,0.22930515
42050,0.21103221
39707,0.758397
77143,0.17336586
17204,0.37433437
35478,0.03311594
116093,0.1456154
15549,0.08746969
14958,0.09450907
62327,0.12566505
57642,0.022353403
15312,0.27534428
26582,0.040007442
7169,0.013076476
37588,0.750752
121459,0.008551952
115381,0.24096493
127041,0.17055757
109554,0.052297793
35346,0.08683853
76887,0.5441211
126456,0.89310515
56347,0.0833126
117841,0.002297795
98080,0.13420323
37932,0.0036421297
113838,0.11908396
80582,0.35641536
110718,0.16011667
6518,0.0066099144
31318,0.38821778
16210,0.76101875
47722,0.03391194
67522,0.038144816
111419,0.21929641
128742,0.37118334
61150,0.10708069
56385,0.025551707
58396,0.32785043
98621,0.03854142
136345,0.0112432195
89329,0.25536197
17365,0.10319213
53226,0.40036914
110446,0.18104376
31736,0.047665108
113995,0.03556476
43835,0.25632986
129748,0.2867878
27347,0.03337726
9262,0.00543233
14890,0.03250525
66975,0.5902541
68048,0.21944523
132398,0.12272837
48433,0.7402422
111278,0.12353855
92231,0.06748303
85197,0.15664874
46833,0.39759955
44496,0.013532843
143791,0.44238257
118426,0.014062218
82781,0.3548396
99678,0.7514133
47215,0.015805658
22474,0.018348992
30913,0.9780976
94515,0.02438118
48320,0.76915115
44092,0.53466475
74816,0.029947154
112903,0.32306436
108866,0.9911823
63547,0.04771898
101353,0.051829435
140780,0.092349984
131369,0.035403825
41537,0.04439906
70425,0.014451934
91804,0.87671363
61316,0.34900698
100378,0.123847805
16603,0.03947252
51366,0.09544853
66257,0.009075397
32504,0.20548512
128393,0.14531402
59388,0.0022535298
91160,0.03131927
70213,0.78797644
135552,0.028088402
35669,0.043394215
2580,0.038013745
104783,0.38438538
26654,0.91243935
58073,0.086768046
55413,0.18256451
39011,0.0011775823
100286,0.588288
126457,0.24036586
137813,0.00461397
126915,0.3444733
92076,0.28972942
37689,0.008689748
103231,0.00952146
52556,0.24992879
12678,0.37703133
7428,0.008964202
17785,0.12910911
96001,0.038720928
133680,0.47857073
82863,0.06266129
25720,0.23796554
127179,0.07360048
42199,0.10633098
56091,0.2032494
69281,0.06465509
23368,0.15808325
32359,0.041226514
4610,0.048103247
53691,0.28095773
44040,0.08426738
16511,0.13860323
89149,0.012316607
131996,0.02120474
83870,0.17251113
119562,0.6540782
18676,0.028565925
54952,0.077876836
129563,0.34556532
25675,0.047792837
22869,0.03497354
31896,0.32558745
103369,0.029973574
115002,0.0051869093
144455,0.017371636
139219,0.23528272
118742,0.016504616
66238,0.014633852
117587,0.6194941
71766,0.009745128
66373,0.0020277095
84371,0.0075663086
45313,0.18112275
116611,0.106161214
50645,0.09557019
108647,0.56264716
120226,0.009480396
22635,0.7919297
46755,0.94603354
127810,0.9683339
123016,0.013323781
3130,0.8777232
119898,0.41468525
128856,0.36282843
13507,0.060318884
88949,0.5494835
29268,0.048351318
120846,0.0044224765
22719,0.16425818
33074,0.18501401
16796,0.06674314
145235,0.010342136
127392,0.8089999
17996,0.2163767
6596,0.023676548
19806,0.06699312
93808,0.08235843
96563,0.004881223
80030,0.53969574
111984,0.015485464
53668,0.49039182
139300,0.9501538
9141,0.013119221
121419,0.6597908
108690,0.20048988
71147,0.023672063
113092,0.27087867
54595,0.21754625
100278,0.048562475
110641,0.47838122
105420,0.015590452
8326,0.79987276
66985,0.8780246
39257,0.36112154
59203,0.89757407
110349,0.008250857
54810,0.11521081
100257,0.16663367
131105,0.39543977
109883,0.38059756
137766,0.0003314391
15007,0.0434313
120158,0.0023448095
60790,0.057877135
10240,0.0703775
144193,0.0036978
79546,0.6261323
117932,0.086915225
38199,0.0062783966
143577,0.0584047
38798,0.95740145
46285,0.18313427
137827,0.012155487
36533,0.038206887
19873,0.07039564
121780,0.95896536
47367,0.030695777
90568,0.21376653
41938,0.016988376
31236,0.9023095
60107,0.8826546
13392,0.061450176
6267,0.03709179
181,0.02322309
111129,0.20615792
6833,0.013825667
96663,0.44212353
20174,0.7056723
22380,0.6815406
68404,0.023463367
1587,0.1575346
37348,0.08432537
12648,0.0088965595
105927,0.06441863
24582,0.62869316
46051,0.020087045
129881,0.47824103
116014,0.19183666
143906,0.31546897
23241,0.29045957
21363,0.64941865
131396,0.13110732
80446,0.0627553
29834,0.083435126
100757,0.0827668
93932,0.10642082
48693,0.07843469
28655,0.01925281
114791,0.7859549
32134,0.37983096
101541,0.1764483
93664,0.15329297
57101,0.19563478
105265,0.22204609
1871,0.035930734
62562,0.011032113
24360,0.023454105
55676,0.045011442
10970,0.036745846
80328,0.1295994
30352,0.8782077
7495,0.011427729
26564,0.09608005
7218,0.0051103896
48725,0.72314966
59360,0.119080745
110439,0.037211575
138981,0.0037668953
121712,0.04609947
34732,0.10469723
6414,0.4197653
118153,0.0036291971
60374,0.013324408
99468,0.0067009553
92225,0.0704296
71755,0.00728994
64668,0.14756678
112933,0.015608611
113494,0.58351594
1881,0.2717179
104464,0.8544694
77648,0.32680583
107383,0.0018583296
44385,0.10096894
123980,0.03529562
52793,0.9079266
3113,0.8443892
32278,0.0023457222
28168,0.15412383
28470,0.04004591
57102,0.04627403
26520,0.13028724
130085,0.638669
20630,0.06606777
136653,0.87497944
2272,0.99117965
144412,0.0044381516
77640,0.9512188
39332,0.037838887
25190,0.068445295
21732,0.030499764
102636,0.4434505
24432,0.015427419
26281,0.097960204
61788,0.06878331
62981,0.03265655
89602,0.06917818
18589,0.116754614
69423,0.0555741
19728,0.34597346
37016,0.010358059
76272,0.9105912
115387,0.0063352585
31815,0.022081593
56340,0.044335566
47526,0.09629844
138474,0.0020729543
52186,0.38832495
42743,0.16889842
127052,0.60040504
12538,0.0053842226
68523,0.5536555
16278,0.6204054
39585,0.3315901
133180,0.018956076
46012,0.02692286
91808,0.07021412
60061,0.3261391
94315,0.027011257
7795,0.22943382
102537,0.25125608
17024,0.20330332
119955,0.030326711
86899,0.005762325
44590,0.028949212
83615,0.109896004
81418,0.0067688213
63121,0.017981444
101417,0.13327421
56055,0.7288637
22400,0.18171723
19483,0.02582861
16898,0.18023153
105618,0.00059689715
30936,0.9017128
7504,0.004846088
143117,0.002217626
56130,0.8966498
61025,0.0603317
88212,0.17246883
65936,0.0065987958
19722,0.070834495
42639,0.19453642
37499,0.2648826
70802,0.2325492
33746,0.04710255
110375,0.30649254
54234,0.030417027
82627,0.21444307
52821,0.121370435
31879,0.04636628
108517,0.042715732
4831,0.032455925
100671,0.13292207
129434,0.32966185
12949,0.010100479
144147,0.46564257
110762,0.44369784
97904,0.3661727
139524,0.006774527
130521,0.18204397
35960,0.0148273995
39457,0.018293941
142758,0.005621369
25215,0.4160273
19429,0.13667606
33498,0.67253435
53947,0.35802925
134854,0.028020615
68500,0.15671232
47486,0.012912588
56932,0.021056298
106703,0.025941893
55835,0.4789536
9315,0.0047127227
66901,0.37981597
66650,0.0033389598
62738,0.04469337
66295,0.004742413
22172,0.037807383
87841,0.030965963
21609,0.14927104
48250,0.022506272
23078,0.12743896
85435,0.98240256
66886,0.011254214
78355,0.8771951
85674,0.012551721
112003,0.04097068
60700,0.008926874
53718,0.5652123
70903,0.87158006
109246,0.012538697
84435,0.010365427
11315,0.11374035
96546,0.018124368
141172,0.013088746
50496,0.08091972
127632,0.19579186
33295,0.3658073
77548,0.3616859
120542,0.8754523
90340,0.72721547
62529,0.1702709
144306,0.24909183
43603,0.37289545
122854,0.3647577
67583,0.3415172
129892,0.088079624
24825,0.33227864
137414,0.0010617711
64174,0.11567589
18653,0.3856603
89808,0.1525892
54541,0.022270575
101322,0.0023761482
71822,0.00087619707
109224,0.09648411
110768,0.03164788
42873,0.123582385
130760,0.4155067
93266,0.94507366
114849,0.39579502
20588,0.3643199
28686,0.020573186
88963,0.1325471
95092,0.012238013
65767,0.26538792
49123,0.043811105
125089,0.019668125
75263,0.025689641
116419,0.014333244
63552,0.17929831
130494,0.045261912
19931,0.13191769
114698,0.028039407
89636,0.14882226
64150,0.20873037
86195,0.09197391
9811,0.027084338
35751,0.020918746
96948,0.011064175
84888,0.22062574
10026,0.91398805
20802,0.061026067
29385,0.30136847
87056,0.060186572
75591,0.82499224
10816,0.2352407
130364,0.24571177
7634,0.10071246
62875,0.01180937
116597,0.23002997
48186,0.16275188
25615,0.123063505
77240,0.4192172
30404,0.03735791
130,0.023884645
139695,0.111148424
119633,0.008733834
46870,0.100765
99528,0.12017633
79587,0.9307283
37189,0.022562655
120728,0.035443507
139003,0.032080613
87820,0.020855526
46337,0.024104914
4447,0.056099754
26427,0.7383938
51982,0.01808839
34553,0.3872172
54122,0.08659557
91678,0.2321076
75327,0.14794353
103195,0.046586495
80143,0.029455395
12634,0.008987378
114547,0.043065127
107394,0.0014589764
14713,0.27939487
103879,0.14426766
24135,0.8273889
62330,0.6253912
117304,0.68487304
53855,0.35113913
108111,0.0059487224
43976,0.5799112
89562,0.018268075
111010,0.33822864
102499,0.5673619
106484,0.024586527
89990,0.13939483
59771,0.9085424
36337,0.7464376
11800,0.11528032
29411,0.36608875
17056,0.013317721
63935,0.7800273
4065,0.19251212
125474,0.06591669
27720,0.11675976
109809,0.3039263
2451,0.07446152
79696,0.021526434
27402,0.08590841
647,0.07417514
25422,0.03241359
90384,0.035998724
37757,0.124837995
144788,0.0064937035
7716,0.29563752
49822,0.05169014
123472,0.008069389
13660,0.005642452
62157,0.04503678
133615,0.023772806
70323,0.096726455
36039,0.8524789
106970,0.006185001
139896,0.010246348
134662,0.65439254
91864,0.12620127
50901,0.12439689
84184,0.23701587
12092,0.34778443
112276,0.69939584
37022,0.05474643
83693,0.0831664
12113,0.5861769
140859,0.0051231217
67333,0.03718271
41669,0.09735041
80262,0.04013794
63281,0.18607202
107743,0.005470403
105120,0.022244347
16009,0.9758807
86612,0.27217692
43116,0.6796881
64160,0.13075657
104271,0.04206179
112538,0.9921972
16611,0.1689425
24864,0.18380307
140576,0.0034551434
69806,0.09964965
42094,0.43067926
104903,0.032331217
60450,0.0818365
120021,0.0061818776
38249,0.0027613766
26187,0.018207848
138524,0.00019668143
27272,0.10504214
30351,0.6808131
98195,0.009980319
61704,0.11498285
38657,0.0069545787
67772,0.037705265
85462,0.036977418
118204,0.13070096
132475,0.021309098
100967,0.008856781
144050,0.042793315
25360,0.021512212
66676,0.021446886
102071,0.028048122
28293,0.4969498
17254,0.22782393
25716,0.031739444
139855,0.005230362
64147,0.05266427
97903,0.46183738
12754,0.95538914
77352,0.058655985
111567,0.4763706
112708,0.22123568
56352,0.106995195
58635,0.25885475
1864,0.025639014
18192,0.03560989
92831,0.08900455
130660,0.0904343
122148,0.59145546
23853,0.8557299
18845,0.078415
101474,0.53644806
65947,0.02060996
60014,0.026280645
93597,0.010339945
136579,0.0057848655
108804,0.70887387
32185,0.7194211
74962,0.011720594
127381,0.20926255
144166,0.31381592
108430,0.04448802
127612,0.09563447
68590,0.06614875
128980,0.10775323
19937,0.07832347
98804,0.1515797
69986,0.22572152
58526,0.009383548
29836,0.9571146
73616,0.6549993
144280,0.02334734
5740,0.044575546
104560,0.022864813
101789,0.018736158
57491,0.057407066
106879,0.0009885357
139961,0.17917608
94037,0.77672166
125268,0.059196506
60712,0.042324908
55315,0.8301515
107751,0.012178211
45452,0.22494718
45950,0.014093862
31150,0.34882778
9060,0.48356372
76239,0.5518717
65689,0.017087864
66849,0.029612746
75092,0.014247699
134818,0.10860708
143028,0.5799879
5727,0.109110944
97153,0.07168962
88068,0.6345011
72508,0.28676927
69715,0.33603013
142079,0.084544316
91520,0.011878273
15297,0.3256911
33731,0.018449537
40054,0.8805358
58661,0.060511433
120657,0.029019738
6280,0.008116777
112336,0.07545472
51102,0.020172901
38884,0.0100169275
72264,0.025151772
34345,0.22754756
65916,0.02648
22999,0.07404892
64970,0.17985114
28347,0.10957048
45938,0.0056498456
15356,0.10950065
30434,0.42175996
75571,0.9698117
71339,0.053414647
65929,0.49871668
68809,0.14451936
95052,0.18187283
57141,0.34001616
58045,0.5712115
16575,0.24995923
6684,0.029609242
30841,0.32737476
15371,0.27632505
129877,0.16291584
128458,0.9896096
15948,0.035634134
63094,0.87111163
144582,0.004444964
35992,0.9268839
25249,0.61983454
112366,0.08315108
72155,0.00051516574
122460,0.9535276
50085,0.03872708
115464,0.09579225
121160,0.0014884142
27904,0.3135631
55203,0.19814214
72074,0.00051280874
76985,0.3628472
125236,0.29581693
29702,0.06302357
106964,0.00034860094
101683,0.0016576452
84467,0.091026194
127595,0.092821516
143347,0.33845842
104677,0.030732077
70128,0.65984434
103269,0.35776633
68129,0.13265505
19606,0.09643262
80260,0.22629239
115090,0.71217936
1939,0.17675884
56976,0.03442312
104026,0.0030472525
64537,0.033184588
100748,0.102248095
32884,0.030947462
67425,0.044730235
68289,0.48111534
133102,0.017774928
41201,0.107385114
82361,0.5331821
84236,0.86378837
53040,0.4477414
126855,0.1630788
81337,0.056868162
82961,0.00918026
15912,0.16928881
10703,0.01452518
107537,0.00084520754
59293,0.009411989
68953,0.22186811
92853,0.3520315
119789,0.019321455
71170,0.16226354
17786,0.27510926
96289,0.011532916
127250,0.045581326
98394,0.33274558
114677,0.011440423
20206,0.31720355
83702,0.1102073
85843,0.26076332
59683,0.11600017
10416,0.13051023
1044,0.72312355
45748,0.034358975
123052,0.0025098908
68075,0.06302434
129150,0.52076465
142904,0.032722842
120596,0.6768082
112353,0.06781265
62172,0.030418357
144623,0.010544259
111516,0.5988154
30688,0.19845733
68959,0.44512966
102558,0.0012105925
26064,0.03323819
135292,0.44675377
59421,0.6011443
75429,0.027893113
105632,0.16061155
7843,0.06390007
119669,0.22816871
129773,0.17416406
82431,0.011718291
134987,0.30181915
127101,0.014854568
6876,0.021034494
34461,0.012245491
42898,0.34884012
88872,0.011498759
22574,0.20888121
85105,0.01142843
101187,0.33910245
141430,0.7487449
77853,0.18658707
99316,0.005503981
133287,0.14280617
45889,0.021336144
57557,0.004345461
136629,0.00538349
88539,0.020012371
10745,0.836927
39748,0.15796627
59407,0.12599623
105055,0.0030725338
136590,0.009174593
101665,0.008581728
143672,0.1740413
94718,0.12307201
48049,0.25182626
70535,0.020024003
971,0.034366712
116172,0.0020824673
118882,0.647125
95591,0.033129048
26765,0.018636364
47585,0.5471331
80214,0.066810556
32843,0.046370707
24414,0.011741347
105226,0.88220465
8842,0.25255552
52082,0.10816388
144337,0.01712159
12347,0.0059353695
138513,0.007346248
55022,0.078272454
9603,0.030583411
76021,0.06316647
78351,0.01522188
90727,0.36655608
106525,0.016865648
6010,0.05380915
24013,0.35082626
29181,0.040647615
28316,0.100448385
13742,0.003469619
29619,0.9489381
105718,0.5301889
46657,0.04028699
7909,0.43146646
60933,0.021760425
132056,0.7123461
98537,0.1214054
93139,0.13916133
120503,0.9124331
31989,0.67064077
116848,0.0021522902
89927,0.34922132
23470,0.1180362
145234,0.050663978
35397,0.09223558
106502,0.0040130024
142872,0.0008101766
96958,0.0049365964
123566,0.7002172
107392,0.17128704
77914,0.12672257
298,0.23715708
45172,0.042278904
47232,0.014963452
112812,0.13871314
141800,0.4173749
51261,0.061561953
18186,0.04928161
73922,0.0032500685
131794,0.035804637
135738,0.16055761
76288,0.94594544
113357,0.012783759
23287,0.13113487
79017,0.010643765
48097,0.05140593
70446,0.0030965174
67797,0.032804836
135078,0.8900956
72759,0.014959594
20456,0.091995925
123549,0.022179367
109540,0.48444462
105445,0.03289404
80944,0.21509713
109136,0.2223345
107833,0.14423122
134022,0.57457
131928,0.05275741
87951,0.89981586
18397,0.6642783
105547,0.0041100816
82102,0.11512079
56933,0.27474487
14218,0.016068747
23146,0.69233984
143273,0.057005987
7109,0.68921477
103467,0.12665264
67398,0.06011523
43701,0.13676775
87764,0.061883133
11873,0.09001584
127574,0.16414812
110627,0.10646317
91767,0.04530217
42699,0.018410766
143395,0.58688104
21082,0.81328386
78694,0.23047343
44995,0.5961483
31393,0.60117847
82076,0.02408119
31945,0.46480653
14709,0.90905195
139743,0.6358217
68068,0.12448639
125858,0.14169094
131785,0.00541625
6598,0.019708388
84953,0.45542806
39303,0.0131105995
65487,0.6319953
144327,0.013272045
112942,0.44122717
58965,0.09195109
50923,0.009162182
23160,0.023836976
103242,0.008277424
124943,0.029244015
57100,0.4534868
86748,0.27843797
25487,0.033770595
76079,0.10752313
66418,0.50616467
96744,0.7934563
123505,0.80667037
122922,0.0006180415
24379,0.013540179
67948,0.79729795
36219,0.06369653
133460,0.044477057
90221,0.11760328
114132,0.37215793
73807,0.8895479
30363,0.18452415
83225,0.95493466
93964,0.23056012
47917,0.25507995
33164,0.26561698
46718,0.1846119
44252,0.6439732
124689,0.47672293
73504,0.10900475
71942,0.007926219
80762,0.3980477
17692,0.20848918
25648,0.027401106
88750,0.59890515
135546,0.038804695
136129,0.061709736
71491,0.034662228
25626,0.14148252
142719,0.027437555
94908,0.0045281434
125574,0.02739887
46762,0.24532409
28065,0.16292648
10027,0.31093892
28996,0.1069585
57167,0.02750697
10951,0.43625012
47422,0.58033526
129304,0.08473147
14020,0.039175104
35990,0.6054227
94618,0.024010021
53012,0.6055208
87408,0.021098275
91362,0.78051454
13403,0.07478271
57262,0.027002348
11986,0.703741
1247,0.0022191934
96773,0.13736883
30680,0.8473337
129358,0.09155783
99602,0.016143955
59115,0.020517696
51230,0.053849827
57828,0.039994765
103169,0.72368425
83758,0.13127668
24036,0.8817182
136147,0.0009472972
63332,0.35026163
20363,0.8822156
64704,0.7057167
125202,0.0854625
117644,0.0040200623
99754,0.61911625
104074,0.05704754
39358,0.10320303
144067,0.01973949
114450,0.52431506
19898,0.06551396
7120,0.0027846815
96960,0.012506678
45952,0.14810541
47133,0.03042595
120240,0.8442852
15487,0.36227128
127341,0.3751301
21287,0.47051543
55907,0.030179022
83649,0.24891587
30175,0.012736527
26566,0.11152731
13942,0.033214442
71667,0.09453575
94937,0.007996996
141316,0.028283399
60776,0.09409445
21369,0.1948739
107552,0.0025692496
128110,0.5913958
88051,0.38157082
40027,0.45494524
86975,0.9757937
114682,0.0006297571
60019,0.03567507
57838,0.14869067
21418,0.08302115
19562,0.25042802
131899,0.26425555
119127,0.41926646
10964,0.19999325
94032,0.7004779
73065,0.65783656
87791,0.13394232
101809,0.015606596
103679,0.34624198
89407,0.3095703
134285,0.024166722
86216,0.006451543
40844,0.041101627
18079,0.23268425
106058,0.0047335178
108555,0.005932748
117961,0.0031088002
45400,0.054493867
80023,0.11384461
108299,0.056516472
65906,0.96715015
88,0.0072951075
10277,0.511823
68015,0.043405946
41782,0.94279605
80308,0.58589894
142442,0.02086716
88065,0.009546545
109468,0.6370173
1582,0.06316562
114157,0.07197099
57341,0.018353024
100112,0.38881427
122207,0.0010815045
27890,0.027031483
23798,0.107584156
115878,0.14865124
129165,0.769523
116832,0.0105902655
33736,0.11078066
85261,0.1704432
63837,0.9417793
98362,0.29920545
54148,0.14605932
1065,0.8451148
143419,0.25688893
70710,0.0006258884
112302,0.71675706
1657,0.24398175
73518,0.02438892
129560,0.15077162
77986,0.15092598
17532,0.1989072
13213,0.21055144
73683,0.014371579
123419,0.009833481
95182,0.19753619
79075,0.11334754
83257,0.04210167
18663,0.124514684
76317,0.97025
49198,0.044379868
139508,0.00069892104
111632,0.15702167
143199,0.021784728
124364,0.23719275
123938,0.27869827
73951,0.08473311
32497,0.82663876
117740,0.06839752
127242,0.105968416
41891,0.02100746
97441,0.046078503
21838,0.543438
94328,0.050916173
30459,0.039851792
23912,0.17312063
118806,0.15573882
57436,0.03616928
83378,0.028334752
60628,0.13907179
104383,0.062111124
101424,0.39480364
80513,0.038846288
23298,0.0710769
24869,0.22564545
53619,0.007940773
25272,0.17034575
10419,0.6743352
69528,0.09409473
58042,0.017321533
68727,0.022100579
40998,0.1473724
107009,0.0035198256
110951,0.3783037
113267,0.5326548
34620,0.06107867
92947,0.037350506
114879,0.3216946
118771,0.009080862
106046,0.008939881
109550,0.25528863
83222,0.5823049
136904,0.95872426
91233,0.204207
38557,0.002995579
116371,0.0010143027
28786,0.0050799283
107673,0.89502954
55296,0.3130012
93467,0.0058476925
55468,0.022999309
54977,0.022549644
132377,0.08415177
116946,0.01854598
49909,0.1153969
6419,0.8219039
82855,0.11907358
23147,0.9618111
137552,0.0005426122
76709,0.35532844
68512,0.9675331
863,0.80970526
96024,0.040959347
125695,0.068032466
119077,0.03796158
16153,0.9603345
91748,0.12408612
25028,0.026840363
60254,0.0943308
142380,0.02293931
74795,0.006249181
131104,0.13469695
59422,0.0852639
2395,0.036731116
58149,0.020769907
130431,0.18185928
114769,0.036406245
103895,0.0017394638
53717,0.3357316
71227,0.0061096246
61229,0.0071589914
34,0.010079818
35923,0.037129562
33213,0.42406034
85401,0.2783988
137484,0.0008120877
109084,0.03935208
99485,0.5789808
33135,0.9721038
87540,0.33687276
79192,0.036544435
115483,0.055016305
52372,0.7449592
141555,0.0005516993
44643,0.2194207
128805,0.38040677
23687,0.37331715
3480,0.021705788
6819,0.03862094
31528,0.18562886
2703,0.74998254
99120,0.05840407
40562,0.38545895
140897,0.0064584026
56984,0.027645916
109091,0.07021506
65932,0.13933109
21286,0.6801273
20476,0.26352307
131321,0.30876395
52203,0.09904868
81848,0.038175996
128848,0.10243885
140363,0.84857506
141938,0.006402996
126167,0.17121108
3888,0.03784958
113858,0.37811738
122933,0.0014631343
73203,0.050115097
102788,0.6156237
79085,0.06257557
74632,0.7958396
39435,0.09952588
71912,0.017012153
29574,0.28258875
20134,0.5120583
113153,0.09530544
124490,0.06362783
82906,0.95531493
117809,0.9617081
107065,0.1694856
48852,0.31137866
30987,0.02980674
132117,0.050458908
33328,0.90492535
29691,0.18587823
10117,0.0635227
98598,0.1174414
93676,0.9798177
125299,0.1518326
127615,0.08726708
114660,0.0036069534
32958,0.09173901
96318,0.04366163
18067,0.13236505
10926,0.21160573
45588,0.07548192
139173,0.015478058
57221,0.036821105
42860,0.2774454
83714,0.168598
89309,0.29679564
130529,0.014382113
126476,0.3416922
135286,0.50751126
82617,0.4260856
12576,0.5911861
91676,0.1409288
58931,0.017563697
52259,0.02350282
143575,0.06537269
20645,0.081174746
38310,0.2462985
14665,0.067852184
65115,0.056967486
699,0.9773129
13689,0.0032518376
132951,0.040272336
84421,0.00534111
51601,0.027809117
144426,0.002868555
102123,0.63061726
55474,0.034083128
106337,0.019706974
18493,0.46987852
72686,0.20928395
96720,0.78296316
67409,0.0036157658
126310,0.18341519
69833,0.10843808
27816,0.049629085
31685,0.9140252
60114,0.1530381
26744,0.039143335
112439,0.5665939
123780,0.0188238
73383,0.024237184
119862,0.011944075
45368,0.09421251
97182,0.015576121
100086,0.06665491
35633,0.96072215
78711,0.009684717
81649,0.13850239
25265,0.86661536
21539,0.829619
83355,0.03337397
46421,0.09565376
122558,0.0059717246
117290,0.618265
15567,0.24662085
114294,0.9355429
110098,0.29329363
51158,0.044697493
25839,0.03525993
31079,0.39581203
3162,0.051390205
114758,0.060158767
102320,0.65756035
130486,0.5610709
35063,0.41051218
17211,0.22170295
132094,0.9419905
110567,0.08667871
62334,0.06665014
127789,0.8340852
52709,0.2579825
5123,0.11474809
31020,0.43873224
113031,0.042857163
74297,0.8776482
4752,0.022952907
113065,0.088857636
29243,0.36131236
84291,0.77683306
133554,0.079637654
46686,0.035018526
115969,0.0023926904
90820,0.027522413
49289,0.29822803
24,0.06575685
92643,0.077814296
137968,0.035886485
53982,0.9114143
32337,0.09309768
109875,0.58271205
77888,0.19904007
101738,0.033106524
26626,0.06613594
131985,0.0027640657
91541,0.07669726
92164,0.24190067
29979,0.01484437
81614,0.5967239
80420,0.59857225
126183,0.20381354
127327,0.09630337
87047,0.055565488
29210,0.004738431
18085,0.20989472
66517,0.6757918
97829,0.10335234
31795,0.022414006
50870,0.24876657
95918,0.03900901
131521,0.020154055
98197,0.005628808
50864,0.6753522
109178,0.3425351
145031,0.026251033
140922,0.042515486
144993,0.19097258
142935,0.14511019
48334,0.025954284
99634,0.018303337
82850,0.46883744
137025,0.0013411696
127339,0.99059945
144074,0.0066270255
144552,0.004236471
82403,0.0018091612
143354,0.28078535
110584,0.49996543
45726,0.012438602
109541,0.40220895
133627,0.09249827
77564,0.043199364
125606,0.036652677
55270,0.14061071
136238,0.1997253
76500,0.09387657
62163,0.3634546
2833,0.025675299
79137,0.24261953
106642,0.0005958195
65484,0.3206264
682,0.9779514
14806,0.083744414
52889,0.054395102
130155,0.33589837
69044,0.084409855
132846,0.015457559
44572,0.15248919
71178,0.014153678
77031,0.032223843
35729,0.81756246
78402,0.01729033
15150,0.4004648
122657,0.020576943
139908,0.45997044
119361,0.0034142241
56302,0.012416744
6400,0.16119102
85961,0.071415134
31288,0.19754022
79509,0.037600923
78536,0.17050862
139394,0.40359637
110008,0.5895454
59038,0.0226852
3168,0.09687073
103558,0.009498288
91652,0.39297915
140886,0.0014596941
50018,0.04961637
132943,0.42484415
47397,0.026312474
93605,0.0034650778
12050,0.20438948
877,0.04708791
3114,0.45165473
91029,0.22062118
13591,0.57922614
37338,0.15688577
17388,0.18506049
6097,0.8123814
102009,0.00072471006
88448,0.8728881
78504,0.3192449
70926,0.19476344
106348,0.0035937119
118811,0.008676884
131056,0.4784179
51996,0.012700811
88125,0.13241594
93195,0.33805713
106303,0.015348211
72386,0.0031106109
108469,0.13027471
96359,0.17048489
38855,0.9822019
81391,0.0649312
14950,0.10260685
50324,0.008588083
115356,0.014539562
139005,0.01215622
107953,0.01595597
101626,0.028034633
112650,0.20323017
70607,0.01563035
83760,0.51982415
111172,0.5066351
38972,0.32223833
121486,0.007075159
30609,0.2237576
133121,0.0614977
29008,0.42010567
74028,0.09307465
31688,0.26087758
13619,0.23415896
6764,0.030959215
122526,0.08207801
72018,0.036768436
39939,0.45149583
122172,0.05680081
64813,0.079815194
39571,0.061714854
78327,0.007756476
96476,0.024069145
96380,0.5894831
125165,0.092987195
62768,0.41144645
95951,0.025112169
61622,0.0060086115
107494,0.28325585
102728,0.9244391
127747,0.24111636
6957,0.0046770144
93732,0.6800804
8285,0.0012333767
43397,0.20451169
16816,0.011914932
92369,0.84063023
11266,0.14744519
2392,0.04572531
64574,0.10095526
103055,0.015417529
10895,0.27594057
12128,0.015358728
16384,0.041874472
142139,0.67860794
58591,0.13176377
60018,0.08376225
144474,0.0084033925
130658,0.68155074
135243,0.03433982
76515,0.49320093
114302,0.9881743
24471,0.9204731
113873,0.16969384
58436,0.060679022
128384,0.71147746
83271,0.015198709
66285,0.80771554
123913,0.056499638
32611,0.07997458
7516,0.021842835
132095,0.3745663
36171,0.02541824
81155,0.8587818
42725,0.6839266
43134,0.09818329
77299,0.72679484
103779,0.03219788
22057,0.7013368
135695,0.54242027
69097,0.032946866
55290,0.91772324
2622,0.13634065
10194,0.375933
35249,0.5072726
35481,0.84489965
36155,0.034943555
12137,0.006586735
868,0.01961454
121811,0.14382142
108099,0.084038645
125780,0.19341628
128475,0.63634104
93630,0.011540567
119038,0.01587678
54761,0.62541324
136132,0.122282006
80867,0.08002183
139227,0.06638547
58918,0.033032704
27543,0.06932386
17325,0.33421868
60756,0.008082139
48637,0.9779003
50307,0.017192446
29752,0.02840179
50977,0.29194224
6948,0.030121211
95763,0.11597183
57313,0.5368296
107408,0.0044794492
71666,0.0828576
8828,0.35362047
42616,0.21718812
40715,0.48101217
24541,0.03683707
75824,0.76928145
86977,0.0241372
72721,0.031527795
8471,0.021799888
141101,0.5858237
29893,0.028985254
130873,0.03976662
86383,0.22162165
78839,0.017788602
119748,0.09866466
102533,0.6607355
57784,0.6864169
77556,0.29270107
73029,0.27117437
93638,0.05124618
18111,0.26139092
67530,0.11049227
134363,0.70517486
79520,0.009235927
29066,0.04612769
122044,0.20822893
41044,0.41059405
95117,0.16897945
45994,0.14445855
58864,0.0649364
59475,0.7373469
144712,0.0024260357
94056,0.5049967
64530,0.09994873
18143,0.04710024
67018,0.042357527
127203,0.2769501
94051,0.33521172
81043,0.0361929
71409,0.0062000556
78096,0.08448777
73941,0.0057149013
20852,0.03515277
144183,0.051730614
61844,0.023997385
127143,0.36825523
717,0.034525298
39941,0.629609
81129,0.108337164
35313,0.020522635
119783,0.0030423834
119460,0.07303031
108194,0.034626633
77895,0.18845615
139375,0.17906646
91851,0.07503134
30995,0.017871791
105677,0.24705066
92083,0.281898
121024,0.7690502
41961,0.017387083
69498,0.036254812
4901,0.06288398
114710,0.055556256
21591,0.35474482
98849,0.049033266
116090,0.04467447
140833,0.001630517
139969,0.33033812
71670,0.009494862
22446,0.38495287
21356,0.18543045
128435,0.3979322
122989,0.0074541033
142363,0.007571098
126828,0.021935064
122672,0.0227628
46545,0.009655345
46610,0.63152146
122262,0.06804718
44984,0.07449431
34242,0.3854164
63645,0.023267023
9070,0.034390155
38994,0.0006091447
53039,0.16506317
42515,0.29772693
101218,0.10105973
72148,0.014865834
9986,0.85847217
6187,0.24978918
82078,0.011242085
106862,0.20561512
76444,0.37462744
105538,0.0028188936
40673,0.27025357
3617,0.15170024
104355,0.01458935
45465,0.046789993
91614,0.074605554
113173,0.8979744
132722,0.5634989
105137,0.024059653
129738,0.6826826
99524,0.051336046
19143,0.6090749
62865,0.37639868
103214,0.020313412
94996,0.011694685
52492,0.20225975
38397,0.06294518
32817,0.19021483
9044,0.08290214
108387,0.7593807
36790,0.23559794
88320,0.75494266
130108,0.06960493
36905,0.051408082
86867,0.05429753
26822,0.021102939
12991,0.013357297
62951,0.038260568
54582,0.6803011
82632,0.902028
50946,0.04764374
8627,0.0060727084
59046,0.8881211
112233,0.027211502
75164,0.8922279
143588,0.03559476
108442,0.02611401
69370,0.024510372
9031,0.009988785
25671,0.033667266
13245,0.11735552
91665,0.050215513
83362,0.09177606
2134,0.007835689
132562,0.11509561
137858,0.7086066
17253,0.35123563
1655,0.74251944
16988,0.11487802
19204,0.23207466
140822,0.003703352
107675,0.6372496
42120,0.60334635
118471,0.010085658
46299,0.3801982
113127,0.02708948
6154,0.010438375
14778,0.35659596
88227,0.090071514
9147,0.98133445
103364,0.6429409
137961,0.019831927
44193,0.019371934
63679,0.76205426
125785,0.053635485
135573,0.0989231
36271,0.4574445
39341,0.0049685426
42861,0.5552209
137435,0.0015704243
25706,0.9453817
70524,0.007828527
110401,0.15227073
56893,0.048763234
48522,0.14778581
123865,0.15651742
98726,0.009129614
48840,0.27818853
137787,0.0071351505
107656,0.12911618
100450,0.34481832
106368,0.08806118
21504,0.34356067
139193,0.053854834
65953,0.010696326
123601,0.026693713
36408,0.34782583
123790,0.85774106
14219,0.065677576
13814,0.13637102
62705,0.59412366
74292,0.35605162
129364,0.119120896
58301,0.033933274
85519,0.083541684
138575,0.00037741425
84281,0.0879221
1729,0.037161514
121048,0.96270674
96532,0.0016315224
19599,0.08778865
14810,0.049921125
10756,0.20750637
111730,0.045617823
117851,0.9340947
14152,0.0065263193
20455,0.26092884
125204,0.033605486
141687,0.0354308
88695,0.019300494
128709,0.9505888
109758,0.27938607
59744,0.949767
82795,0.023158811
13396,0.008571993
46976,0.12850979
34753,0.9163419
74603,0.009740643
61691,0.3026729
86162,0.913339
134683,0.21728921
110749,0.043955274
21116,0.1064961
140187,0.0073043443
135472,0.09743994
50320,0.024042698
115473,0.051646847
116984,0.067291215
56369,0.039535936
59775,0.6965871
142435,0.0072320863
67936,0.040633474
12339,0.003148123
124633,0.032983407
2814,0.11218945
54799,0.056710426
110332,0.15147404
56595,0.27798083
120614,0.021354672
22965,0.104056254
75776,0.15654856
70779,0.006878824
86727,0.7606713
35101,0.032978326
80747,0.21173434
72462,0.00079862983
105580,0.00012436451
16447,0.12323383
142850,0.00025070205
114571,0.0818851
117921,0.05459438
19480,0.2154639
28028,0.0722377
53773,0.008347868
144109,0.011898596
33605,0.58193094
64827,0.20246805
91701,0.4190157
115933,0.8614842
76117,0.013444277
32221,0.6094362
58512,0.014725598
5375,0.04591709
123773,0.0048361593
60424,0.032951307
39058,0.0048015565
120107,0.124476254
1003,0.9631097
67180,0.11402334
127243,0.17596059
138625,0.07262701
3562,0.12334769
126873,0.078180015
14748,0.03392931
136705,0.024681756
68163,0.19292468
89912,0.16951883
115605,0.14532954
141762,0.3987956
54082,0.8637376
123968,0.044851776
65069,0.036764164
48227,0.14145808
40618,0.17054851
5710,0.29743546
77939,0.24503742
46507,0.019894062
116411,0.009036679
5673,0.004082176
122282,0.0082748495
112136,0.013685782
65338,0.122408964
60805,0.012441759
115402,0.021150282
89391,0.10347124
85877,0.32820907
96044,0.023569152
16963,0.20196955
128972,0.05589894
4107,0.032931536
95881,0.010167056
82563,0.038756344
14515,0.02172662
54631,0.7109152
13885,0.049654156
134357,0.7043582
138990,0.0063920934
10086,0.9785755
99387,0.26644084
12485,0.012810971
131973,0.7365832
119495,0.6607858
52870,0.41125473
101425,0.35125074
135972,0.031857267
20514,0.011738835
145114,0.03250701
20300,0.032178503
46505,0.029077938
97891,0.0337482
63825,0.45864922
124979,0.029571434
74514,0.020585215
86369,0.01675587
106091,0.0123687005
40799,0.33543688
7484,0.09715734
37109,0.03171722
56947,0.058616307
80061,0.14274354
132979,0.008320703
1331,0.5978424
59927,0.050559107
122640,0.09019667
80090,0.026993517
92679,0.20316398
134612,0.16794859
37075,0.09452601
84650,0.17048016
66785,0.14260122
105044,0.020271773
129571,0.70221937
31778,0.0387629
55971,0.097171456
139382,0.109225236
117285,0.9002541
58559,0.07919196
98491,0.26689878
71202,0.40891922
110794,0.43675536
5223,0.27141786
127943,0.05738924
33266,0.014342281
74004,0.027816806
67355,0.3323054
29525,0.007877292
32811,0.5043455
3846,0.3415904
50780,0.14087403
128623,0.08313619
22433,0.039693292
94270,0.00043215664
36163,0.11281158
93491,0.0034836507
63923,0.6947216
20686,0.42778108
53820,0.10668648
120478,0.02019832
18564,0.040547017
92968,0.072885446
79250,0.5342218
8344,0.5472385
35847,0.0057232934
84779,0.40048483
101171,0.17733257
95879,0.17174405
54760,0.4953575
97451,0.027417332
2808,0.0506377
116275,0.028775917
14999,0.66626817
55987,0.4892782
115635,0.019110652
117238,0.04481476
40905,0.038469613
94883,0.33620694
103783,0.56693435
78914,0.15199225
4403,0.030903824
19808,0.98335856
68407,0.8832253
120555,0.00039962473
45561,0.017290736
30318,0.0378021
79467,0.04789546
18484,0.05035539
101105,0.043886356
112647,0.010296689
73359,0.031374652
89292,0.14075126
70572,0.19368906
46811,0.03914101
17376,0.90019846
110117,0.12984821
99813,0.8659388
114716,0.012371113
125531,0.17091417
30673,0.011349401
68466,0.16306953
34619,0.97250235
88728,0.24208213
125539,0.010888417
31777,0.2585993
6086,0.015678985
71346,0.049854793
138201,0.010081345
17555,0.11871066
24470,0.10428987
126063,0.48236915
88347,0.42216867
27318,0.39291662
38581,0.006451635
45275,0.11390205
36683,0.8543781
84712,0.01571055
78523,0.5257499
42244,0.322054
70139,0.027898991
32588,0.2228632
101887,0.22455968
61470,0.7218552
139404,0.3519349
132209,0.26815033
77979,0.1382732
39986,0.13064994
100713,0.006133623
142390,0.0046141646
119546,0.14466904
107825,0.0025174422
129452,0.41137543
25811,0.06037676
36796,0.06421226
140755,0.99010205
77357,0.02320364
66013,0.043886118
91578,0.10805809
96769,0.9407528
69800,0.19692126
87902,0.12645578
128245,0.8241396
114228,0.24902697
62448,0.033401337
123860,0.49969178
52190,0.13062675
65673,0.026638644
136727,0.41638914
78790,0.040014606
81406,0.49658412
10030,0.83639896
78229,0.4602629
13167,0.30089828
81701,0.3556322
43367,0.57768154
142041,0.096393906
4340,0.11447891
116601,0.06639073
143922,0.007143746
18882,0.94075197
128140,0.72014695
30441,0.75244707
15273,0.061949223
31448,0.040595416
119381,0.028267186
52499,0.13794166
3560,0.97817755
75726,0.09164314
36431,0.22399935
82493,0.56351
114711,0.0020628239
130205,0.3872776
11645,0.21409272
53393,0.27942505
137989,0.052676506
94114,0.2391411
39537,0.054870535
92351,0.84123
2604,0.06286587
60907,0.1667728
64475,0.12150799
130236,0.63696337
38537,0.09084639
103426,0.91555613
44921,0.13767865
116808,0.009892421
80553,0.88751614
111831,0.7615385
2788,0.67637974
2570,0.071861014
137536,0.013070441
115684,0.0628648
143882,0.04265424
31558,0.19680235
67749,0.8484868
78457,0.15021853
80928,0.06374216
46019,0.0033714415
98533,0.0072332737
8243,0.11256139
138502,0.0024909037
92312,0.18023057
26044,0.07708144
44520,0.13708916
51382,0.06820337
62080,0.17584266
93495,0.002627212
130243,0.925212
91972,0.19871305
35911,0.013443703
115683,0.03811083
110415,0.25026855
93588,0.0030668292
24158,0.08506074
72656,0.0081719365
52544,0.054803036
113776,0.025158169
137943,0.010439932
99558,0.05253493
42528,0.8120077
102190,0.557163
39288,0.24054487
118540,0.9295623
48707,0.039217208
51604,0.09761326
90731,0.11934867
137507,0.14040269
128904,0.2392579
138007,0.0012219178
87557,0.5131834
32183,0.094079144
85768,0.0071456134
67532,0.37993735
91368,0.2992763
16433,0.35851264
138397,0.0012278728
65177,0.029249087
22495,0.33656618
140249,0.00035471862
109268,0.4784717
108933,0.05360322
74010,0.025775554
40982,0.1770747
113034,0.033437975
33254,0.023859289
26539,0.012742009
112000,0.24942558
85227,0.22018605
1879,0.03610849
92449,0.13471569
58658,0.017752273
126036,0.024197994
27491,0.028496047
115273,0.0024717387
42266,0.10874776
17576,0.10851699
1425,0.07937399
38359,0.8310169
68230,0.3714738
73006,0.89861816
140376,0.6785842
39595,0.12589754
121836,0.026100835
141342,0.2341668
42127,0.8154925
41653,0.2671662
19665,0.37200347
118694,0.029218245
14378,0.0012767998
86074,0.011909829
134055,0.21382949
125732,0.366132
123246,0.10907213
124083,0.04213558
78185,0.061202183
26668,0.058642205
41783,0.94078285
109331,0.065949716
26439,0.0365946
102360,0.028458925
27089,0.049270373
73535,0.13533194
98615,0.6241164
126583,0.057517763
43853,0.030172769
116914,0.02782091
100251,0.801931
13153,0.08566109
122940,0.0016377721
109616,0.25297767
101704,0.10253504
4912,0.0033182825
6484,0.015853193
31470,0.33351013
107169,0.056064036
52445,0.08996674
66017,0.07247922
86997,0.12382457
120684,0.004335767
123157,0.9761963
138813,0.08991055
45141,0.31636727
87645,0.57333773
70297,0.9417263
47829,0.06010816
96966,0.68688965
69470,0.2102475
120735,0.0034380709
132744,0.574959
24752,0.0122346
63274,0.05078736
42098,0.020349799
77499,0.014391945
65820,0.19333269
137455,0.00065572944
19337,0.8865364
12029,0.16542321
47845,0.8411629
128154,0.16252786
30126,0.027123395
114242,0.9821129
21468,0.107694335
21773,0.3745833
38847,0.06899502
91188,0.088801555
34545,0.47503367
122141,0.27141735
144016,0.14381303
55800,0.32818183
109143,0.04620499
112075,0.24409819
2593,0.022173095
69629,0.099984914
135261,0.035108596
41519,0.2127613
87377,0.93753064
22639,0.07377187
133315,0.062740445
119977,0.01600633
137564,0.062000602
129728,0.24798317
84436,0.007771085
34293,0.64924246
87649,0.97967076
28579,0.16690813
46154,0.08151399
137217,0.048364647
56872,0.08046312
19407,0.081876315
5965,0.10503862
88350,0.42186058
69365,0.9527137
49004,0.07516153
96612,0.045814756
98470,0.42347953
13315,0.012969905
32194,0.0494148
67401,0.011537205
31194,0.1259055
25576,0.12396039
22572,0.030708194
93624,0.013084699
19671,0.09070408
53746,0.04170217
113462,0.12258747
57878,0.9746148
20347,0.7747477
126673,0.05237016
58341,0.011637896
42103,0.16537645
100935,0.013837635
141788,0.35177746
127071,0.7309196
14292,0.19831967
13138,0.037826408
5182,0.10616276
20453,0.11892349
18527,0.23678407
136894,0.60368675
107775,0.0014054578
91738,0.8053029
67525,0.14933978
100194,0.9041041
117249,0.84500057
39701,0.029054543
66292,0.037586395
51427,0.04823117
33941,0.043365434
81031,0.18211411
50283,0.06173967
40278,0.56254613
83189,0.28538612
69146,0.0304593
88353,0.81098926
74590,0.06036817
48856,0.1648155
69252,0.12600015
20016,0.16199782
100393,0.052085664
44962,0.018761585
12847,0.037886202
123658,0.0028453763
102350,0.9505074
66819,0.24394804
91461,0.45628667
135898,0.1261838
28106,0.2668456
6026,0.038338926
64110,0.019708693
48837,0.034343503
77014,0.5501328
35013,0.47681338
122345,0.026289303
104158,0.94329506
85831,0.0071589854
79555,0.58509976
28812,0.039650086
31591,0.7239991
41025,0.07869343
28851,0.057576977
51211,0.24129741
67898,0.70920074
114151,0.09747577
130962,0.5775729
62612,0.011920172
112019,0.060236167
99218,0.18657443
17984,0.19708265
59147,0.39511055
89284,0.040267758
86411,0.027037587
130406,0.11245106
45366,0.12391571
130221,0.13888125
18064,0.32713795
61424,0.21502748
56296,0.034956798
90599,0.12189439
78957,0.013352082
102808,0.37806672
46270,0.014991599
91814,0.06286816
2855,0.012744396
92021,0.16220178
72430,0.017939668
40409,0.045146577
88460,0.012432195
92030,0.2876442
53625,0.06111919
127912,0.07099121
10646,0.026239242
51253,0.26017937
15938,0.20353404
110636,0.6462383
4989,0.100217186
30161,0.8184503
91404,0.21918686
102345,0.18369526
32566,0.41904077
109428,0.31343406
72947,0.017882105
77596,0.30081552
101116,0.9610465
137996,0.0047166655
110587,0.25897992
140268,0.036715016
44278,0.40006334
112553,0.85034585
61715,0.75211793
44373,0.8940492
141664,0.0714666
39982,0.01848715
37092,0.013744718
17948,0.119235374
69165,0.19518164
113379,0.069009386
136576,0.0070442064
66147,0.63100255
14705,0.93833625
102645,0.004185826
31755,0.19686039
123495,0.017375419
122418,0.5635327
100477,0.0051178304
51380,0.035051268
20950,0.058136057
102523,0.16768241
33195,0.85958356
128264,0.4967011
129499,0.9791277
47046,0.03649805
51055,0.030002493
64465,0.31541255
82025,0.013560375
112754,0.6153908
63689,0.072096035
27807,0.46258527
97768,0.3810973
102004,0.006981188
45746,0.035433944
137313,0.001303438
32463,0.045730222
57979,0.610385
125561,0.20005883
29079,0.06595119
100201,0.024891887
87993,0.6429266
97852,0.05590046
6345,0.0037113938
47997,0.10979651
4516,0.04354732
57151,0.08906199
142368,0.010584182
103985,0.0068995142
111393,0.14003944
136307,0.0012022743
76245,0.6234181
41815,0.3221759
129307,0.3012469
101551,0.101067305
99734,0.1496448
144176,0.019222002
103417,0.0134528065
121540,0.12837861
24404,0.028889604
53296,0.034092024
84884,0.17706914
25173,0.054130852
51836,0.20117804
41157,0.01557594
38784,0.00650005
32561,0.059427768
33414,0.042030632
6426,0.016032021
144042,0.0030129852
140890,0.025182504
126435,0.8519657
6980,0.044376157
12202,0.0033428941
10882,0.97005606
107447,0.046623286
133067,0.50635564
62707,0.8374046
100646,0.8881639
62200,0.07832963
41289,0.046291973
65807,0.03615423
115175,0.9688089
2440,0.07097345
49609,0.072409876
46817,0.73512655
119759,0.03409103
123645,0.05693848
102673,0.15256123
31648,0.23050743
69048,0.031417474
71077,0.113482766
65852,0.54466075
87261,0.69430065
71002,0.1947617
10948,0.31861925
3899,0.041816667
130816,0.011160373
8346,0.114077605
132042,0.31267408
16582,0.1271812
84858,0.02681042
120591,0.06413819
1274,0.052874237
66863,0.61333376
66461,0.48606107
41340,0.25454515
55409,0.099278934
89094,0.015604077
126948,0.1872792
98775,0.10400845
49787,0.31099063
36642,0.16582784
134084,0.77014023
52552,0.07891429
117506,0.010425513
94485,0.017509524
108308,0.01699211
80711,0.225623
20323,0.9920031
84284,0.48310578
136582,0.009427852
26749,0.030475482
28047,0.85205513
46849,0.0050080335
15132,0.3130364
127421,0.9699507
21990,0.761595
68234,0.1571796
47650,0.12586975
54961,0.024596019
33988,0.036131855
54836,0.4756784
40849,0.1996706
85494,0.0013689068
134851,0.003789124
49966,0.115033284
77490,0.030896783
40466,0.25715044
144092,0.020329496
139343,0.85723066
45090,0.22736146
121997,0.1606483
7508,0.50747603
41419,0.07264011
39360,0.7261607
144036,0.008033355
58966,0.03790615
99704,0.7480045
76543,0.026276302
59303,0.04905731
2751,0.9873834
58774,0.8099949
55540,0.94789314
71126,0.0004951535
51009,0.008554746
106071,0.5144987
129683,0.21612558
63033,0.051495966
110335,0.058226712
44161,0.48574448
15284,0.10275935
42661,0.23991042
46671,0.007788005
18545,0.6525136
99415,0.005185684
127127,0.16595674
10056,0.21727476
52107,0.098721795
142231,0.1510896
55543,0.20400043
59251,0.0088728145
77976,0.6768549
32319,0.22801375
115045,0.0086346865
52468,0.08773787
83604,0.8139947
84266,0.5701609
87745,0.13997571
125447,0.0205863
134157,0.93037033
97822,0.011636537
127293,0.37171587
69563,0.15017134
56009,0.16519852
112900,0.31280237
134257,0.378365
61228,0.016159974
107617,0.03380256
62131,0.8187113
60745,0.022833778
71892,0.0053051347
104440,0.06330633
10628,0.057386696
4245,0.007783176
16523,0.07289138
39730,0.23166512
138226,0.006877889
100995,0.15770197
94664,0.0030779964
54542,0.016884746
60904,0.3281368
13102,0.9057933
131949,0.28703257
59160,0.195199
120860,0.0018382295
90392,0.04219752
89176,0.7415028
82211,0.09840724
46323,0.21510193
127150,0.62151045
94085,0.3025838
35860,0.46391794
90971,0.5100775
674,0.059695374
29128,0.23192027
129048,0.020354306
77588,0.1479776
86305,0.98868644
103460,0.00819836
144502,0.0018146262
1310,0.018899735
85814,0.013941504
49569,0.9885026
66442,0.084038705
80829,0.068487264
5969,0.03490462
86085,0.060122628
7351,0.029679613
104833,0.0031615219
24073,0.05136517
43557,0.3277365
32999,0.56114954
967,0.02077578
123632,0.0018446863
24804,0.055582847
85275,0.1362994
3956,0.024137294
109957,0.06868842
4507,0.586852
80459,0.0626932
105693,0.0066765356
119481,0.07002674
88657,0.49024776
103375,0.07461688
27390,0.60059494
124500,0.021398045
39291,0.56986207
57160,0.014312772
135159,0.016276652
59624,0.1431953
62592,0.06974601
109261,0.10180871
55364,0.12553754
136479,0.13623673
18829,0.13034749
54989,0.6521705
3358,0.02903352
80903,0.6116553
58089,0.0088373
785,0.045240384
77733,0.4429457
25680,0.0672538
99671,0.18095286
50752,0.094238125
18599,0.006887488
42097,0.10673994
118636,0.97645694
22393,0.33688384
53814,0.036582194
61387,0.045218248
74210,0.003255057
78444,0.031122603
41637,0.7855682
83481,0.0040355027
82266,0.45
63847,0.0040828297
85404,0.039000742
132880,0.04509986
88290,0.41146275
86351,0.20853381
138033,0.9384506
75650,0.3317086
88381,0.6296866
132814,0.017329652
125584,0.14262076
93128,0.109983966
119015,0.008925026
133703,0.015093872
79160,0.027526971
18399,0.53191495
22282,0.5015236
104542,0.42676112
37919,0.031074354
117578,0.09621593
77594,0.26904976
6718,0.08117309
43081,0.8077268
105814,0.018083403
68024,0.016027568
54773,0.4339889
109116,0.11042491
84403,0.0042130845
79717,0.43900052
68573,0.78645194
22603,0.10482918
110177,0.15013374
119936,0.010430375
122446,0.23476247
75755,0.012294253
4376,0.060621988
104943,0.0059112594
93410,0.2063689
144681,0.026920872
1973,0.49016127
49371,0.090510614
5511,0.81342405
65205,0.039611302
108905,0.21856697
104663,0.91199654
52767,0.20510419
137046,0.0011585944
80981,0.020694217
19836,0.02637375
82546,0.06706048
133843,0.22966783
60348,0.03315826
136234,0.0032140864
30015,0.14718145
36334,0.009789999
135600,0.21666199
54049,0.21485265
67024,0.05042118
1177,0.5368817
862,0.26182932
21745,0.07956204
93818,0.007455543
127946,0.13247417
89235,0.08368523
48179,0.10212676
86818,0.0049810526
7337,0.01633186
45534,0.19053476
127308,0.15210174
83663,0.0064601926
131916,0.027438167
99785,0.9899961
50321,0.018973058
33640,0.92786175
77125,0.016395042
41123,0.11369198
139600,0.11965888
138413,0.0009845251
91697,0.9570932
66380,0.025490306
110369,0.04763874
11125,0.9611402
1231,0.018312272
119970,0.062402625
29190,0.56929123
29600,0.24503177
87396,0.05031465
3698,0.014373706
84946,0.03217631
83158,0.16687137
55220,0.005462574
7599,0.8994577
138535,0.002176719
86531,0.00767355
132425,0.019476144
106092,0.0024796803
140185,0.004129983
135905,0.08092288
51550,0.96935016
46959,0.012022639
1002,0.9913651
108603,0.021872558
88850,0.37670755
88211,0.048699617
56722,0.94205123
49579,0.28660583
2038,0.025168333
85379,0.13337338
74417,0.07269609
32164,0.08043477
76054,0.46219835
99288,0.75933725
27897,0.023372544
145126,0.0025534835
97145,0.29293284
43158,0.69643354
24700,0.04234778
4398,0.06300679
93997,0.18316923
88923,0.11873964
118609,0.22614612
90466,0.11291882
50992,0.016706536
43783,0.01544727
96054,0.12686524
14421,0.00450033
52934,0.07725653
87780,0.76109415
31334,0.66528046
101451,0.70772696
101802,0.43843848
65025,0.34321952
25032,0.033771865
33177,0.129862
59870,0.069774285
37023,0.00800276
15175,0.16023669
31176,0.3291023
89533,0.19826913
129192,0.27015752
55566,0.15257055
140715,0.9162463
18778,0.7478751
92087,0.5708879
134565,0.08687884
13,0.9902616
17819,0.16030826
17383,0.100532025
74597,0.37509218
1200,0.003431394
26913,0.019415054
6651,0.15097117
42349,0.06815948
102017,0.009969765
41628,0.265839
28054,0.05333902
45159,0.6857197
99623,0.0365429
15726,0.121894754
7882,0.02329743
139456,0.0007145753
103930,0.07220308
23446,0.70677453
59955,0.123169
121806,0.17503676
116357,0.050233684
107605,0.0012598335
70970,0.12491515
99825,0.18280868
101616,0.55831224
140161,0.0016352697
22126,0.06927668
136031,0.015614833
100570,0.13895418
96241,0.101394795
73122,0.043362405
52882,0.6460171
136297,0.0008692461
48371,0.010063702
72375,0.015948238
132215,0.30266893
137271,0.35945955
1483,0.9711004
98165,0.6378107
114675,0.12989534
71934,0.02831261
107396,0.18383694
21610,0.76059484
135447,0.15177721
15907,0.53525937
68455,0.022048576
1471,0.047414932
55228,0.71169394
98746,0.051058035
4780,0.20204228
14399,0.014945112
544,0.39148358
63384,0.056215752
78014,0.0022803152
25376,0.33317
132878,0.16604212
4080,0.10508392
133526,0.2733081
63654,0.32570836
45063,0.02195885
43712,0.3357841
81736,0.45800504
44344,0.030872956
28497,0.040216364
28957,0.06359623
29998,0.019221738
21039,0.039280716
51521,0.01459576
18685,0.2912047
131305,0.789322
15977,0.03960891
117444,0.08343596
32182,0.0144527955
40234,0.08075347
28255,0.07188012
126838,0.6320982
14174,0.2943553
24218,0.16570261
131645,0.051649928
94682,0.011437517
47988,0.087222844
92584,0.08000949
42655,0.03283676
115705,0.10578444
34593,0.62245834
99985,0.08476444
123386,0.0017680452
31983,0.038398374
107176,0.15523201
40749,0.34605053
63446,0.006940534
108935,0.11249868
27546,0.7043285
118796,0.032536093
107803,0.0057095066
68332,0.11130553
97647,0.059940495
120936,0.07847781
6291,0.010771974
140614,0.01715859
11598,0.3913967
134551,0.55496454
129196,0.016354628
143777,0.66597617
98785,0.0052820276
139706,0.24009764
35811,0.30573502
50727,0.10100126
67698,0.0079974355
104178,0.44110525
52466,0.07977106
135361,0.027475627
45591,0.23450741
103816,0.07190237
71741,0.0045753713
22794,0.12359003
132227,0.027613789
65910,0.067625046
32435,0.040767755
25333,0.3925691
139879,0.0020710249
94690,0.010980783
16405,0.14032206
72654,0.016135195
141558,0.006979281
96299,0.019037912
130367,0.13477403
131435,0.10967984
132149,0.5396327
134948,0.05360511
40544,0.26896715
26482,0.013850583
27813,0.032580674
123143,0.8964504
11729,0.3541014
11736,0.12911876
135073,0.06956065
126363,0.05999892
100485,0.04353627
138140,0.01566151
80427,0.0053764605
142329,0.6873309
97242,0.64828366
128840,0.14801146
110485,0.6080384
103667,0.01222945
6987,0.007269007
82062,0.004993177
144290,0.030100588
5650,0.025687594
19530,0.09686749
144614,0.15040937
30854,0.1644174
36932,0.2687763
81504,0.1761857
66626,0.09356004
66090,0.23107703
5550,0.06286518
145328,0.0139178345
5951,0.3348446
106921,0.00340943
95830,0.46362227
80342,0.123328395
65625,0.002355892
127129,0.25227606
61199,0.0085602
79674,0.310791
138488,0.0019342693
99912,0.06622517
127682,0.779508
42917,0.10645663
51647,0.038822874
99163,0.8759705
35168,0.142392
106078,0.16407152
49789,0.2887362
34961,0.048329983
116755,0.68216544
61758,0.10454514
129172,0.99110293
52324,0.5810094
100052,0.30637112
100919,0.66876
74888,0.052442797
107130,0.11724224
82604,0.9858423
40192,0.08535991
66400,0.6488822
3138,0.031298257
107242,0.0029397712
112592,0.94781584
122616,0.000878699
26857,0.15603188
21255,0.2660291
86746,0.053698413
20860,0.08882253
44469,0.055221397
133004,0.19388334
116645,0.0077280784
36662,0.038046878
9452,0.27176732
117167,0.044669416
138311,0.83454955
32996,0.005999818
122856,0.017882733
47846,0.49894544
37630,0.24762699
115931,0.583593
3131,0.89067596
92575,0.506851
118878,0.009064177
31907,0.54005694
115788,0.053097006
99331,0.04150796
42493,0.13375713
91328,0.63533705
39568,0.011678663
56527,0.07436497
53485,0.15303524
95832,0.33787265
108581,0.5991232
60670,0.11652815
70102,0.009556154
43082,0.17248699
45185,0.013893211
115329,0.00087772164
72183,0.0023041812
140732,0.3797771
31952,0.064861335
140664,0.057943773
15985,0.10357067
135236,0.043969095
94691,0.7286894
113593,0.56268287
65684,0.55681044
22322,0.06595057
102806,0.054100674
54557,0.024758851
43054,0.06253919
50610,0.35765153
71866,0.0015180426
120521,0.022171456
28601,0.6935452
66072,0.17744422
38474,0.10686191
72246,0.042792935
63223,0.2639014
43319,0.69206655
90718,0.19454439
23539,0.095299006
116351,0.015774246
88281,0.936649
108551,0.0029639178
94997,0.010203467
46131,0.35386312
7292,0.0076798205
145384,0.02139333
102246,0.4035788
15823,0.61506546
127358,0.013978787
42782,0.65199745
89956,0.2219839
66479,0.13988964
90166,0.42633075
44956,0.077154405
56989,0.9726785
142909,0.0031941177
13801,0.030204648
143120,0.00055470905
107208,0.0079419
47859,0.22674195
96085,0.041908395
72298,0.03781132
114917,0.5025714
131901,0.38816777
119500,0.529496
92669,0.38135833
48414,0.107232206
69549,0.10249713
117349,0.889734
15440,0.021504223
73378,0.0026865886
60886,0.5637962
25764,0.106833875
45413,0.46762177
47745,0.27721584
78176,0.2265916
121304,0.0019779096
117074,0.027979534
73790,0.009435608
86077,0.018125162
35310,0.061601274
36481,0.07951929
2363,0.012435122
38151,0.046006236
133469,0.30259672
58727,0.01270495
98839,0.3320843
83131,0.11797389
78899,0.1018219
107828,0.88445663
110947,0.58553535
15873,0.14124562
144995,0.10417125
21487,0.1095446
56207,0.12597257
44807,0.019282324
53024,0.81062526
69190,0.13984588
22893,0.95794344
59227,0.036866426
26430,0.18155374
98483,0.04645725
34218,0.8132294
123523,0.9575825
89756,0.010250305
33770,0.6364269
8498,0.004180671
7008,0.0044247783
67033,0.12572157
93087,0.119860075
17806,0.12512234
33363,0.3467322
135209,0.9340912
5327,0.01848824
105832,0.005958698
44253,0.053113814
26741,0.04133148
3534,0.0123844845
42985,0.10694414
73726,0.026311265
52751,0.024780363
29886,0.03291571
28147,0.47045365
120203,0.29183668
46180,0.08925189
16029,0.15092018
77422,0.15555918
84027,0.10564956
53037,0.15280484
31244,0.8757043
124004,0.2723235
59853,0.012393924
21742,0.91050065
101179,0.26913393
34191,0.60309637
2089,0.047026947
22182,0.56875515
120093,0.0012434385
102559,0.0020901284
69649,0.18168357
57031,0.041209053
29992,0.04272317
95607,0.0022686536
93437,0.24164763
72757,0.008721466
9066,0.7341211
90657,0.11121981
8944,0.024140924
144755,0.06536015
79697,0.060689364
105539,0.0025871561
116658,0.1238017
140431,0.971684
11052,0.1939573
22177,0.31232962
40621,0.10068887
92384,0.9270626
58626,0.2064272
129699,0.17738608
5844,0.1750367
28351,0.17168842
24660,0.19942966
28050,0.11345411
11388,0.12130011
121356,0.13369644
21676,0.22459546
58282,0.005834191
112401,0.044406313
3297,0.11034223
66943,0.355862
70932,0.030425383
24281,0.035213914
51262,0.91401345
140191,0.040772874
44420,0.47715622
36859,0.79704964
54162,0.08903146
21828,0.03098823
128638,0.14292188
58749,0.36020416
62286,0.118480004
11060,0.31793642
143626,0.02136828
30182,0.2035398
108897,0.19795972
58509,0.0058304146
33652,0.26853302
99687,0.5291444
85627,0.83273816
122524,0.0252875
88184,0.0225782
14087,0.0971697
86161,0.06589772
87743,0.052540008
96675,0.6352172
57390,0.78740084
40126,0.2517024
136452,0.024838315
126555,0.019577473
91401,0.92101467
91014,0.26126295
69801,0.19758509
91170,0.1258404
11687,0.067664154
113315,0.298222
34616,0.44407627
36718,0.050315432
57962,0.88435477
65355,0.19973628
132252,0.84478563
43696,0.10764217
128103,0.12323906
116950,0.23218824
2108,0.55423105
3096,0.17936666
8852,0.3052479
122011,0.33046743
980,0.6037582
52469,0.046446573
141784,0.1234283
126355,0.15707314
116019,0.25492117
69208,0.17272718
108010,0.510546
142386,0.02262046
126774,0.021545053
49155,0.068940535
22287,0.13813898
46368,0.06366246
68490,0.3391444
52494,0.8882748
45121,0.60337806
37750,0.37132898
116838,0.012543019
15503,0.52024317
55361,0.81663287
38950,0.019967765
131890,0.11730701
99902,0.61633486
73017,0.24725205
51823,0.26432556
60743,0.022670943
141185,0.006344448
88279,0.33805108
25654,0.101947546
101079,0.9209486
30944,0.021027882
75871,0.8900476
83582,0.036186863
126111,0.16647123
116393,0.01606782
99303,0.0056284796
11154,0.28879634
74877,0.051158
114058,0.02080755
4664,0.14402248
52387,0.039115544
75085,0.5917852
66537,0.27927807
112490,0.8764575
142198,0.40130353
25841,0.018114354
8441,0.01586636
142090,0.7552319
62404,0.75556976
9750,0.12722653
95829,0.28990072
64410,0.119345136
90088,0.38703024
25328,0.061857957
142346,0.007963456
19109,0.041281875
118853,0.8736929
4511,0.3093455
49930,0.005050271
117551,0.0029976547
93550,0.0066652647
113892,0.018362738
19273,0.056975286
35138,0.009725564
19037,0.08315044
139316,0.5762647
132128,0.011180825
113637,0.36719358
44213,0.23777585
141245,0.010898065
65061,0.4571505
80205,0.35219413
52433,0.0635226
70503,0.0017431198
13910,0.010162144
144209,0.17633516
134053,0.0065723793
101190,0.9252554
21155,0.96777225
22962,0.9767502
63417,0.1933129
67701,0.017076775
72681,0.04103733
110207,0.7547715
20270,0.12179931
28384,0.003770105
67980,0.4332362
594,0.10614009
34633,0.12528063
93236,0.32890418
813,0.018144075
21706,0.057261687
36811,0.006566986
14452,0.019093314
73841,0.0066366377
117208,0.0412443
81592,0.2665353
90522,0.26966816
68557,0.032521907
39153,0.9644405
114281,0.97884434
142790,0.0011439126
11036,0.06474125
22899,0.055717517
68203,0.24777222
115786,0.010514159
52918,0.034496937
100908,0.18817256
115731,0.046827033
88185,0.021721557
54123,0.8293417
10013,0.3030114
53182,0.0899174
40824,0.011064702
90007,0.14276998
46645,0.025733419
5407,0.085950956
115450,0.016995218
130649,0.1539188
111425,0.23981544
103657,0.011838134
33201,0.13979732
48013,0.06827396
73046,0.7784691
141620,0.004855654
110802,0.6347957
129327,0.92086965
4041,0.14997932
133442,0.047975384
89175,0.15350355
6749,0.79836386
104468,0.714292
128751,0.89918584
36079,0.03868462
40112,0.79796463
11700,0.12231751
42070,0.07466503
55861,0.051738005
19824,0.033261295
477,0.015580613
13898,0.45312065
88390,0.008681787
90319,0.61157167
24586,0.12477952
20402,0.26421714
145374,0.00558358
18112,0.14507586
65731,0.66817397
118634,0.0073227123
82613,0.290172
109164,0.91025716
76396,0.025675807
48948,0.03690626
4644,0.030275796
138144,0.66523397
14876,0.07258064
78884,0.05095847
85423,0.013951347
92124,0.13278052
48245,0.13158259
41759,0.6326994
94808,0.009868145
18022,0.44482398
103835,0.20285198
38184,0.353282
29920,0.084337905
82315,0.7053972
42028,0.57959664
94921,0.0057090647
122075,0.5525697
68656,0.5201021
94142,0.00074497715
43800,0.9627642
111964,0.04257577
105561,0.09394662
136658,0.8198545
52696,0.7458128
46103,0.023714302
86679,0.028623706
65225,0.67313707
131306,0.5238495
83205,0.17583865
126834,0.1883673
38477,0.25306123
119760,0.019361317
93256,0.062352583
113448,0.042410634
74898,0.009351375
130882,0.9343093
15281,0.093665935
27785,0.19036168
132199,0.08515974
6053,0.084262855
49504,0.024376204
51958,0.09342664
120893,0.1623972
67288,0.13476253
64020,0.08363055
57437,0.45082942
4082,0.93452215
21190,0.11056416
41855,0.0039305
123895,0.021950942
77171,0.11830201
60570,0.044058044
136586,0.005363563
34411,0.032333042
77715,0.9412259
94857,0.0034719014
61793,0.24091226
96111,0.0378438
88277,0.17328055
59732,0.19604331
31249,0.16196243
79826,0.9667344
35753,0.016668947
21083,0.5887404
7668,0.0059135607
72769,0.0010608895
118492,0.027424047
2573,0.03262047
2358,0.3941102
80752,0.83391255
111084,0.006058771
66272,0.31149808
96016,0.21006456
22388,0.6831379
55081,0.062770665
21518,0.5938209
125522,0.09681504
122307,0.011972357
128269,0.16534032
127503,0.091144234
42855,0.8135719
144893,0.76134586
141900,0.045024764
110771,0.0682657
127332,0.34091872
31622,0.033817522
24992,0.023438819
132683,0.92974544
54770,0.27872306
28491,0.019489361
53411,0.29405648
142527,0.02757441
83933,0.041022908
48172,0.21078184
15558,0.20490746
142350,0.019769305
14903,0.042548176
135597,0.30560365
40524,0.052348204
7446,0.3977876
137169,0.17599788
116300,0.22684497
84345,0.8327266
139282,0.99274534
102762,0.7887763
132452,0.28961435
121481,0.01710692
70647,0.03748323
143549,0.0161949
138141,0.000647191
69012,0.35151786
42166,0.28076732
138208,0.52775073
69512,0.15044244
64156,0.08168583
137638,0.020328065
98872,0.0071771704
55328,0.75628906
127251,0.06840448
91654,0.058163192
73360,0.01392671
83955,0.019159414
71152,0.0014813549
3976,0.011996409
57383,0.3808019
84005,0.62038356
22253,0.22667344
137818,0.09769272
82232,0.86994064
17993,0.16153719
134576,0.029853262
144102,0.007248411
85666,0.9810816
21595,0.18035252
2368,0.1603881
115332,0.0019145712
50396,0.06630461
1950,0.50964624
25984,0.2815504
55694,0.27413738
84447,0.010819417
36825,0.008407506
106061,0.009992774
140766,0.1348472
125872,0.023726163
126634,0.022971543
41338,0.038018297
121011,0.8651409
124510,0.012797192
7731,0.026495239
96413,0.3758202
31509,0.8748141
139874,0.04044834
70902,0.85237426
33585,0.055178337
107900,0.14001402
39569,0.04180279
120463,0.0007697212
65081,0.057649218
13084,0.665374
71056,0.0064983717
55916,0.08148891
122071,0.008705906
37238,0.019849366
120858,0.0042348257
20789,0.101793475
45272,0.030457098
112861,0.108373396
2723,0.07500275
129932,0.16286968
115568,0.11855277
12910,0.9085346
82471,0.15788208
56546,0.06380301
19626,0.028106378
66473,0.007729911
89031,0.77390146
128465,0.9215711
67004,0.010444742
107732,0.001506566
125195,0.09738438
104164,0.30080837
35956,0.12637916
143386,0.108308405
226,0.6462736
126431,0.08803197
74057,0.09710733
95337,0.000781027
34328,0.9558519
122622,0.0017607195
111629,0.067890055
96812,0.020713417
88273,0.07448064
81650,0.5840247
49169,0.5888299
2386,0.014593251
136977,0.0030163385
140215,0.018867265
78640,0.9005353
86474,0.11425259
117948,0.114743836
93207,0.10022121
111493,0.06312467
35324,0.0948496
46875,0.123983465
33604,0.18842417
124221,0.066144615
51635,0.020563863
55173,0.020686468
39970,0.27973622
99726,0.96996474
24857,0.9118732
84594,0.74056756
133363,0.013724365
101558,0.090961024
122896,0.048191827
57446,0.7813518
125829,0.30753
66903,0.86783135
36402,0.5368993
13283,0.0108491285
72215,0.3564066
30535,0.021227881
70474,0.017853336
126443,0.03146007
120571,0.033705037
117790,0.2789809
53382,0.052667953
41848,0.063422956
74879,0.024656007
14091,0.013609615
36571,0.007838407
73532,0.016650457
137293,0.0027583372
44676,0.027519645
116449,0.0015364023
93430,0.0042746514
4225,0.102523
76451,0.0796466
117607,0.045022737
50790,0.014998445
60969,0.022579981
66465,0.007346049
100014,0.07596443
107013,0.020238629
81825,0.18679674
114175,0.030085757
4624,0.23913759
43338,0.06422499
116205,0.24248865
80959,0.20579328
124779,0.095531665
143366,0.22625123
76815,0.9250732
119825,0.04939773
46583,0.0031617412
19950,0.60410875
20067,0.25177518
58540,0.072366476
107415,0.12220076
40406,0.07476592
129608,0.1159822
31507,0.10852757
125228,0.034103725
23390,0.65342593
67591,0.5216042
79379,0.13889328
91872,0.16872075
17386,0.33626994
67329,0.07166803
29412,0.04108559
40190,0.14477547
70400,0.006339099
17235,0.6388403
58675,0.043644514
28510,0.026488347
39931,0.6883342
27521,0.04080989
79244,0.011718191
143800,0.030742731
91775,0.72248024
78301,0.0019134907
83496,0.897844
61500,0.45961672
107218,0.0073793344
125515,0.02307899
59794,0.20587805
4442,0.116838686
32902,0.012355601
109066,0.3252601
21921,0.26201075
108520,0.00639802
38611,0.17186287
125724,0.22793257
11186,0.34842476
116211,0.9260769
142500,0.003887991
26928,0.5271542
113074,0.01923703
117976,0.008369734
25467,0.044475585
69375,0.20461397
142718,0.17134182
57983,0.021684047
14155,0.26642123
62507,0.10825314
71650,0.7275171
94260,0.018370012
132870,0.041889455
26695,0.118727915
44763,0.95344996
28509,0.0030645996
63199,0.39235255
87344,0.057705157
75300,0.25332013
124742,0.046896018
57818,0.023633039
131702,0.012187553
5993,0.04177495
46797,0.0052634133
89745,0.08670773
3420,0.14339252
101201,0.24035956
122891,0.19341153
71300,0.05080214
69019,0.40323088
107416,0.62158287
98303,0.0021656859
52417,0.46055967
70146,0.9337059
54706,0.09255826
86459,0.1301806
103729,0.008074249
51324,0.9614649
64610,0.006407299
83297,0.102794655
131001,0.8280196
66815,0.96710783
26045,0.08745093
125554,0.011246979
22630,0.5082181
124177,0.011056659
53828,0.016719569
127307,0.19495161
17681,0.19698556
136634,0.0026074378
130162,0.039041415
10164,0.13672262
27435,0.07627676
94988,0.10417076
65792,0.50363463
63334,0.1685937
41142,0.016544547
21628,0.3371763
126833,0.09148022
103573,0.017176008
27548,0.2191017
124525,0.17279412
115810,0.7319059
121035,0.024998136
145256,0.4034145
116289,0.03600991
97949,0.034957692
37393,0.018374182
13668,0.9311873
122987,0.008801827
112420,0.052248377
108714,0.48379654
90412,0.8475637
40961,0.46074474
135067,0.08166012
27188,0.19529319
131812,0.006263981
86868,0.0071787843
120695,0.0037050082
112430,0.024933951
96235,0.011484355
49534,0.024978729
8081,0.15854523
66071,0.52002096
89774,0.9255641
3981,0.020156797
108333,0.060900215
7165,0.2757494
118416,0.025173165
107873,0.0032073245
98200,0.14863545
23527,0.04195963
145109,0.1948738
131156,0.6465372
56602,0.12796162
90674,0.9635881
16134,0.6583148
59175,0.049818937
17294,0.08649302
11804,0.022051249
8219,0.004992805
145081,0.020849738
56536,0.006943647
14147,0.4522109
39539,0.12835504
36629,0.30201954
41118,0.24799772
25331,0.3451031
137854,0.18445083
66726,0.015844336
68056,0.039767027
134465,0.14593875
135309,0.07151582
61271,0.15112604
67313,0.07547793
136494,0.036957618
98307,0.0040819687
57449,0.6428711
123341,0.094613984
109790,0.06638881
81959,0.074461326
115769,0.112708345
84771,0.011215958
60282,0.21462505
85537,0.27902472
301,0.7429971
122149,0.7335472
127123,0.3546907
106221,0.006093633
139092,0.005332514
1214,0.026535563
102330,0.33026168
1166,0.019849217
67957,0.015751194
59507,0.043510146
2286,0.00678583
125134,0.03337689
130374,0.6216612
11382,0.06465903
13291,0.02286715
64809,0.935594
142537,0.016753633
117645,0.007581108
45887,0.053019684
1942,0.9863175
33141,0.040260334
9985,0.13185236
79728,0.052084137
27169,0.095203176
119684,0.00069996424
85260,0.017166931
134389,0.3945492
109233,0.013017353
65668,0.88535
90998,0.6141311
33556,0.06651987
96346,0.2987072
8687,0.9902912
61612,0.5598259
21896,0.17666253
52661,0.05231889
62848,0.4097546
47191,0.34746343
75442,0.8425953
61613,0.9671856
143714,0.68354845
35556,0.3136841
81730,0.025346061
97274,0.01664942
2410,0.010161731
4514,0.021143032
37508,0.89498544
115496,0.5700409
114919,0.74581873
52172,0.03671134
104564,0.004472066
96446,0.005118909
115326,0.0333469
116505,0.1928205
97969,0.021227079
25507,0.04243259
84940,0.72400033
7526,0.03556656
6387,0.0007801794
56406,0.9107919
123428,0.33360523
132113,0.027870545
68468,0.017196612
144897,0.48051417
51802,0.18223262
81925,0.7910636
97693,0.3607497
111944,0.03155993
130765,0.6159505
4578,0.057143394
46857,0.9582486
122911,0.000775459
114977,0.012814589
22385,0.81093466
10410,0.003420761
116768,0.005203848
48871,0.32036182
83752,0.028470576
127429,0.3437928
35292,0.85943514
25135,0.14819713
7829,0.018622447
81917,0.31958193
13203,0.016343057
14011,0.053787023
12321,0.0023203923
109581,0.10761993
35001,0.08533712
41138,0.07035868
18001,0.27010298
63934,0.22160904
20335,0.953098
7272,0.018762624
4022,0.12575568
108115,0.009172318
48570,0.20420274
122419,0.5696063
98391,0.21448597
27883,0.32786864
68545,0.013393177
77381,0.08556155
140280,0.25074324
132049,0.021798471
66003,0.35176626
52998,0.31981876
105014,0.49676168
37408,0.0075180675
124854,0.05051657
142006,0.016367305
82256,0.51458085
136617,0.0022058801
138922,0.06792873
81137,0.10891147
100368,0.46764508
31242,0.09211864
93574,0.0012945567
88537,0.05180081
133461,0.07305144
141730,0.17719539
57570,0.27175128
118479,0.7328203
130772,0.054069422
17444,0.78117204
122859,0.005406228
89216,0.01935947
51069,0.45839348
119786,0.08368657
97324,0.003773954
124522,0.01004642
15622,0.25236586
72154,0.29395625
21368,0.25877926
5191,0.05582167
38751,0.07312058
101853,0.56275994
100769,0.04655875
96793,0.18135275
48783,0.321416
77845,0.17196134
131773,0.05357797
19649,0.073426254
131122,0.27680713
68509,0.15640442
17338,0.025004484
29006,0.2533887
50411,0.08978915
116198,0.41084376
118936,0.06531257
66950,0.74200827
141337,0.10488587
75678,0.11835027
113305,0.048675798
72346,0.0003342872
67098,0.11557346
123838,0.07747726
139775,0.5113438
97343,0.025961928
75265,0.94145155
74202,0.6228984
36292,0.0069210986
19578,0.06587983
83346,0.1484597
91755,0.1302116
37916,0.073982626
109639,0.0051729036
28062,0.014094922
113441,0.023317978
124246,0.24683249
31842,0.04782632
2819,0.0042509707
35712,0.72685933
112096,0.84280264
129828,0.07061951
94074,0.93511343
40,0.006191071
141264,0.001651507
139321,0.594023
121941,0.15579242
38773,0.013501096
130261,0.92258024
61572,0.09283823
95066,0.038501624
96116,0.062841
2770,0.4804755
86698,0.03843834
86965,0.02181672
42954,0.04935675
66583,0.009813199
50824,0.080662824
23073,0.058781326
30529,0.008740045
106011,0.002178702
86446,0.0049236296
53783,0.14556186
83862,0.03797202
106686,0.26806596
137672,0.0718609
58519,0.026904138
73054,0.25290763
33944,0.61424047
39046,0.020491851
85094,0.017994562
19069,0.36088273
27891,0.20078139
136187,0.0063055777
68302,0.53405243
38162,0.85478574
7157,0.013599562
89558,0.019860195
6200,0.37450343
62442,0.37011233
72102,0.3018193
79564,0.24777871
109662,0.00626886
32541,0.74205774
97743,0.9349639
136640,0.0015025352
53660,0.88690704
92685,0.6962046
19767,0.25681722
101824,0.08147835
55704,0.02118164
124668,0.20571142
59439,0.050811786
20977,0.81628734
83897,0.035380904
63486,0.036008872
13236,0.0059833783
113790,0.55465096
16380,0.25599054
67353,0.3864701
80957,0.062591285
133705,0.04840842
129298,0.10107056
130321,0.007085091
52041,0.05169216
82638,0.6276086
110664,0.6202025
21775,0.08260332
7503,0.031336248
109348,0.014848764
22497,0.089354955
95774,0.16358481
77930,0.48586586
22571,0.10815958
117319,0.405816
44653,0.66480625
45554,0.10623628
120067,0.115230486
97604,0.195166
77830,0.32130024
126548,0.055615686
34400,0.8879196
33017,0.018560367
121224,0.3695642
145252,0.010899896
84730,0.7766562
75519,0.03363961
42437,0.7938765
45627,0.110310145
46093,0.00480701
119281,0.31194755
2617,0.03919076
58348,0.10057867
112010,0.01299613
69898,0.20334493
84383,0.08840873
85498,0.030109541
58902,0.027585002
27287,0.108911954
60349,0.02763953
129747,0.752748
57275,0.013875551
66947,0.17015009
98217,0.010565971
116967,0.04639985
102287,0.9497727
119257,0.9666118
126800,0.15282804
39305,0.04693717
73728,0.021850253
111361,0.05963775
9591,0.35056072
49024,0.07168502
104394,0.010274206
19664,0.85323215
86475,0.038225975
115827,0.00827681
66427,0.5134391
23038,0.38289928
9025,0.7927361
32686,0.061060887
109142,0.22196111
110672,0.4271019
1388,0.065400794
55858,0.1793266
34352,0.01048673
28979,0.16614439
133184,0.22166775
77140,0.28379044
38444,0.6088635
96005,0.015364079
55633,0.054592457
85806,0.018471245
54179,0.036454026
115481,0.09695692
12071,0.0052041765
29631,0.036643848
34768,0.0850881
58310,0.038987692
57473,0.23983522
932,0.059938762
116461,0.013620631
24012,0.55399525
135416,0.08975827
133951,0.41547224
84663,0.036436066
49333,0.16381238
34066,0.034906298
82174,0.16008735
131081,0.4101991
15751,0.31788084
2558,0.019068133
59577,0.05565384
133309,0.86259615
58100,0.056517094
101610,0.099226795
107615,0.0018244688
40160,0.3681999
32448,0.56263214
7741,0.02265256
72472,0.012705871
121274,0.009106802
99481,0.23952617
71481,0.0113465395
80887,0.0115049975
80884,0.104365155
131593,0.3686403
107767,0.11825899
14311,0.22431317
16381,0.1325978
102076,0.044069894
135645,0.17207958
80716,0.10087635
48823,0.054365087
64847,0.15391533
77269,0.54546434
18851,0.3251146
27421,0.015184335
79271,0.23430046
38269,0.115849264
49676,0.72957045
106947,0.020300455
94892,0.010666425
82195,0.17911145
12422,0.08336304
105840,0.0027121878
2376,0.102909364
96548,0.0031569044
42358,0.07700202
75907,0.8574091
55090,0.09721891
3866,0.027761478
102048,0.0025120093
102227,0.4955753
105116,0.054058217
45913,0.019230478
3625,0.0536786
8099,0.0037251315
89541,0.0414603
42977,0.55965954
9731,0.417944
127836,0.98526716
982,0.022179067
58753,0.053666163
127918,0.11277696
142247,0.0066026673
7589,0.054711588
53158,0.17309067
62266,0.008128672
144700,0.036799
81653,0.43017894
11766,0.04953633
35212,0.52925515
7195,0.42443192
126917,0.047027227
137475,0.24398312
110543,0.6266917
136039,0.11678494
17652,0.28429604
132954,0.91306245
39977,0.21289194
132776,0.021344949
17584,0.14755982
138648,0.014747884
78024,0.019179793
7202,0.062394075
48590,0.0615952
63775,0.06939253
130927,0.045204517
44698,0.29247078
118409,0.13253193
74547,0.02333241
123064,0.016894935
109808,0.24801543
116504,0.9517383
99431,0.0053283805
35799,0.08827208
17091,0.09232133
76312,0.86149806
79211,0.48464024
113084,0.13772567
34200,0.0664104
3012,0.8873723
133674,0.98043174
94588,0.0021161162
145224,0.023971153
86318,0.22598694
139825,0.004689341
36069,0.3876288
116183,0.33546343
19420,0.06783024
74928,0.010858338
105456,0.5385459
100187,0.03875474
123970,0.012809342
13769,0.001622034
136243,0.0029973811
114173,0.808752
83132,0.13704626
108148,0.20468166
37895,0.0019231142
122871,0.005210359
133999,0.92143685
13073,0.007262152
58904,0.020826858
458,0.024562962
139673,0.84239745
112044,0.019306004
113011,0.17295192
66648,0.034814604
144162,0.0044364794
129206,0.6955574
45942,0.011313029
19920,0.12541032
23372,0.07508414
14443,0.008564527
88964,0.14248161
48697,0.030214958
36879,0.01150463
95561,0.029948823
97514,0.18115032
34828,0.016374683
57245,0.17961718
5053,0.079879075
141717,0.7325951
2341,0.060908675
78412,0.80881476
140038,0.88989884
68486,0.15183309
116774,0.020136181
138171,0.0013659572
136596,0.0020208575
87286,0.6963708
114619,0.24208759
84673,0.05036588
6035,0.2440541
141095,0.35328615
93859,0.14402154
7912,0.030192114
95114,0.06095252
16743,0.068503454
27186,0.0072477586
114102,0.05312545
121770,0.014051063
34979,0.559481
142590,0.07120618
49083,0.007126876
2747,0.025908424
2688,0.87853694
51927,0.14432216
11542,0.49608332
78047,0.04359688
101360,0.016235033
81634,0.2762938
91927,0.18739997
143311,0.55788004
108080,0.005172168
56107,0.94374406
66540,0.058625676
92015,0.26216617
82569,0.95005494
123132,0.049369607
86501,0.0133014135
12111,0.4561018
52603,0.8100343
121679,0.0401322
24493,0.082177915
62451,0.018951647
98743,0.005442405
885,0.091111846
89754,0.14843868
54090,0.37983027
104720,0.025847355
109580,0.17718354
75345,0.41506067
59179,0.099084705
94046,0.18316416
29441,0.07403835
87962,0.98815536
93573,0.0030882177
138177,0.3360923
69350,0.3699865
54455,0.048787143
143756,0.7258503
22258,0.2505836
70583,0.019299055
113681,0.1171306
6048,0.03030617
72237,0.025981203
2247,0.45108148
101297,0.03571715
116113,0.6933127
113886,0.3545714
130915,0.34570715
130690,0.47167948
70940,0.008846778
2260,0.078714125
74038,0.0070586195
34424,0.8370155
143417,0.7773914
70869,0.021579936
68527,0.039033115
34154,0.022015667
75557,0.8529129
3914,0.02663497
123983,0.044780523
44209,0.96857697
97915,0.023804354
73715,0.007853927
13621,0.0487893
65148,0.05763325
24302,0.67471415
92915,0.009863208
43399,0.09716328
55516,0.18344924
134129,0.088152185
86051,0.041574944
70233,0.021318907
7301,0.013151976
40651,0.09920202
53120,0.11588976
3569,0.03268538
93536,0.004708319
42858,0.7134658
29720,0.030888526
40818,0.028806295
126413,0.1971011
52852,0.07521709
51116,0.097392745
12683,0.004673402
108681,0.6484082
54568,0.087740816
515,0.14912102
91166,0.15874529
106732,0.014439748
46750,0.23330764
26989,0.019988908
5552,0.09849667
122627,0.0013263286
49962,0.015196768
13223,0.03002743
128441,0.74034905
7021,0.27150506
11528,0.7613533
84667,0.9160614
61535,0.033633843
132392,0.008592814
82994,0.48275846
141398,0.97258276
33681,0.014804826
97616,0.014135499
9778,0.012731101
142777,0.0015893733
143360,0.77542573
115135,0.058608543
44063,0.03640219
67609,0.27483857
13783,0.39072594
29962,0.1117121
5866,0.27183488
24184,0.07517341
121123,0.471888
59520,0.0877302
129214,0.12689005
15248,0.6532718
118082,0.00408807
15997,0.031209162
70201,0.0453351
3326,0.17766835
84230,0.09869861
91021,0.3399562
119202,0.008407391
92833,0.18509455
19754,0.10111722
2187,0.5570544
72271,0.026783919
135716,0.6863354
116671,0.13871768
132161,0.009165863
41904,0.05282036
58713,0.84620595
34273,0.1024021
112683,0.022771653
80526,0.87604064
87545,0.37018514
52037,0.014596001
59825,0.06986707
86816,0.13530575
108077,0.0005566465
71991,0.7802739
143484,0.03277711
48877,0.38758114
4081,0.11613287
113323,0.103675224
119487,0.0044724927
66640,0.008254655
90879,0.046017993
51424,0.017093375
56200,0.11929006
127664,0.052631635
83535,0.802432
40785,0.044039022
116510,0.098273106
33046,0.029484287
102501,0.012852799
37716,0.07519038
16188,0.68695253
82043,0.11071225
33834,0.009166733
89997,0.24728988
106708,0.015790999
34859,0.010863287
95301,0.003323014
102348,0.05139804
35941,0.31105784
15055,0.020139616
142764,0.014668417
54738,0.26412648
61196,0.1991761
30080,0.34795725
71716,0.016459612
80620,0.0073231217
2876,0.018490044
111639,0.17651998
75185,0.4680361
47833,0.15403572
97669,0.060670886
59174,0.58997977
124497,0.0331803
82251,0.006828762
132678,0.013311757
112751,0.056160573
137510,0.004870243
96414,0.068585105
87223,0.57971156
42339,0.26383448
80656,0.54299814
140105,0.27471337
48205,0.010803829
44172,0.09055716
138583,0.9549939
3734,0.051004484
103736,0.023951927
30791,0.04802514
52280,0.059657212
88947,0.04054965
54259,0.029462552
27412,0.030792225
122492,0.044153348
124414,0.3222508
80816,0.027471844
16770,0.1079663
144124,0.003144145
114535,0.023194397
136266,0.007244847
49300,0.32960594
64232,0.013104592
71298,0.068918765
48253,0.0010044407
1156,0.45011908
65302,0.13931678
133976,0.70762503
15436,0.2280112
34441,0.24058522
30562,0.17529513
35889,0.79281163
67743,0.035513688
94432,0.58904964
97200,0.32425034
57981,0.012993041
128562,0.114967525
24774,0.032566767
6195,0.29398197
109775,0.22680677
127683,0.9783654
124543,0.044187844
6538,0.07239846
6330,0.0016378735
22715,0.112279154
41762,0.9717001
99087,0.004253712
44434,0.19369537
126107,0.052483246
58667,0.09703241
60372,0.2732627
4061,0.9341966
6786,0.08095003
60201,0.015280382
17563,0.09097151
2938,0.12771252
116158,0.3818528
47268,0.0022603096
87767,0.25987443
2644,0.41878366
103953,0.39012042
8019,0.016373709
7032,0.034450814
41028,0.008896832
20071,0.6125527
81940,0.20879135
21886,0.19289997
50537,0.45911717
70565,0.07706996
125854,0.11171955
3077,0.108988546
1575,0.032131936
58462,0.1539668
141896,0.012315267
95631,0.001342429
30171,0.07924527
82277,0.123019524
86339,0.07264167
125115,0.032783262
33105,0.025102172
72679,0.009994869
39119,0.05136428
109107,0.15875638
24148,0.1165799
122368,0.8530692
56101,0.06094786
127544,0.18742688
145302,0.34219122
72016,0.074047156
75273,0.3943413
26331,0.15653694
101649,0.045176998
114603,0.017384712
4705,0.021852398
66867,0.14559832
134781,0.102090955
14683,0.061725114
90719,0.12779303
68790,0.09033412
36734,0.039162375
92433,0.25740394
42502,0.15589117
61512,0.44104347
22750,0.73515487
133027,0.07209437
131077,0.016230447
132108,0.22645517
64798,0.0649378
49792,0.22622216
86292,0.18896702
109664,0.06370268
12909,0.31443068
46954,0.0593567
97379,0.014419925
49637,0.021221224
96333,0.5584967
61124,0.1344897
8307,0.055422403
120145,0.015389716
71459,0.0047727823
13115,0.007991344
64601,0.18401073
137704,0.0019231334
101494,0.79971796
113895,0.27507883
68255,0.76380914
126122,0.16131814
82650,0.39138
87271,0.8770107
145415,0.0034564245
98093,0.70976794
84207,0.14222252
137876,0.031094221
22254,0.36648765
22215,0.04218483
100826,0.6157767
73201,0.02630873
141086,0.5624985
90787,0.071843445
116235,0.9094813
84508,0.1665072
142543,0.022093326
80413,0.011209915
10255,0.024692923
59145,0.5857106
130534,0.033811104
25975,0.2204527
103063,0.33111724
102317,0.47497815
127120,0.039711066
4479,0.04187293
124077,0.101203024
28309,0.13144675
12247,0.017094642
107868,0.072725035
46441,0.002741951
83264,0.024617821
128193,0.06139654
63107,0.1627263
42218,0.20597254
67100,0.0047263186
138291,0.004958863
104435,0.080771975
89122,0.05871375
131009,0.17093903
67613,0.08590047
84811,0.021453999
72805,0.0304934
67467,0.17996264
68768,0.10736335
142218,0.8795848
134447,0.17715079
114410,0.046594054
134646,0.059070718
86878,0.035767347
135141,0.2445692
143349,0.19762217
43738,0.1605968
56062,0.96561074
37314,0.0058723935
106726,0.0028241796
126663,0.027552104
118469,0.91408575
81660,0.067367084
118483,0.023697672
138589,0.15772067
239,0.65790105
12052,0.97287476
135663,0.6240886
145188,0.13730764
120850,0.060854014
91962,0.43690422
24098,0.15543245
7396,0.010045495
33192,0.3446236
6433,0.0007447546
69169,0.05394141
23374,0.17787775
143219,0.028247813
35638,0.020068726
112953,0.6821846
37333,0.14805682
108137,0.005190779
67514,0.13404958
76797,0.92228997
15198,0.9383587
130422,0.3719836
118926,0.076633304
566,0.17476703
96731,0.6581623
126821,0.16626616
120061,0.016833752
92430,0.11253057
49764,0.17634602
138003,0.01477425
82796,0.030161364
18368,0.08388659
97672,0.0037934268
96821,0.00051924423
97316,0.98372585
36093,0.035682727
53087,0.04662749
40499,0.03382401
81830,0.93049824
142277,0.035242543
50209,0.055859257
4059,0.07087896
114215,0.6841767
78433,0.036962014
13434,0.029584287
108260,0.26557082
25389,0.13645883
100854,0.103930846
134290,0.006651634
24729,0.2594456
46147,0.052729834
120410,0.068813115
10107,0.1058178
60898,0.9181003
18470,0.13180466
113740,0.019251619
46349,0.028940555
43133,0.50306666
108150,0.31070825
73090,0.018309876
107843,0.0019502577
142640,0.60769045
140002,0.16600303
36326,0.14464228
134204,0.055764623
3055,0.028945794
5477,0.038866393
10923,0.2036415
3183,0.65878683
109644,0.70452625
61344,0.17102718
15153,0.61730945
121934,0.02211618
114196,0.57902235
136676,0.040185604
126576,0.012691953
45828,0.00478056
16832,0.093983516
59536,0.028673552
33271,0.010905835
73816,0.015676571
72129,0.0010886011
67406,0.2889736
102517,0.7198481
96131,0.3944846
41019,0.10512299
46933,0.38605207
141541,0.00084976933
140893,0.011100981
9190,0.12905785
20110,0.14423333
43226,0.18674989
89053,0.41480786
16560,0.2607971
91176,0.051394887
122334,0.32930493
126755,0.06532558
133899,0.0073860884
46311,0.04722414
83949,0.70892537
56874,0.12725051
106086,0.021096487
91223,0.76641625
867,0.02238608
87375,0.014597202
80473,0.0031021808
54700,0.4141041
13736,0.0038740365
65066,0.053623084
79000,0.115313426
120777,0.10969534
73375,0.018578859
134986,0.40125462
43372,0.38459453
16444,0.13256228
77678,0.43336463
8035,0.041923717
25256,0.956042
43113,0.017034942
71372,0.426174
97665,0.0044587012
30807,0.048346665
88160,0.09554953
21225,0.7792477
52856,0.61663043
99808,0.86187
125018,0.05790854
119106,0.15603541
69085,0.030584678
9176,0.011279711
94963,0.008454225
131825,0.010532131
115370,0.0034740202
21,0.012387273
4549,0.045174286
10183,0.092224
47001,0.22436887
43681,0.87842077
125971,0.010068658
127877,0.7578593
103685,0.004115687
114734,0.08465735
44150,0.35409948
57743,0.2972793
133511,0.2829841
143772,0.384889
120781,0.5556766
53590,0.06181713
138725,0.09730384
74215,0.02146716
93421,0.034481224
130845,0.059491742
70113,0.7211123
35528,0.008921278
4746,0.08314421
116530,0.18251227
18072,0.353047
49619,0.1965211
89493,0.56813633
39187,0.32329932
47171,0.43827283
117318,0.17523742
29418,0.26053232
138612,0.00040418896
70575,0.115533024
60345,0.014042605
11526,0.08558374
64997,0.026709618
8242,0.0534943
131659,0.6787073
37145,0.03278297
110054,0.27077925
91831,0.09776565
47143,0.96987265
49683,0.050825067
33906,0.033762887
141268,0.01964321
28044,0.00925927
101063,0.029149758
44693,0.25235954
23311,0.04517452
132820,0.252351
69924,0.19938512
78985,0.121932164
57190,0.36293936
136863,0.3610919
20036,0.098624334
58407,0.41335246
48080,0.027820561
70178,0.89925015
91348,0.13894607
52729,0.13792598
141404,0.9008455
112415,0.033253364
52340,0.48581564
102408,0.0327515
50636,0.025951229
139900,0.0063291946
109149,0.06693481
15009,0.008075758
35270,0.022337617
123956,0.021112815
98291,0.17665389
67644,0.9660333
80498,0.012618585
142266,0.012914722
120364,0.4366912
84660,0.08878678
142539,0.026310027
112097,0.045258902
32307,0.6552614
68483,0.036657188
144780,0.004371195
39831,0.008078749
92954,0.2978094
138984,0.22079068
78889,0.27597585
59138,0.20325363
7876,0.0061673727
74014,0.0034946233
16784,0.15760927
96137,0.121956155
103443,0.24910823
67796,0.006730151
116088,0.016998125
93222,0.06650834
45696,0.022721464
33047,0.07691015
29933,0.053233407
117295,0.016144274
16668,0.074086286
15103,0.34279573
85862,0.013987163
11287,0.06918718
86593,0.23945427
100148,0.38399443
102251,0.32780778
119801,0.008840228
73754,0.3127065
111550,0.24462807
1763,0.43505958
73133,0.9481035
2998,0.07376501
1853,0.3842192
119035,0.48841012
119240,0.9634751
80969,0.70945966
25900,0.18408982
38478,0.19251584
118197,0.0037428646
121619,0.021924412
74528,0.009152569
47588,0.15667045
27594,0.08311464
11104,0.19731899
124301,0.06614813
100334,0.01096287
3843,0.27610964
62136,0.21289851
91161,0.014870647
16608,0.14587666
13823,0.058158737
29490,0.13745207
50077,0.17462973
10783,0.02329228
28641,0.018839056
40076,0.7187265
12561,0.005805391
143596,0.00750674
131038,0.017995497
126664,0.010567407
20684,0.035831753
121932,0.011279822
34625,0.18316771
40834,0.119354315
128667,0.1441742
106806,0.011317478
77150,0.17179713
25782,0.056437336
41558,0.048724655
23995,0.20899971
26211,0.058184654
63676,0.5527428
93402,0.0086545795
111239,0.24151699
140800,0.06401218
143351,0.6677193
126747,0.034869846
131918,0.009194263
4661,0.011520768
59675,0.009926769
140811,0.009367556
60861,0.1564166
65408,0.0065108025
115082,0.022559568
58755,0.06069525
128944,0.11595785
98202,0.11313628
107980,0.024203075
129902,0.04547479
110602,0.060375243
111325,0.05650737
19243,0.4553624
13837,0.008915836
97506,0.10827852
114869,0.6742265
32508,0.023508608
79458,0.12914711
104723,0.019519335
49541,0.0284234
26165,0.018572496
58363,0.05215297
37135,0.038296983
97349,0.272876
93320,0.7694685
114630,0.0047137383
38046,0.016024372
79347,0.16330333
88735,0.55006003
20504,0.21173511
9601,0.18433644
64067,0.040149167
5465,0.02048185
128307,0.44140592
123509,0.8415782
17649,0.25070876
9689,0.10393913
8777,0.47625846
55060,0.42410463
139891,0.11306735
134819,0.42902204
74926,0.060445603
76708,0.8437873
15885,0.83342457
38159,0.07720805
86015,0.97291213
106025,0.13762777
103204,0.70809877
122353,0.4400178
22101,0.75996643
3119,0.07013123
55240,0.09795203
110103,0.7886115
114437,0.02371246
92671,0.04564125
33782,0.17859124
136478,0.067934655
52978,0.79159164
139359,0.19248629
1414,0.015487114
52125,0.050327946
143065,0.020222198
130275,0.15551794
112210,0.06950094
64945,0.32934257
70862,0.015716111
121067,0.22370179
119422,0.0021470299
90396,0.106673956
40208,0.9741924
103095,0.021809453
56453,0.039443426
1631,0.89248383
102257,0.40549654
103590,0.0073232222
143837,0.014374429
79486,0.03723814
51938,0.004273273
121314,0.0035942807
4962,0.062477425
86005,0.10989211
101231,0.010889711
140357,0.11464203
91881,0.11853503
14386,0.045538303
16896,0.07548829
65032,0.15020157
78,0.010849456
139458,0.0017624677
16971,0.1441184
42614,0.116887994
4405,0.40249756
47175,0.23924196
109333,0.06184849
107301,0.35161516
92697,0.20454264
937,0.35926124
142182,0.1692701
99968,0.07108916
59689,0.013807183
73560,0.8515171
97074,0.017670708
128413,0.8298839
141385,0.23038927
12470,0.32529986
117393,0.0065155355
135719,0.28213584
127566,0.08166565
113202,0.9916502
67616,0.5747829
104354,0.0121682165
1458,0.025732277
30303,0.4533204
49763,0.24776426
127090,0.22666956
42406,0.7153266
65480,0.3999646
70210,0.059804827
23418,0.21237434
122478,0.8858927
116081,0.004560811
22887,0.12891668
96765,0.0944816
68489,0.10161722
116927,0.027526582
58842,0.50102675
58212,0.07522648
33234,0.06441564
89047,0.98985416
143822,0.058736395
23125,0.1416262
106600,0.007196275
98820,0.5696542
19648,0.10871613
88009,0.283887
86555,0.11812278
1333,0.66201603
94839,0.022255639
100383,0.076233596
93043,0.16243218
108373,0.0034811276
143342,0.3355244
18601,0.20832095
6966,0.13420688
29934,0.011415363
116928,0.07350271
50164,0.0847396
87450,0.15030318
97265,0.027669404
36622,0.7390198
124188,0.059073288
71690,0.050436605
12800,0.3626732
41416,0.1386996
36457,0.021968853
90425,0.6606307
123110,0.9043675
75055,0.50020915
49162,0.029172126
44876,0.03591124
65316,0.10239289
26028,0.06927676
23629,0.6569248
16317,0.32227024
81901,0.20611604
103868,0.8003379
76541,0.5247143
16413,0.10739064
67456,0.12425211
74339,0.0025448557
51785,0.9803237
53068,0.70255494
133797,0.06282104
144404,0.0031423282
143643,0.04269083
112258,0.8026337
33142,0.02694531
134207,0.3498956
84638,0.40776798
25110,0.39642432
13514,0.08474646
106534,0.046171423
73527,0.103045136
83357,0.35413593
133484,0.06485747
138849,0.0019021174
79931,0.5671257
31678,0.5376277
86522,0.028879097
86145,0.016402733
98282,0.0007341117
128899,0.26330322
109474,0.19027565
77574,0.14916115
28110,0.038318247
142133,0.93122023
106701,0.37710696
106654,0.0635731
19084,0.3842924
86059,0.019281438
13813,0.13387868
105134,0.008574059
69483,0.38806945
102934,0.008736254
89401,0.22357559
44096,0.014410203
104557,0.1830728
145368,0.0029321583
20308,0.2044504
17861,0.73652625
124785,0.13923796
138972,0.48594287
38092,0.01957217
79700,0.8851415
4176,0.08252879
106917,0.0065299845
32990,0.555516
37579,0.020836623
81562,0.8961761
33821,0.05785201
109535,0.72695345
93360,0.15084124
60864,0.119381286
40394,0.37131023
61163,0.046743587
57877,0.9340569
94415,0.22489652
35616,0.4188404
126056,0.19975
33790,0.05322885
98802,0.57003075
122901,0.061126173
47029,0.013999367
28181,0.042097002
21431,0.07738382
48341,0.12399827
118424,0.009554449
110040,0.14649037
131789,0.013771227
14637,0.004481208
128017,0.056255735
20052,0.19131947
36836,0.20881954
78518,0.010178522
8312,0.003995457
106084,0.015486247
85964,0.13217367
113989,0.42034292
93896,0.0061159893
14137,0.21289565
105676,0.20087793
60193,0.10535029
57913,0.10158093
75742,0.40500548
51514,0.13247564
66216,0.074898265
81746,0.35447326
113753,0.01671576
97812,0.11185339
34725,0.028379126
97254,0.043640364
28132,0.026452165
71850,0.007701789
90112,0.77557087
108632,0.24119726
63072,0.7913002
82787,0.026094643
30398,0.02861867
71509,0.13672698
126637,0.9013278
100764,0.8507206
98488,0.16999994
133983,0.64229316
29276,0.061207168
62179,0.97057605
55471,0.0073870923
62487,0.04377749
44443,0.051426407
108246,0.0042082244
97543,0.0025297129
71,0.109751046
88322,0.67121655
104785,0.74281275
136807,0.049985178
40371,0.077839814
11169,0.2555696
48694,0.21619327
101212,0.6740406
123892,0.845869
42928,0.06945837
9482,0.56914604
14043,0.44804636
86193,0.16254923
129019,0.22298345
136706,0.034102507
138400,0.048707608
100379,0.023365404
21090,0.06191991
128803,0.944522
80254,0.01764601
134373,0.36773226
1165,0.08496276
104676,0.10040307
3834,0.08979227
14113,0.59735763
82314,0.88419896
13601,0.14244792
27762,0.41386074
82800,0.026354704
32539,0.01657924
91798,0.036408857
90320,0.77967286
67312,0.013451768
115770,0.13790615
52939,0.1117213
49803,0.27687433
121132,0.3937961
48238,0.32155934
24675,0.15745151
57146,0.029039528
31588,0.0051131956
91905,0.22863767
51310,0.1271359
26622,0.15416023
138543,0.02843851
64048,0.026395792
66389,0.18439202
34855,0.11709972
35534,0.108825475
3582,0.069984704
124356,0.2295351
70807,0.0005372398
42545,0.3363201
110274,0.24529961
105019,0.012315162
92202,0.04061058
2741,0.60146743
34777,0.47121182
94428,0.13096878
77668,0.33523804
118868,0.003698786
79208,0.09418234
35459,0.29342523
74983,0.017264461
138354,0.06864809
90592,0.22280169
43993,0.030557202
27888,0.07504354
35796,0.036701072
1541,0.26282498
57593,0.09660539
11548,0.921676
61329,0.17483765
138750,0.0077276295
18695,0.65625596
31184,0.51399297
78379,0.024512036
85755,0.03331762
120949,0.0017103782
128453,0.21665615
90666,0.834973
74204,0.35832196
93419,0.025756784
38376,0.06651963
100897,0.029265817
139170,0.016543996
88906,0.034456342
140907,0.026357416
43539,0.58789355
133120,0.07043444
32748,0.5450332
92290,0.1043845
71826,0.0033328051
45516,0.0715068
72561,0.09591294
139620,0.18773708
124470,0.0713995
7477,0.008697971
19011,0.89699936
118456,0.015045505
96628,0.012491059
89549,0.012689336
115538,0.11115451
102950,0.0074266605
3008,0.26015148
97406,0.013634027
37377,0.048941497
20948,0.20750734
119553,0.97783524
27460,0.022393622
117724,0.0008871847
2969,0.030892786
31745,0.035941415
177,0.2837876
101050,0.92564714
80925,0.006547268
122764,0.33041543
69033,0.1048454
94591,0.0036086147
13738,0.0010496866
5668,0.080134325
122111,0.40857464
7524,0.018381959
60428,0.04383249
46741,0.015780332
5169,0.9510153
69950,0.16102716
83240,0.42534283
73986,0.01549838
48953,0.036961053
15895,0.15767965
114194,0.89837366
81926,0.9050342
139522,0.011191499
75391,0.16247644
27577,0.88755924
92060,0.49544764
101989,0.045513675
142475,0.0010103832
124982,0.13334161
72964,0.0059752637
92717,0.16881512
128991,0.09192221
123908,0.029576657
142826,0.00030243056
49932,0.012046485
41262,0.005964132
11000,0.18587996
65053,0.09431365
8518,0.15919308
104751,0.80135983
10158,0.13363042
118173,0.068885766
72644,0.028440677
30904,0.7653917
82285,0.7935317
107307,0.00027479976
47668,0.08573346
61839,0.010157498
112616,0.029205827
78684,0.6221185
85595,0.018280797
46511,0.028769314
127790,0.9418292
104948,0.92432845
100885,0.006783992
126668,0.051981013
138295,0.0005106241
3995,0.010839528
60166,0.023666553
97628,0.13096206
129894,0.031727046
57939,0.5088213
20357,0.027089955
90738,0.29851916
40355,0.708143
106270,0.006498144
117065,0.0062810387
33392,0.6965938
54141,0.03174952
118958,0.30666563
90677,0.37759715
26760,0.01025464
21033,0.6075965
14342,0.014030322
25143,0.03150197
104407,0.066924594
125982,0.29644576
130457,0.0068415254
129516,0.954817
62869,0.20231375
133444,0.29075915
49231,0.27339783
85764,0.8539261
75131,0.033674505
102562,0.030755892
25677,0.07396698
29203,0.070112
95446,0.030514717
53531,0.07339499
45774,0.10484421
11887,0.13782002
98468,0.0647676
125379,0.6097817
53548,0.12313238
114634,0.0054247123
36659,0.0292574
124818,0.06796458
125495,0.12783585
28291,0.1941771
104143,0.9693572
67110,0.8013661
56444,0.06854424
6685,0.018352037
98438,0.91247123
117848,0.054045115
118597,0.49383697
108164,0.026791036
60603,0.020904487
68322,0.023169518
49000,0.0077680857
36926,0.050006334
137100,0.1239087
132643,0.008017032
2448,0.27868202
71933,0.04479662
45980,0.4623032
129126,0.5310912
113936,0.21793263
47034,0.094517626
85950,0.27226132
42048,0.10372788
27699,0.041709766
11270,0.75493044
117197,0.31568095
52807,0.12834962
18752,0.31551105
2231,0.018544694
66509,0.14851564
69150,0.0363851
59285,0.040902413
92238,0.22979745
53737,0.039975002
126678,0.27507147
132685,0.4688917
47089,0.08941633
23320,0.14227206
97532,0.027480006
60438,0.007908114
43841,0.058114484
83804,0.6533536
62203,0.024950849
47124,0.06370955
39536,0.21672636
66586,0.12049326
31682,0.25091133
110512,0.4169662
68853,0.3857294
1590,0.12969317
124771,0.30329823
27992,0.04151778
22761,0.09110392
30024,0.1696427
120838,0.009505195
100789,0.7510305
77047,0.2570051
61539,0.14742057
52969,0.10169083
18348,0.6198553
81503,0.12839405
115291,0.00068804884
135184,0.1374389
10973,0.10273185
116314,0.13899097
12117,0.054224964
87572,0.7775038
118601,0.024381371
16127,0.4957437
136764,0.015011265
11470,0.46807364
87063,0.047460523
105551,0.015825808
121681,0.013285954
86562,0.11163605
80179,0.0049620545
275,0.057146437
115505,0.02629323
140986,0.79368174
145077,0.2953948
58737,0.2321038
133147,0.2047764
142297,0.0066711204
46534,0.23705627
921,0.67905796
4282,0.036392458
56985,0.136005
115352,0.014266408
136498,0.0108984355
76939,0.54694486
54768,0.8099607
80455,0.00294126
116829,0.015119014
89829,0.083253406
107265,0.0029411048
107897,0.07258714
57865,0.36005124
68928,0.04225048
136140,0.0037456804
29790,0.9569149
88573,0.7720112
136360,0.022100667
52030,0.10284355
42092,0.1416196
62716,0.15661426
110142,0.5378263
46225,0.066742316
84008,0.008308613
74811,0.06982713
88014,0.25752172
62354,0.084475785
136375,0.029801602
38270,0.0069828513
29849,0.9190607
55300,0.028920406
115385,0.07138031
121431,0.068805024
36972,0.03510433
65010,0.11817246
83564,0.23150955
50622,0.83223915
61737,0.010326423
117498,0.044282414
96971,0.031349275
4646,0.22662605
26868,0.092437275
136154,0.010018933
105010,0.017952349
81449,0.77809304
54459,0.6148032
60668,0.40069884
17438,0.1443318
98191,0.005584351
135321,0.76225454
29881,0.3014931
112167,0.8686159
27317,0.69989544
36865,0.0007371686
96374,0.032204427
132436,0.054480072
130551,0.039994534
122402,0.9366508
14622,0.056909896
86807,0.016553968
111733,0.0068206624
83476,0.30784428
87221,0.13170753
59445,0.54954827
116652,0.17682877
64127,0.18755461
53403,0.089559995
128283,0.16501904
3941,0.27339527
102608,0.0028359606
57214,0.083631516
38005,0.078008175
113285,0.0575397
138239,0.0012253602
35419,0.4587793
57107,0.59198236
59207,0.08701607
142860,0.00031850263
36281,0.0557827
36884,0.0043586167
98789,0.04873585
100016,0.2361121
23356,0.1167313
2329,0.8611211
14766,0.15066406
95049,0.097369395
35135,0.041842036
73818,0.04577549
57052,0.18209307
120714,0.30489355
48580,0.08623989
144450,0.0032997504
48362,0.52299726
85526,0.07537738
54701,0.040058423
103415,0.090979196
103787,0.7464751
60191,0.034880422
120143,0.018404206
79368,0.13519238
1955,0.85963297
118362,0.136043
77656,0.6586327
30691,0.049873635
28608,0.05221601
61708,0.18063618
6055,0.049331542
30736,0.020546041
128043,0.024341268
35495,0.9708035
30850,0.23218566
125022,0.2812282
117739,0.054928515
110148,0.83626276
18844,0.023459041
93844,0.0073751155
96253,0.31253186
1090,0.97300285
82234,0.12427084
20035,0.07529977
135293,0.7772515
27742,0.7882247
64660,0.042594306
109410,0.37665412
97300,0.6814052
74863,0.018105065
59021,0.06385357
42918,0.038913116
90794,0.03150139
11797,0.047081728
44303,0.03416359
126729,0.27184075
144611,0.3274451
36522,0.7927149
74401,0.08359012
17820,0.725412
129636,0.26714474
27599,0.21970692
40165,0.51185423
43957,0.66959435
120005,0.017018814
72776,0.003595676
132018,0.2236082
10455,0.35426277
20428,0.13282582
68854,0.096859895
10777,0.4077718
100987,0.21752949
109225,0.078815654
18302,0.08270613
71285,0.022728505
101709,0.4288017
144153,0.6040976
32774,0.9634022
1206,0.51544553
99390,0.08784514
123298,0.081129365
42164,0.08471166
12278,0.007180219
39252,0.028712783
44880,0.044101845
54574,0.85190225
42189,0.101639025
23122,0.0335041
120450,0.0006244834
1412,0.010450824
60105,0.08156344
17173,0.52943325
79807,0.14011616
89989,0.22227715
127051,0.17093419
123804,0.0049896245
37158,0.035882197
41290,0.050769564
20766,0.9511763
86376,0.021172175
12602,0.0045879735
4094,0.117583655
89438,0.68082577
108325,0.029216608
39148,0.06373272
64241,0.018757582
121945,0.0079300525
8685,0.6606317
69587,0.15980522
41864,0.16085842
111960,0.029662274
109844,0.099892996
6577,0.023324212
18160,0.8589663
61144,0.052667145
31568,0.33288905
111486,0.17056565
110610,0.5892334
84365,0.3182933
122573,0.0034133224
132000,0.008758667
8704,0.57319796
78413,0.043926
24934,0.86749893
41927,0.04713435
7244,0.008840279
62471,0.028404433
54777,0.09375525
84037,0.0012541345
34926,0.003955088
139150,0.0003268219
31410,0.2728905
16764,0.025477428
76691,0.60490936
60399,0.14857268
6583,0.26432547
113140,0.4096399
93972,0.013371324
90465,0.2579593
22140,0.09589578
128064,0.4193998
19795,0.11045787
36404,0.0052690962
60560,0.06417465
138479,0.000100454556
126345,0.029209752
125674,0.06772659
22161,0.07573033
10763,0.941886
92463,0.70678604
8487,0.012011271
139792,0.07243546
71000,0.005893451
37819,0.0058740224
40907,0.20620348
128232,0.38272956
134751,0.72853154
15795,0.3791704
72762,0.0012871131
58992,0.043230854
57005,0.06356583
46882,0.18945284
100271,0.013809468
98656,0.005071219
58351,0.26574388
131471,0.26086158
34973,0.56658083
33987,0.014347101
23026,0.18358934
133673,0.050621472
105195,0.9435688
26370,0.9667799
54820,0.36327952
134658,0.5450089
115989,0.05124006
88498,0.028886834
108621,0.05276855
98408,0.90826654
132711,0.38367364
71015,0.41213876
30224,0.17627634
120223,0.5536837
63257,0.2651871
16512,0.021629838
45154,0.9294801
139850,0.008783446
132754,0.30943164
104338,0.055813402
4659,0.00420528
100150,0.04216532
59907,0.1921818
42154,0.1627708
115789,0.06309273
143016,0.10915887
76236,0.46365952
136911,0.16753256
113554,0.93169135
114789,0.95807034
72060,0.40857604
74671,0.27728474
84349,0.07951659
19188,0.38019502
67285,0.059902225
40865,0.26678073
23792,0.8147918
38536,0.010728257
40502,0.0028235484
11923,0.1876864
65850,0.6860393
139848,0.014473717
125208,0.012310825
22768,0.52979916
48811,0.14778696
25986,0.0718766
74935,0.009287035
11720,0.08855894
51282,0.052880686
81006,0.03141358
120986,0.012193553
24848,0.04695046
74023,0.0016509858
45555,0.027427837
48300,0.010321969
145053,0.004406922
71810,0.01004966
109295,0.01365227
86894,0.08303809
45587,0.01496185
102745,0.913495
6101,0.009635818
78862,0.4208583
49674,0.1418798
76726,0.008958798
99195,0.32360154
23958,0.91111207
99112,0.09220077
119144,0.0023691684
31877,0.01352067
130988,0.3344729
142895,0.054049235
31296,0.021452365
20507,0.9445981
15580,0.18959087
111593,0.0903156
86032,0.78418744
109465,0.008850956
114208,0.16297428
40360,0.37689665
101767,0.07360827
128577,0.037063535
28348,0.047297392
42886,0.9228832
61872,0.041202478
82753,0.09466401
98031,0.042806797
120889,0.0028950048
61739,0.07104249
41821,0.52151746
120366,0.5386232
18902,0.07112651
35571,0.104199044
35426,0.14256445
116335,0.0002892513
24636,0.14929886
119322,0.069437265
138389,0.0013664678
132362,0.01912839
89800,0.22959119
93016,0.22913209
101440,0.030982824
57009,0.20658143
95761,0.2843146
62488,0.048725452
53092,0.6787562
94481,0.0927097
113752,0.016339317
7551,0.004694525
101909,0.091948144
62702,0.014971959
139046,0.018718645
84091,0.1505217
43829,0.14150132
46848,0.00487669
91310,0.16842417
87710,0.91155535
53535,0.14360124
134631,0.16865057
42140,0.07935742
109628,0.0069562057
97840,0.17530063
76687,0.46724492
114856,0.5656916
38897,0.0037814875
5885,0.17267947
16529,0.19655126
62043,0.08384823
101911,0.051004414
14325,0.041738316
88783,0.016862502
20519,0.8475741
36839,0.0068915864
93618,0.004834783
43100,0.56044734
25004,0.038245738
81105,0.33882958
129445,0.63755375
80499,0.018833796
118570,0.11763649
7231,0.009395781
69381,0.46302575
14318,0.09562405
130787,0.18602191
4117,0.018581584
7548,0.035079185
87383,0.33931994
21147,0.028965868
122327,0.016537938
16548,0.13468121
15416,0.4283565
100528,0.13502471
91698,0.9690456
131458,0.0050851754
28273,0.38820556
94050,0.68349665
17390,0.3558165
30372,0.011355031
124112,0.077548474
22226,0.059045024
83654,0.34138322
13822,0.008285934
22080,0.10045507
142619,0.2288092
48041,0.013627961
46790,0.20383552
129813,0.24068953
58886,0.1141586
74142,0.016425312
7739,0.0011761284
73342,0.0223456
28952,0.19296496
63137,0.05844848
35385,0.2911485
141516,0.0030280726
74379,0.07077665
63947,0.06496411
134668,0.48063284
83799,0.13280305
108342,0.021944247
31385,0.048761364
136477,0.8520495
76102,0.3044383
109472,0.3702733
121491,0.0011902455
27350,0.085932635
6668,0.024891727
96748,0.119324066
17223,0.1412706
67293,0.22465089
7982,0.3851156
56718,0.077108584
58939,0.9713146
65368,0.1707844
135736,0.76374674
81470,0.10269362
88458,0.0256469
67176,0.008688327
6970,0.26399502
124302,0.023821048
40474,0.044721626
123843,0.39484343
128355,0.076723665
37194,0.011055647
60719,0.037409674
40784,0.44246298
74484,0.054344155
42514,0.21840301
130637,0.018840062
121080,0.60414547
3996,0.019835038
137650,0.05015797
2169,0.017378725
28720,0.2531161
74610,0.41068938
75156,0.60672987
98641,0.020925518
25574,0.05170727
2340,0.2753067
32535,0.46588728
135306,0.034279406
7278,0.09320042
7181,0.05102543
52929,0.051024847
14055,0.014228832
15644,0.9245298
42037,0.32650968
116427,0.0051480564
29227,0.09253895
130484,0.70932686
140779,0.049887307
75634,0.7302026
123135,0.80674064
1182,0.016001292
58837,0.15230583
137015,0.0030957903
18492,0.33561397
143534,0.017249348
50456,0.037009336
56096,0.45171332
84468,0.13153543
133225,0.31089282
111627,0.011402847
108247,0.009031385
114555,0.12518021
108833,0.60463995
104528,0.0059241685
65438,0.21702899
129928,0.77309936
46127,0.054722276
32821,0.03783276
2873,0.88990766
7925,0.03909219
118451,0.016170507
114155,0.058379393
83629,0.012954816
2802,0.86183774
111221,0.1361622
131236,0.07103821
61181,0.057236105
77560,0.061590843
7327,0.08113219
58491,0.008486687
126386,0.06548512
129780,0.09924848
91145,0.012814908
14954,0.015883194
136976,0.004341861
123585,0.0012290125
29113,0.034472503
71769,0.104985915
23508,0.10154541
126102,0.060680173
41174,0.10451171
39307,0.032422584
119146,0.21619052
1349,0.033950157
29917,0.067959175
144668,0.004506499
97575,0.033200447
94237,0.013623013
92755,0.099679045
77742,0.7485153
47897,0.10365039
124883,0.0084842285
30638,0.056076743
36075,0.6137382
138588,0.4869093
25800,0.0044897357
4873,0.6472499
29815,0.005869647
104578,0.0048134266
112284,0.39630517
131955,0.51317006
48343,0.0022411165
87152,0.47980207
72456,0.087542444
132760,0.25194672
6457,0.80470496
121620,0.0055954936
9960,0.055822704
132605,0.02142471
142512,0.016716808
26734,0.28106758
78213,0.77285457
42620,0.778516
55523,0.011750723
49220,0.16286239
141225,0.00048595795
42004,0.0064741056
105295,0.33126748
32893,0.46804532
61773,0.2642066
27851,0.94690853
44066,0.028912596
89603,0.123560466
26708,0.031464364
23494,0.520999
79693,0.926228
13558,0.004590714
76809,0.20450142
29117,0.030259324
63793,0.07843112
52627,0.65120417
27965,0.039097715
128723,0.017146587
100956,0.04999982
109037,0.03944673
72467,0.33907124
144748,0.020976987
45132,0.52578634
50266,0.04408206
69335,0.040611826
25814,0.045435593
78059,0.07398645
65278,0.003791731
72013,0.02420627
71705,0.011711219
144987,0.21946254
17990,0.33040878
106186,0.012083161
6904,0.10886009
9653,0.041286424
134474,0.09351987
6511,0.75205797
127820,0.662907
54672,0.10696445
114376,0.15982811
46406,0.04167875
117912,0.8576416
31505,0.020816578
90616,0.49588382
144472,0.0065360623
22429,0.44596377
74093,0.11362713
52318,0.45738772
84531,0.018180685
2039,0.46264017
79277,0.77436817
22513,0.05429958
110919,0.15292281
126038,0.06979174
1035,0.015907377
68783,0.31730974
128778,0.16438271
142891,0.01204223
8272,0.10528899
44019,0.04405851
80567,0.119414926
68354,0.3124396
19265,0.047144372
7824,0.0073722783
29239,0.23944809
135262,0.03466986
94744,0.53141683
61113,0.024700727
90358,0.39435977
132439,0.013422697
55005,0.3189548
77585,0.74726135
21455,0.20561673
35695,0.060251895
77349,0.011814768
41696,0.19337742
127432,0.37862158
67014,0.041600853
2545,0.0084544765
80468,0.015465935
32723,0.99202806
138506,0.055681024
13739,0.00039674478
81217,0.39756685
56078,0.09138986
83249,0.24387905
68662,0.097472794
78183,0.6826172
50147,0.15305634
104880,0.7173397
78788,0.15427062
49496,0.024980256
98829,0.9769726
55689,0.93795437
115023,0.028915003
40797,0.9249044
6527,0.04552737
70874,0.034467988
53408,0.8572697
43321,0.8268133
15114,0.4024609
36883,0.010396945
90961,0.112676926
58833,0.23529522
71383,0.0006547144
35183,0.03153916
79847,0.19331424
134196,0.37435398
10295,0.032814793
99280,0.05937383
119357,0.008042248
135177,0.15666564
19493,0.24955414
141608,0.003994139
20049,0.2943339
36841,0.0022705204
98826,0.06547884
136268,0.014587067
85890,0.6030198
66750,0.30564874
71771,0.0136837615
24112,0.95392996
118744,0.01298397
134623,0.00814423
144961,0.0020994702
121771,0.004086616
4422,0.030122738
34318,0.14653982
2556,0.014477922
37782,0.002272417
17515,0.26044303
78522,0.40178677
65915,0.013432437
60835,0.10180396
127374,0.17012522
33061,0.07152201
5147,0.24343576
50447,0.12122918
120461,0.044629708
53666,0.86554736
30911,0.6984879
33524,0.028880943
49345,0.05735299
55974,0.2485659
47074,0.30088988
103080,0.28950417
16383,0.16426952
127124,0.20216161
121268,0.8022865
55854,0.013551939
81906,0.1113047
137140,0.06444079
34842,0.8918595
142280,0.0005262052
16002,0.096947365
123017,0.0062324842
116097,0.13756265
15210,0.9296342
6192,0.053789645
93415,0.31260425
97522,0.017094033
92357,0.06646172
57572,0.0048909355
83117,0.21853207
12790,0.28943735
41038,0.1388075
91643,0.18695354
19374,0.8509916
107578,0.20708403
129768,0.29659814
75848,0.89113086
51431,0.002008251
122831,0.4036254
101786,0.7419921
119577,0.19442394
75060,0.24725595
128795,0.64067936
81191,0.989195
38988,0.037994977
60221,0.01078646
6853,0.18001153
3072,0.106296085
15125,0.04220653
143372,0.79310656
88289,0.2006186
62065,0.0545622
105239,0.016886843
15863,0.10678109
39897,0.36145627
104064,0.09015263
2708,0.23254585
90121,0.58103555
11573,0.584042
125890,0.028306905
5028,0.075551815
29963,0.047615804
80697,0.23691168
138029,0.0006926166
140475,0.15194212
124696,0.08197613
73988,0.047503658
66477,0.031628326
49948,0.11476692
1748,0.03828313
5931,0.4202762
53354,0.6814786
11015,0.18944065
26589,0.021898128
66550,0.094248116
17606,0.1116082
93075,0.41799802
14530,0.0933829
130436,0.0033224702
59954,0.028576948
108351,0.031101305
81956,0.36134648
50746,0.039251592
50467,0.020752676
23516,0.15584815
102669,0.7554706
140071,0.9954774
144218,0.009245881
143824,0.012797053
10794,0.18920518
97409,0.8840901
123214,0.024654252
32244,0.12898272
127542,0.11675332
34882,0.04934285
140570,0.0006137374
1585,0.36978626
53971,0.22521742
55261,0.09893601
93240,0.014594719
21855,0.2482716
55729,0.8153673
132862,0.034846406
63144,0.06949047
80401,0.9576066
104351,0.005528517
134085,0.3987611
46171,0.50906473
30721,0.08787345
93433,0.036127917
32291,0.27470434
5822,0.081037626
133858,0.050331656
18776,0.4975701
141493,0.23359454
14595,0.0049489834
58184,0.047838483
71620,0.02066147
142723,0.031157248
72299,0.009022445
11516,0.5523671
20497,0.5815032
39426,0.122274235
83969,0.2652224
110901,0.047893234
104215,0.031922318
42303,0.06471609
42751,0.37429827
20574,0.4801403
131180,0.13345042
30127,0.0079711145
129054,0.98836386
3886,0.04750313
126675,0.086597346
57716,0.022177469
33903,0.0057883277
133816,0.11177414
37286,0.0022301038
103961,0.007179726
21795,0.059267793
134380,0.095564865
19738,0.23505966
51154,0.027045297
67318,0.51377
103148,0.8222392
46602,0.978369
38396,0.93469435
61947,0.82844114
74503,0.00907026
43798,0.8947031
141792,0.9491933
31642,0.105692774
121521,0.009267405
91736,0.36460283
1762,0.11248964
22018,0.19097209
145411,0.0038370667
47797,0.9844099
43343,0.29424033
98150,0.57679105
104536,0.14322151
134908,0.025517534
10146,0.93765366
11856,0.14294544
122706,0.83525586
75510,0.024954155
38989,0.0037962587
116112,0.048931222
139464,0.00047416112
36680,0.07643126
23752,0.5557939
136410,0.0012764917
103675,0.46830755
97475,0.8630543
12951,0.113562435
79998,0.07833068
90091,0.24592644
130133,0.015635215
56466,0.5598432
20597,0.08750332
85956,0.35244465
58683,0.9712445
27102,0.08134315
93074,0.4351992
124133,0.019010458
107633,0.01772655
19915,0.053394776
101181,0.27017957
10514,0.30400392
103981,0.14299864
39145,0.2842177
1808,0.034690473
119993,0.011989008
16618,0.20513049
11406,0.084824555
28766,0.0041093575
119965,0.22656566
126812,0.09741389
80329,0.044552006
67350,0.5673716
10965,0.2008686
133050,0.04176158
93872,0.02469821
20319,0.69886756
109625,0.0284684
172,0.021883283
73735,0.006333401
95372,0.061019782
21821,0.12313005
123382,0.01363534
77932,0.42897105
21226,0.95877707
127037,0.61583793
77452,0.015273365
62805,0.009835311
57750,0.038034942
50707,0.011331027
88049,0.3791148
34662,0.9456152
87887,0.5018523
109574,0.16430727
26147,0.11369179
142774,0.0013689252
84907,0.4650157
120243,0.22395772
114259,0.4361804
69419,0.14403312
95074,0.2940834
33955,0.37476093
43356,0.63683146
25769,0.034495976
58371,0.039767694
18413,0.102494344
138777,0.011363101
25014,0.041858424
48579,0.009900738
1257,0.030376088
86670,0.015492379
91446,0.11478682
89259,0.02791787
60327,0.017211309
67352,0.15775515
36256,0.5216514
44702,0.07629719
43547,0.17314567
4256,0.023750745
59506,0.0468157
142036,0.5463546
130416,0.0043588276
63788,0.093645275
132736,0.60226965
7065,0.0059670107
18093,0.10462547
138421,0.00064705993
44467,0.4130467
120751,0.114383794
19916,0.0304375
53556,0.07728203
98179,0.008957088
59480,0.3467555
12456,0.038288563
50926,0.0069147986
16689,0.09105145
100317,0.009654101
10941,0.28454027
74996,0.014464647
119573,0.8383107
705,0.034615062
40891,0.1454241
103665,0.00714282
26277,0.028484486
129094,0.44471058
126283,0.27563226
117540,0.045137238
20331,0.84034103
39587,0.7249125
36054,0.022170398
82586,0.90611684
55658,0.7493716
23664,0.80416596
69373,0.62685657
142903,0.0004569196
11426,0.10403394
101213,0.2716852
129342,0.06336176
90326,0.080923624
91366,0.4065731
17139,0.20985655
91144,0.009967182
75461,0.3173176
107068,0.03475116
53090,0.41491857
11492,0.7601281
96885,0.0523283
13997,0.013110976
16459,0.06270718
127965,0.11574771
13901,0.014775825
46492,0.09452481
122752,0.02937675
143293,0.65289634
22006,0.31061992
101119,0.5566663
28622,0.1704465
46140,0.04512095
7449,0.12968878
41301,0.08721247
68580,0.032780632
123260,0.03456375
113187,0.989373
27864,0.78774536
257,0.0801722
34133,0.04105193
103136,0.020545004
113324,0.16057965
100349,0.06213049
52676,0.019105088
56128,0.7689686
142911,0.0097132595
109608,0.05966892
92975,0.9852143
67621,0.77259403
48472,0.024237996
11446,0.77542007
20079,0.80452
82338,0.07923585
85154,0.34504855
86481,0.0013464828
22059,0.9209759
113192,0.6298384
50255,0.017463
143849,0.017687742
126387,0.04007106
125842,0.053627502
100983,0.14780052
39296,0.19069633
65285,0.64811844
123621,0.0007598212
119830,0.974924
6144,0.00094427844
82891,0.09328263
142170,0.79407597
124865,0.38686183
111843,0.91947806
98642,0.024752503
41218,0.05956919
131247,0.039488874
120137,0.0082153445
8618,0.018870244
50845,0.037248287
32576,0.45857972
90165,0.16541101
11618,0.17362423
114085,0.007343737
37419,0.5661475
17782,0.13884541
103676,0.19901983
74871,0.02000683
111767,0.38849393
65873,0.01389212
8465,0.012309902
127604,0.38892344
119153,0.0040049013
127845,0.47180387
29246,0.82015127
53285,0.21004388
128479,0.77438766
103162,0.72526294
15113,0.13205267
941,0.059729427
30788,0.6639958
134319,0.2861257
117336,0.143821
53155,0.41466597
25228,0.12053429
2582,0.052784402
35091,0.32266065
58022,0.0122487955
32517,0.12548336
79497,0.8970382
6292,0.00538068
26335,0.037436627
11506,0.18192808
97845,0.0017108691
55883,0.050346643
59349,0.04386407
95784,0.0066412985
32850,0.41724753
46684,0.57774234
8853,0.108361274
46056,0.050953202
72642,0.037760347
144527,0.568316
55667,0.3707695
54020,0.6320867
39925,0.02447424
91457,0.26849738
110655,0.27885315
71749,0.00092592067
136032,0.053247895
63029,0.12691018
113455,0.042664193
56187,0.035965793
135033,0.16410927
9401,0.8532761
111465,0.037468374
41080,0.9205463
42008,0.3640629
63549,0.36630762
22851,0.21674758
144617,0.012829817
12809,0.28971326
81991,0.21756905
90772,0.03396811
98719,0.14974341
26119,0.14965154
110293,0.0075470125
117235,0.079380624
87147,0.17936695
11705,0.053109907
12934,0.02687718
81580,0.72936755
46885,0.37032992
25174,0.09196745
113449,0.011562486
8351,0.013223606
32988,0.020538121
117010,0.0069876765
672,0.0382632
94601,0.00027797505
5172,0.061711665
135279,0.16033103
30636,0.6296249
69157,0.004672555
59336,0.01704738
45213,0.02811543
34014,0.010986508
121393,0.4279796
11131,0.26008588
89059,0.68470705
7150,0.23419413
65358,0.019627683
52845,0.32878396
104835,0.0077936454
119710,0.0003146008
41806,0.8967952
107086,0.6133689
35836,0.096205406
51290,0.0063874433
118107,0.038021415
26487,0.047988858
133165,0.10508056
90943,0.044374455
96164,0.061331928
14115,0.009481041
28514,0.07882646
5954,0.96898514
141169,0.023672538
142284,0.009207191
25859,0.7156673
8774,0.5770595
116037,0.003180569
100533,0.05179129
107114,0.005796755
100845,0.9879857
70737,0.08361968
70080,0.11199703
4420,0.053262696
137382,0.008266729
111016,0.10404834
38111,0.86681014
135984,0.02395185
6697,0.021007093
74648,0.21970524
128843,0.38398683
111867,0.22713122
70706,0.0051410473
62683,0.0079042055
33009,0.05331431
128655,0.6188695
71351,0.009024799
41629,0.04309133
8860,0.13624035
132996,0.16686599
2159,0.043241236
6293,0.0036405725
72861,0.070608094
85048,0.0053734346
109776,0.7344688
102003,0.0016211461
30415,0.048430387
21635,0.65678656
2138,0.05214672
28946,0.12632236
46943,0.9808561
39409,0.024745015
99940,0.02839707
71782,0.00077893503
50572,0.033423398
25644,0.021872645
90960,0.77143645
57498,0.09025243
89618,0.60879624
58119,0.0074436683
44185,0.19867942
21397,0.083020195
29014,0.08097824
82856,0.6596185
91220,0.079396576
67567,0.8378925
69733,0.1845988
139543,0.035819657
76977,0.47801104
80614,0.39620867
32009,0.32531056
13199,0.057786964
138965,0.007633409
20945,0.39565426
102571,0.00037997295
118731,0.010136936
20687,0.08907877
11904,0.52392435
102999,0.0021742997
31732,0.15568592
104660,0.0016184758
137064,0.0061834916
9912,0.15600964
68295,0.30260593
102869,0.0039053264
135508,0.10692352
117399,0.019708702
21715,0.12218519
88789,0.093239345
116415,0.0019257043
83828,0.7107051
15511,0.27460715
75309,0.10582732
21143,0.1266197
108082,0.0021977893
121008,0.1342498
23137,0.045549847
124341,0.2295351
139398,0.12874416
79235,0.6824504
47273,0.94568276
46950,0.003082086
10221,0.071319856
85793,0.003591114
128486,0.18089844
54724,0.086425304
116936,0.121838585
119815,0.0053776004
54139,0.19954127
20480,0.93328476
51873,0.020439202
77670,0.9837773
89809,0.67712134
113865,0.9327417
30083,0.31280854
67669,0.6838913
47170,0.021353092
84833,0.134615
89173,0.04960169
143438,0.057668895
35957,0.27849057
80286,0.70699006
29980,0.019735128
92825,0.6190045
126194,0.048110973
67094,0.31015518
29759,0.019227816
121370,0.022358444
113325,0.046750218
99994,0.357613
124471,0.5261142
30946,0.14202267
70605,0.033305343
39787,0.1996333
111616,0.046548545
21786,0.95660806
97718,0.08265652
5504,0.015441492
73400,0.055841073
20512,0.6471757
47373,0.035335112
114934,0.08560186
137949,0.0027734623
129956,0.4671168
6324,0.14642073
140455,0.08176999
77572,0.6245628
4051,0.22006845
70968,0.40725803
49483,0.9036938
3687,0.18954149
71712,0.0038112993
100743,0.44730908
89393,0.14576228
112328,0.0510811
41076,0.19554047
94992,0.012930499
80157,0.10576927
127255,0.092793584
115406,0.051692035
28295,0.23602729
29725,0.048714608
117438,0.042460732
66786,0.20461239
118272,0.029993061
73264,0.021442277
51131,0.217933
128337,0.4581296
70574,0.8169676
142100,0.36804035
52457,0.18991052
25965,0.043079782
106295,0.0038541167
46646,0.08349069
34155,0.65455174
92446,0.13386036
57620,0.4674942
18572,0.30731454
20159,0.029281434
140609,0.040671796
36729,0.055748317
103449,0.027780877
96939,0.0028269875
52262,0.35242414
11164,0.29092827
68442,0.13877113
49205,0.079448484
30821,0.16525593
85360,0.36023417
66907,0.020157319
84490,0.71817297
57425,0.15239671
568,0.0422941
119857,0.0030833976
123364,0.1877468
97025,0.09121548
31141,0.079414174
17795,0.24672388
106252,0.00049031375
8225,0.00807821
81515,0.07163295
92899,0.053958163
47922,0.078616075
88385,0.10726001
86826,0.11990237
73235,0.10884587
75830,0.024151959
104784,0.2386716
8545,0.035842784
50597,0.008394426
134422,0.08317289
140851,0.008329706
80140,0.10736543
96222,0.32477185
573,0.3537935
76025,0.06568971
87196,0.011278323
54592,0.7241253
45720,0.012560033
123774,0.003680624
48421,0.78367525
98919,0.06488156
144388,0.031503484
93693,0.54374033
43591,0.40383363
131337,0.54524076
82622,0.9449924
133267,0.7102214
97361,0.16425169
8761,0.4128338
64495,0.032457955
19419,0.048697893
75527,0.8293742
42139,0.03698035
286,0.17716646
126429,0.1234247
21405,0.17320642
14728,0.1443149
67821,0.009948219
23444,0.077454515
32328,0.2187099
78022,0.35223854
144520,0.01101929
80652,0.08214688
106043,0.06890429
578,0.055767927
33753,0.63781995
19394,0.3263029
138679,0.008373292
17554,0.17053567
58470,0.020376377
61876,0.74718815
18371,0.022284543
103010,0.008580312
78191,0.4349857
42350,0.04857769
99816,0.37514672
83625,0.95625585
79207,0.009688592
67833,0.06350923
118339,0.041526232
26979,0.07599865
79081,0.013677083
28815,0.029513609
13717,0.0023826598
143514,0.007784893
107512,0.0062953886
26848,0.03671209
70239,0.015376167
74872,0.013731519
85369,0.21655598
112535,0.37268162
114957,0.0009386972
18422,0.2569192
32376,0.5410746
107357,0.009194432
59709,0.5834172
64707,0.23102902
6489,0.007695028
141948,0.002822762
63638,0.4097735
78595,0.0110786
72785,0.43520537
66111,0.0522575
71401,0.0041133133
123802,0.01928145
42212,0.06841362
9563,0.20164682
81431,0.26103082
126681,0.0064622527
100438,0.2744188
29442,0.06828452
36466,0.111281075
33549,0.017101709
101588,0.042427197
132403,0.16979186
191,0.96486616
116052,0.011852467
141152,0.06200418
77955,0.6680984
114197,0.8760187
110359,0.100526296
116086,0.026712475
12259,0.019938942
29452,0.09358301
28145,0.09194468
27894,0.04035315
141259,0.00048434813
46395,0.10091252
124526,0.11821918
110312,0.024837438
71952,0.060629174
24146,0.16085476
28500,0.0056745983
4254,0.032889925
74566,0.03487832
60449,0.23156539
107331,0.017697398
37056,0.17325547
11575,0.25887293
111180,0.1845427
75040,0.05059683
15694,0.917335
74650,0.33418843
47779,0.025502775
66704,0.07097887
60408,0.08042505
26194,0.04200902
66966,0.019197019
79238,0.42478007
47862,0.086855166
129743,0.8060671
86111,0.0036421972
75633,0.9785483
40930,0.31427568
21349,0.5932265
9264,0.08727868
68319,0.0045863516
32547,0.1938087
19792,0.02691027
74672,0.31715015
68220,0.11689558
99561,0.0036659145
35475,0.0054784506
57781,0.26901084
16409,0.01619433
120960,0.40279767
31169,0.016820412
49035,0.9849166
111441,0.66090304
139451,0.005252487
58708,0.10339671
94696,0.0062486394
49172,0.064182445
113667,0.17344896
143030,0.32156187
36342,0.10640673
15728,0.0391942
124024,0.7786387
121956,0.009370999
17007,0.15052813
70618,0.023708569
135847,0.7307415
50081,0.04713991
74095,0.119920336
16346,0.31006175
111967,0.12336075
20901,0.12909879
91795,0.27345634
11582,0.21682408
97791,0.2567148
141820,0.39038613
2491,0.054234438
118032,0.006560491
137472,0.001208285
129080,0.12068671
9465,0.01883661
44164,0.21784428
17046,0.23370533
130201,0.17181136
35925,0.08865455
83645,0.34866577
139421,0.12566231
81678,0.47789207
137550,0.0010291655
72534,0.0028859645
133092,0.036025673
81621,0.413588
54710,0.03623644
121583,0.11667577
107007,0.003933148
27328,0.020914566
131665,0.5742508
96365,0.055740338
21195,0.14918168
701,0.08858833
5134,0.8622988
109320,0.07989411
21514,0.18905531
45740,0.005375665
63539,0.032029763
38501,0.01836138
66366,0.06504757
31518,0.48267436
49673,0.048880976
94545,0.0099337315
56047,0.201527
68497,0.14327264
15208,0.47433823
48455,0.018700242
52115,0.75380397
20115,0.71184266
89051,0.9882108
7434,0.005951103
122589,0.015927618
116969,0.35149398
48573,0.06813585
5355,0.04691318
100504,0.52797437
11067,0.14767148
67676,0.006623034
49006,0.022883907
141798,0.8134964
19903,0.10087683
84215,0.5570054
77772,0.3974682
10721,0.9274307
6418,0.0013639844
145098,0.04054678
23963,0.30674866
113396,0.02812265
121194,0.021580419
66843,0.18626627
49894,0.0116063515
100055,0.12810308
52631,0.2245626
92266,0.17629844
114472,0.05949975
9256,0.05324861
41654,0.07205467
120078,0.017213019
92288,0.12965122
60130,0.012557432
15698,0.041129105
14253,0.0066068526
1599,0.93293023
10904,0.017666446
128691,0.62831825
5980,0.027935384
105047,0.038136527
12351,0.2035481
44462,0.1674525
104070,0.027150666
106030,0.0047574434
122865,0.25349116
33310,0.2212451
66960,0.021550355
13576,0.019308018
18309,0.32865253
26321,0.24533126
36306,0.289552
66793,0.16615917
106145,0.011596717
18927,0.035636786
85892,0.34415534
80493,0.003243177
92896,0.029898517
39106,0.057543773
115514,0.20998289
52899,0.11755108
71594,0.005067864
21981,0.42625517
21592,0.115427405
105065,0.014124883
105919,0.14478439
64769,0.44727144
36210,0.105832756
11336,0.1813804
40843,0.17389283
126427,0.06253057
27557,0.13401958
57445,0.044648875
13753,0.035048112
5760,0.13280702
11459,0.1606915
7383,0.0038101461
78811,0.120619394
24481,0.05327579
33476,0.26726112
97997,0.01929861
74198,0.6452279
19019,0.8857889
114624,0.0009876832
106414,0.00373066
44536,0.02898312
69102,0.051012345
5829,0.032868296
52025,0.9442928
130573,0.05370349
96791,0.76610917
88164,0.030592434
76670,0.2501766
72838,0.00025987605
129785,0.24368091
38648,0.0036317378
140856,0.034187984
85561,0.33993298
108364,0.10607206
45572,0.9838161
45635,0.03524075
104238,0.027857399
8654,0.012041367
18784,0.36822858
122936,0.0034713321
46878,0.13415992
116479,0.015237541
94040,0.34854227
108230,0.030359203
45948,0.14388898
14267,0.039629363
2339,0.18571126
91236,0.023035735
93856,0.01270571
130276,0.4743473
57633,0.19191828
99972,0.29391518
24097,0.822117
62609,0.2033798
82133,0.052202176
132410,0.0070320466
92928,0.032881547
49934,0.0055978773
112006,0.05215013
102275,0.54500914
71208,0.005849808
84210,0.10091665
17918,0.20929088
100520,0.014183276
38247,0.00440126
134963,0.35987887
97335,0.5315423
63458,0.41398033
63513,0.4036734
20587,0.04985853
15695,0.13285965
112958,0.034234397
125882,0.92036504
130316,0.033522315
18117,0.14618011
69901,0.19754934
32973,0.5108467
82417,0.021173097
36401,0.4399385
124935,0.19675499
87406,0.068078145
89025,0.20666939
41978,0.021959234
75374,0.032185286
78239,0.4985975
72396,0.056074265
20253,0.037690707
81968,0.40802383
107923,0.008850601
73477,0.3379958
113426,0.0311833
21766,0.25147057
125376,0.055097762
49752,0.5617662
105912,0.15387332
30036,0.07511222
16914,0.07884368
12284,0.0029573052
121044,0.9533728
30098,0.023968343
73101,0.04558273
22096,0.36212993
97593,0.011537656
13758,0.0033212185
39789,0.1417524
27784,0.7063298
58202,0.0353831
36715,0.058681056
37323,0.007967103
136758,0.0049561933
139188,0.19816509
71770,0.1538836
110452,0.13501577
2407,0.0051690233
4149,0.2447955
136252,0.9669932
69168,0.21302916
138630,0.003634258
29439,0.5942418
91060,0.1357583
14010,0.04545242
98193,0.009140784
62199,0.4540323
19776,0.1151408
50686,0.2167762
14039,0.03901358
42646,0.12379268
17480,0.1287945
13839,0.026733967
49454,0.43359438
98851,0.9777363
36872,0.01863378
114380,0.7197718
23972,0.055885877
14180,0.44353867
123655,0.0061393953
102977,0.0152415205
142131,0.9721757
5865,0.068975314
135622,0.08903873
14474,0.20249535
85132,0.044218063
27773,0.015337239
144338,0.024835387
85409,0.8215816
116952,0.24131851
12701,0.032550678
31273,0.045252
36108,0.29946476
76967,0.039187744
12830,0.063844085
70332,0.5473166
144387,0.034896944
38838,0.32916263
57352,0.059156064
134171,0.044467106
69965,0.16199344
119558,0.023926726
93984,0.610864
71807,0.011296347
123558,0.09660019
75228,0.7140823
34455,0.32432997
8644,0.079897895
92075,0.16993976
36766,0.6486807
68982,0.9263961
138995,0.0034783513
12978,0.028582653
32445,0.3253303
20199,0.15435442
41333,0.5202179
22252,0.038910396
8246,0.07279436
110529,0.5607472
124164,0.021130873
1764,0.034292992
90191,0.6973637
143811,0.050991308
116779,0.04918552
10672,0.11596129
5347,0.30566227
105855,0.002770257
135977,0.03230333
74587,0.116746895
122653,0.0558872
45525,0.09121226
121475,0.002419682
80144,0.20572464
143951,0.0052733016
102163,0.18392272
27943,0.35247117
66015,0.12791106
49406,0.12990545
137368,0.000763607
121896,0.0031483085
16616,0.19779891
50754,0.035722118
23966,0.3419509
130055,0.31897968
97890,0.021343201
5416,0.01873828
139779,0.2930959
38828,0.15526944
82041,0.24619873
100473,0.97628266
94663,0.0036048377
17519,0.3041572
73854,0.45797023
59378,0.02602431
48260,0.0022035209
66486,0.97872764
21149,0.018894553
118849,0.28699693
59743,0.885931
70009,0.30706674
25497,0.008326071
131708,0.15430266
92696,0.1768053
119066,0.012748279
139503,0.0050229155
66511,0.15900697
73553,0.34116548
88439,0.36230022
44219,0.016825877
118060,0.01002832
47681,0.9298352
108779,0.89232063
71988,0.24120174
43935,0.052826818
92849,0.21176226
87625,0.9781969
70445,0.0024990255
128928,0.08312523
57890,0.89548665
133331,0.43684706
104436,0.50483876
21424,0.11657347
20139,0.027936
44003,0.093942866
99976,0.8302866
94799,0.019339012
107323,0.8762555
34722,0.11942779
90002,0.14183831
138243,0.006479181
17184,0.43800893
90325,0.15049519
15366,0.19672298
51616,0.17187633
107795,0.057952438
53225,0.255268
67450,0.08918579
77458,0.53940165
96247,0.01689953
112108,0.6587142
37817,0.026067318
15510,0.33287433
24453,0.016078996
101950,0.123550184
68218,0.63140947
44268,0.05213886
61393,0.18766026
122391,0.9920833
16862,0.016284402
75790,0.97441894
47611,0.046500307
78389,0.9271491
10566,0.11088215
105873,0.0005616864
108678,0.37735373
23021,0.1258354
138677,0.0015663317
83940,0.03197347
91023,0.15194535
43428,0.9832184
18945,0.4178692
81415,0.08685932
64012,0.5370983
122703,0.9437925
58747,0.8218452
127121,0.069724314
77969,0.8854652
63753,0.047127616
30469,0.84095496
104048,0.057170194
11839,0.3769395
117326,0.7723684
3011,0.4139921
89443,0.38037166
118984,0.033426225
20236,0.04550039
138799,0.013096626
113218,0.05972403
73255,0.00065267
98185,0.0012217485
28368,0.020224797
81328,0.79437864
54393,0.15775308
130668,0.024110926
134792,0.12137941
133308,0.6497159
132953,0.24158533
55170,0.018595602
5309,0.8876137
96334,0.9023345
77863,0.3372613
34157,0.08778409
103648,0.25919074
90063,0.2119602
127628,0.14113763
125788,0.05862061
133192,0.013748325
47958,0.20558167
16579,0.21612172
20866,0.066123575
81322,0.9334497
117855,0.94003034
108352,0.014697481
40912,0.12209647
125172,0.008993882
29248,0.5162859
27520,0.0849747
109547,0.9748011
89987,0.90363353
8580,0.121663205
137502,0.19939376
86275,0.46012214
107459,0.0025818273
57431,0.14798059
72537,0.0058484967
125409,0.18488182
30463,0.043769564
65802,0.2379268
65175,0.16077955
122686,0.97856206
46297,0.04563816
127509,0.26422977
24995,0.036283586
73983,0.015534349
136887,0.047086947
11750,0.08038027
107403,0.011626258
118216,0.027323624
94724,0.039661936
27978,0.21293966
108312,0.045606364
118376,0.016902247
38906,0.00073277357
47515,0.0031830058
129320,0.05580985
29338,0.1642348
31959,0.02516228
16650,0.6057491
14949,0.89151466
50793,0.08002088
3512,0.0830932
128068,0.18289374
45540,0.046699412
82311,0.5078506
127553,0.42714316
56261,0.94079477
61314,0.1006123
118022,0.013306973
3314,0.04132164
35214,0.96746236
23862,0.12526134
2324,0.52564555
88911,0.020077558
132260,0.011233242
134710,0.012309231
71054,0.031809874
63416,0.4778972
77056,0.5920083
88090,0.044048164
83138,0.24491791
31274,0.15164399
91867,0.14191394
111759,0.03610839
34420,0.84916353
30276,0.05764233
129248,0.08719746
107719,0.0016762767
59610,0.055354856
27531,0.025948843
6390,0.003820792
106500,0.0032481398
144935,0.006236337
138458,0.0018683564
138684,0.0006229577
90357,0.28154975
83449,0.0058529424
56542,0.054473773
90614,0.33549348
549,0.032538872
144208,0.22000293
64065,0.59494376
8400,0.053054553
107311,0.002402556
12609,0.55151695
58589,0.07862642
108072,0.0018537526
3883,0.24890423
41375,0.29075703
41298,0.89745665
29456,0.07091876
139918,0.1191852
91384,0.1657093
124405,0.030893374
12752,0.4882871
141556,0.00076451164
25883,0.017351046
107937,0.0015261838
22527,0.038217157
5186,0.39621326
31550,0.34897923
4616,0.051762037
27608,0.005952988
99049,0.052311208
46956,0.061517783
88524,0.20228773
101563,0.08764973
94408,0.8616676
116421,0.007216898
141858,0.083944745
27281,0.3525523
79351,0.026212588
104175,0.02923969
38233,0.49219087
143292,0.6150393
89769,0.72224534
93522,0.008163663
70805,0.00070053886
18626,0.98704916
120353,0.003642332
22397,0.41415092
114737,0.013717629
81028,0.017788995
93739,0.28712228
42753,0.086502306
129544,0.16939317
80558,0.069583364
23804,0.31902465
143123,0.003692704
97531,0.016647257
65494,0.18158925
106835,0.02066168
124003,0.2865341
127096,0.22326088
7269,0.8682891
126786,0.13311057
93546,0.0048791203
36730,0.07849361
25246,0.18884028
6325,0.07886653
77822,0.13011163
66807,0.33602214
43760,0.080305405
70549,0.056496188
1319,0.046036415
34661,0.14277543
16798,0.10609269
16999,0.12188447
39040,0.0077579264
8297,0.04414228
60159,0.0059523443
73612,0.1874165
91624,0.15922841
58723,0.03606199
17352,0.5691054
23456,0.046937052
102235,0.5394657
83246,0.09042907
14347,0.011203511
28077,0.0043016095
113417,0.020236455
57556,0.053474434
123173,0.011444577
41701,0.5077277
77379,0.050960314
42105,0.29106078
51835,0.065670945
10094,0.046285123
52584,0.19779618
100032,0.46958557
35130,0.07260039
70527,0.08994177
13947,0.4650138
44417,0.7243636
143943,0.0029637404
1719,0.46383104
74486,0.028362727
43627,0.03200847
8570,0.0042730686
127634,0.07754639
65685,0.0035383685
81866,0.666724
116965,0.8192861
134402,0.008537939
41015,0.4907267
66976,0.9482549
127222,0.10384577
35222,0.084554836
42585,0.50092304
139482,0.00083298614
62606,0.065452024
6914,0.12409025
61842,0.03746944
53013,0.7840017
15083,0.0668099
127092,0.22313724
63122,0.022135671
79470,0.021063294
104748,0.0029421118
98189,0.02651102
64828,0.08255849
10616,0.060426626
83824,0.05658034
85756,0.2314448
74298,0.27549642
61238,0.04255936
61101,0.013775735
21976,0.2720563
20825,0.036717907
31121,0.53963
63019,0.80877274
43430,0.86087507
88507,0.0147110615
17304,0.8229316
52540,0.029959992
105215,0.25706032
58729,0.9490884
29292,0.26971403
100740,0.18459868
15697,0.10213643
80751,0.9648028
37562,0.92579997
142254,0.01271411
45745,0.021140214
414,0.033674687
99150,0.058977243
140712,0.85034245
53670,0.011990069
83351,0.12105497
15646,0.3588547
33760,0.006303713
138841,0.5538193
68410,0.3398916
140169,0.007230569
26412,0.028262516
15611,0.43796358
59996,0.48337013
133966,0.008333559
2508,0.012008397
104540,0.015447032
471,0.035001334
71830,0.057240736
86252,0.26906225
40167,0.15462285
122847,0.0055049625
110055,0.09559894
128985,0.081760645
113450,0.07556743
141835,0.36223483
136769,0.8211452
75386,0.061645586
88046,0.32398176
65533,0.0038992872
117105,0.290699
28827,0.0047042514
109715,0.11640213
16435,0.08861197
129417,0.56362957
10360,0.25870484
65274,0.05324993
49277,0.89878666
99536,0.049405467
62827,0.52057314
71356,0.013538713
70770,0.46189162
108431,0.17873012
2277,0.005994457
105064,0.022203086
96934,0.54780334
112759,0.032147393
91398,0.2528264
35155,0.051177286
116497,0.5043677
72441,0.0026142846
124241,0.0154687455
47808,0.26828647
72461,0.00043793558
96080,0.022692746
129814,0.29412177
130478,0.078050695
136592,0.010738368
70384,0.037278462
75430,0.8307296
90696,0.9329139
122822,0.05880302
23968,0.28553662
124383,0.09980653
86708,0.46948317
57267,0.07010016
96223,0.25076213
30496,0.025667565
29817,0.016639264
143631,0.11524723
90423,0.40848783
54452,0.27919185
50634,0.029942349
104457,0.6790364
136299,0.002103247
124092,0.057608835
30311,0.27367127
65503,0.034304917
92365,0.04261898
90495,0.25562748
99151,0.04748526
18107,0.36761886
111756,0.14513095
140037,0.9325789
70523,0.0029702347
29977,0.3089006
40334,0.035952207
100007,0.14128171
47075,0.16997762
74830,0.013697438
53307,0.14140074
119913,0.14738789
123758,0.012649909
42153,0.08861362
60426,0.927059
73408,0.015084916
79033,0.59353304
11920,0.19076812
17995,0.11526925
26495,0.5199389
136168,0.0027275572
81401,0.006873617
5489,0.058866672
60770,0.8871427
143870,0.016021846
120282,0.04558759
140239,0.0017972325
22174,0.06824669
46238,0.39509246
52688,0.8017774
136001,0.16349639
108023,0.24296783
21449,0.004438746
102132,0.5714223
78844,0.09367529
87381,0.15301006
6236,0.028888334
39451,0.031200316
124044,0.031245247
5706,0.03294659
125880,0.059179716
20260,0.04271388
32595,0.046167277
71969,0.05028458
91483,0.030805675
65387,0.020401496
111332,0.58057004
76660,0.015854651
115186,0.047392722
77270,0.15934674
124692,0.33321017
86825,0.5207036
54830,0.06480211
116180,0.07693853
80828,0.0052381335
38461,0.02890613
75162,0.9811875
51312,0.005780567
10809,0.043104075
73519,0.012388976
61343,0.14010431
28717,0.35639128
103735,0.073077075
32793,0.064617984
87272,0.80791163
100090,0.9290848
115728,0.19030176
38418,0.67272645
105735,0.009438037
40896,0.13786943
107378,0.014349218
64437,0.2599862
130045,0.08158849
3060,0.02755064
9695,0.12942347
111367,0.37309536
80296,0.84242654
50012,0.10573637
129559,0.5803619
81738,0.90182245
136379,0.0006387718
57128,0.3019625
11467,0.44769815
113507,0.82604283
70461,0.001300525
4600,0.018407695
70786,0.020938233
143702,0.7920294
95498,0.020369064
82343,0.22805966
49675,0.051838752
64164,0.13230036
122133,0.68018705
69268,0.7010929
76781,0.059078645
73049,0.14218944
51821,0.13697845
67480,0.10242501
135857,0.4343259
40438,0.09864742
47315,0.9331696
57921,0.009115411
110065,0.021475887
118535,0.95742244
87882,0.122177735
49012,0.005300409
131864,0.03647369
9501,0.060235344
88035,0.83155894
34015,0.04282427
75093,0.82618886
51502,0.06841188
125325,0.07115194
30952,0.014745204
57067,0.6869859
74395,0.048587937
118148,0.023580188
142077,0.25881892
124655,0.025492907
4690,0.028487451
54736,0.8594427
144032,0.0029364284
12436,0.07192056
40433,0.046414714
81151,0.61642987
56570,0.1259321
57534,0.08339485
26455,0.027275428
45559,0.08201058
51389,0.13787432
126403,0.06697902
33000,0.69799626
109402,0.26336354
75983,0.2968057
25639,0.032353386
5176,0.031656854
68304,0.21390978
110971,0.19052842
105753,0.21405454
23477,0.102091484
98521,0.020304885
50518,0.025336515
87511,0.033896957
54258,0.020640517
117045,0.004928524
88873,0.022237286
24006,0.09097966
86794,0.010845404
39823,0.35211137
122897,0.008302847
63662,0.30132702
69113,0.40533504
94708,0.12569128
86627,0.4527144
112090,0.028857933
18191,0.051060602
114520,0.45259777
61991,0.088210486
125936,0.03071865
33881,0.74018115
85182,0.067178175
129735,0.9690002
144884,0.014608598
135478,0.10688021
95744,0.085023634
43766,0.09280779
136741,0.0048100404
144723,0.01827192
55226,0.8069318
62857,0.053361584
60203,0.0028572595
140687,0.13074331
27154,0.12825201
105501,0.6507471
145439,0.006140804
128617,0.13055293
99311,0.03607609
47883,0.009297153
75531,0.123773016
9419,0.24742423
1911,0.28376788
123012,0.0021967597
106264,0.037659004
121747,0.9384
22447,0.29319102
65798,0.5710288
111963,0.010322739
117606,0.14098805
14195,0.45556256
90709,0.9338081
6528,0.34497073
46233,0.20379864
9981,0.15538003
78313,0.55413115
9151,0.95882124
42623,0.5137715
12684,0.9494517
118447,0.050611768
6883,0.009118625
81772,0.090311274
91331,0.1873073
90343,0.39907297
9898,0.3478615
119650,0.03757527
132648,0.9247772
69221,0.9296388
107344,0.7629031
47683,0.02511336
53379,0.086441964
53363,0.12337643
44178,0.10175922
29217,0.05963234
77378,0.05062459
91786,0.08523618
83709,0.29145628
23318,0.5644737
106788,0.0074437596
70812,0.0012172457
97897,0.0038285297
48749,0.3259358
31122,0.2942677
70021,0.41184628
121987,0.057220176
125508,0.0346409
125302,0.4217687
7577,0.06733404
85943,0.024612425
43341,0.15878712
55322,0.05437645
98434,0.2644938
83066,0.005667809
39524,0.031054122
39962,0.2832093
99572,0.01334636
116737,0.0014878899
43918,0.04256479
20131,0.08408667
39682,0.13137692
127710,0.5885646
73280,0.010807223
87043,0.2302762
76901,0.4029705
67023,0.056474175
16875,0.078995325
1502,0.009652574
78554,0.052461483
126140,0.13541669
38945,0.02326999
57243,0.9565833
24696,0.8250321
83737,0.9194428
137981,0.24173549
91691,0.42537966
74495,0.014449991
139846,0.13859761
114283,0.62564105
15070,0.046009433
43277,0.9414311
85451,0.95570576
15615,0.2985197
138851,0.0036010477
74055,0.09873475
133677,0.003968244
64604,0.007265979
57416,0.021158379
124416,0.08555197
96088,0.45031837
124849,0.06498272
16515,0.112860374
18392,0.22726397
36298,0.0119097065
1082,0.021578511
59813,0.19330703
58090,0.004605828
48166,0.06363485
70143,0.39416853
80467,0.23420854
82661,0.037388448
142035,0.6648344
93752,0.11986704
134696,0.869077
70852,0.03499888
48090,0.1837466
21011,0.57399297
106483,0.050594438
130766,0.7779354
4711,0.0054335617
76220,0.8625807
92827,0.11493083
83853,0.0457113
6917,0.023962688
12125,0.039502688
60702,0.01492446
6066,0.00052098883
71995,0.083640724
51265,0.29113653
62800,0.034390524
142900,0.0077318824
38835,0.013456458
39950,0.38832492
115320,0.10359822
37700,0.015304206
138434,0.0032102575
129213,0.12548675
62296,0.25416717
45659,0.20835692
112752,0.14601146
66167,0.0047916756
108658,0.97850114
27458,0.028195066
21927,0.5194962
12197,0.0031318467
123065,0.04044687
89801,0.17599167
78826,0.031142917
59641,0.019918429
91232,0.06914972
104076,0.8926242
64564,0.022033805
103992,0.030469425
8122,0.27563214
67289,0.28839034
55294,0.2719139
100408,0.0691775
50079,0.14562024
603,0.009998366
19851,0.08239756
103572,0.026333831
88552,0.26363868
56477,0.054698676
64608,0.07963413
107365,0.0011826217
120522,0.10825996
31151,0.55774945
13625,0.018816965
59136,0.11459889
884,0.024445066
117382,0.0036320726
25120,0.09179551
55937,0.091717385
134398,0.47065383
110011,0.15757416
134650,0.24836697
103619,0.0012804478
56034,0.68469286
119090,0.009472917
97856,0.008348859
77862,0.33876082
129889,0.08393819
28268,0.24872805
39087,0.0059706634
96968,0.8558157
43880,0.0791884
138613,0.0030129736
85710,0.034585014
73727,0.01547513
134321,0.60624385
15084,0.23073396
87854,0.031880967
26777,0.124180995
58222,0.043934923
85859,0.10168425
90489,0.058218908
71431,0.00045927547
50839,0.1572927
59281,0.037363093
99527,0.124388866
115485,0.9554296
84373,0.15299366
14026,0.009246391
78935,0.17744106
73555,0.035690825
20550,0.0095912125
5580,0.06599184
78976,0.29863018
103832,0.014142723
118519,0.03945814
14598,0.24368323
58809,0.09842036
31048,0.86225003
107864,0.011832558
506,0.06575397
82276,0.012012584
122087,0.0060539143
111927,0.8267988
3585,0.09342997
127266,0.046266466
66099,0.39554787
65350,0.1702412
54265,0.10206052
34228,0.6145862
84853,0.07874322
75667,0.09113841
132778,0.3891269
111247,0.31263474
86335,0.09541807
144215,0.19446963
8536,0.29316062
13865,0.032374933
116067,0.06305896
66370,0.13231881
39260,0.46109343
30651,0.5597538
77593,0.9537461
124239,0.18140431
65562,0.48208317
23370,0.064998776
126626,0.03116
21538,0.15952505
14006,0.03577985
131281,0.23689234
47606,0.22162768
53019,0.15227066
85804,0.01361395
132491,0.021283597
113371,0.10878644
1550,0.012870786
69914,0.04751396
57274,0.034059793
58143,0.030204691
50385,0.10715586
125364,0.14404176
137156,0.006449606
99146,0.98992467
87071,0.025511725
144289,0.04491734
2548,0.030670641
7864,0.014548406
19981,0.024605006
7942,0.016082317
60318,0.040983807
63776,0.14861465
78100,0.00317941
130061,0.22890465
42541,0.7427246
12882,0.03978493
40402,0.49093637
139582,0.15902641
63800,0.015177135
138867,0.0046553686
136868,0.98914915
40647,0.429979
84973,0.7109475
145419,0.02449735
72952,0.0818347
22373,0.038132407
75702,0.006164284
136444,0.015263401
14122,0.13585582
2894,0.027167441
82273,0.9004975
107896,0.2385763
14599,0.049894493
2951,0.031727735
28332,0.035168946
101158,0.9279103
90480,0.042558786
128471,0.5325094
86954,0.5163231
23644,0.91245645
70923,0.022877706
11812,0.5406725
69941,0.21208212
26722,0.032898724
88369,0.990995
128113,0.9849199
96047,0.107688315
102605,0.0023484677
72042,0.005248024
82588,0.69552726
89865,0.8367452
108338,0.0048255157
77415,0.12515427
89049,0.97853273
76416,0.009046112
138078,0.0006792147
64677,0.017583983
44540,0.059221353
50524,0.012367949
79005,0.015556488
44474,0.07744056
102992,0.028272655
98923,0.023343522
44140,0.2256091
63460,0.19800524
134849,0.38055912
112154,0.23158324
20446,0.069639325
130775,0.13081223
40472,0.52631027
75384,0.008625504
14487,0.8779436
6947,0.50748074
54266,0.045255885
3366,0.059574302
12271,0.011069847
127445,0.053884834
61794,0.95145345
103328,0.015041075
81753,0.4486011
131683,0.5083187
343,0.0139334565
132576,0.032648925
65135,0.027879205
31684,0.9762254
29903,0.14458498
129022,0.1732906
292,0.30255833
35367,0.024987992
127570,0.06885257
44225,0.14852114
59815,0.5672324
113900,0.7220849
121317,0.019699173
108997,0.12604068
115223,0.0050678784
74026,0.047969796
118874,0.16627617
111817,0.10707522
65167,0.025326714
33722,0.020473793
63509,0.17032799
50950,0.13372335
296,0.8122413
35793,0.4397325
56467,0.0646103
139383,0.16892426
16207,0.37096125
76808,0.24633037
39891,0.02607526
13184,0.09098603
122958,0.3058079
667,0.081919126
89212,0.023513174
39708,0.40035427
11628,0.3602962
4774,0.12642854
82498,0.044345267
90534,0.057599723
3432,0.223423
55638,0.046257623
76932,0.08027788
127205,0.09123753
72891,0.4339967
110851,0.24861205
143358,0.63240564
142738,0.003187616
139462,0.004040992
4736,0.06680071
89421,0.29131687
33012,0.09298612
88193,0.013460751
103150,0.83222944
29121,0.004756669
30934,0.030964697
127624,0.31717435
71962,0.08278601
77965,0.066919155
99596,0.18298681
37593,0.0035625817
138671,0.0028860825
18960,0.9577703
102286,0.7294248
69778,0.096043415
14216,0.020092146
124739,0.6616661
37527,0.40718213
80549,0.07007447
30317,0.26319835
43006,0.058120552
140068,0.53854084
6233,0.099610895
128718,0.9193073
36460,0.15379229
34911,0.20242424
12886,0.008826539
75234,0.51429874
93381,0.5686789
114097,0.6634723
10850,0.25495604
143243,0.014162569
145013,0.0008636729
42963,0.026246013
103142,0.41175172
74857,0.068072975
57681,0.031070715
73827,0.78443336
55529,0.5392602
104240,0.0088010365
83668,0.7963386
35783,0.7893241
144605,0.05627419
116106,0.11191073
37777,0.34249905
128517,0.6197167
40900,0.08364319
91012,0.96996945
67598,0.33339623
138664,0.00048452592
37903,0.013323556
70267,0.5206099
141093,0.04985187
25048,0.024284594
21807,0.16276105
109977,0.6966838
5961,0.18370724
106164,0.39176676
11979,0.2523231
27544,0.57610774
66164,0.1818909
13775,0.0009908539
52817,0.18828069
122229,0.45403177
60876,0.100634366
126997,0.8566689
21322,0.0619904
35882,0.24625313
55876,0.96865493
72946,0.0015904558
106936,0.059189294
55718,0.24309501
80736,0.07959117
37073,0.028047927
56125,0.05508709
56182,0.077946156
41862,0.010329098
6849,0.21848859
20580,0.15575375
86083,0.17555235
31825,0.030966906
64676,0.043209516
111006,0.14797428
41125,0.11689318
141768,0.04045598
122120,0.49859586
6249,0.0048960135
14504,0.53647363
97766,0.72647345
30325,0.051479865
1347,0.7424482
50377,0.014222606
98436,0.10622826
21312,0.75540435
8258,0.061774824
29189,0.014863125
109570,0.41189325
135342,0.20028129
13958,0.020645916
76063,0.020136826
134240,0.92395717
137814,0.00071831583
63244,0.06481834
59622,0.0406989
53432,0.07468212
138534,0.007136408
88086,0.0044612694
42742,0.029538134
21241,0.10886571
127606,0.12092316
19078,0.06578325
135102,0.41560674
37568,0.0018702993
141414,0.81331867
125433,0.3168167
46868,0.13996011
38671,0.0094958665
63317,0.07416856
87466,0.01256221
77557,0.03879572
49398,0.34766
17385,0.8377947
14186,0.0094501525
104710,0.0014724707
26546,0.9308419
68710,0.09377544
39744,0.07007458
13817,0.00705051
96917,0.008715268
32875,0.29179585
109923,0.16094796
14913,0.09227375
110118,0.041021746
19201,0.21370216
122606,0.07842638
73008,0.7409949
96405,0.027543025
24908,0.26451597
12540,0.029543098
35457,0.541161
84221,0.110188894
11460,0.6617113
133162,0.06908859
21360,0.311004
143993,0.538233
135148,0.06408299
79750,0.55103606
33595,0.034172196
12510,0.0046316306
95500,0.02019054
13322,0.0052521406
55097,0.08379038
91086,0.095344864
48085,0.52934945
81506,0.3004593
125162,0.015522226
54376,0.067423046
143204,0.014368749
91668,0.124152794
40108,0.5643533
108507,0.21360716
82823,0.07315829
79355,0.061866906
141866,0.111479245
127736,0.3055558
79188,0.8254001
80986,0.018077075
113349,0.02038552
25015,0.1188845
59951,0.003348373
27117,0.08575946
40351,0.043965418
144237,0.0049096644
60787,0.8872927
135568,0.06790735
51402,0.0976557
40806,0.7779749
142371,0.003604995
50831,0.08116981
135707,0.1115571
63556,0.072805695
14476,0.076511875
120600,0.28077742
6909,0.013912076
42826,0.07735658
50009,0.06956579
51931,0.02464213
2074,0.009105339
116837,0.008598845
133695,0.53325903
60378,0.011979083
90660,0.13749069
36748,0.64847857
58427,0.2126071
109193,0.348296
89516,0.050369482
10842,0.84092814
36874,0.0021406554
91739,0.7234768
85056,0.066490225
116392,0.05356279
130509,0.0625624
140835,0.005860505
141446,0.34213164
66399,0.052313343
32779,0.556934
38134,0.20709902
9595,0.2747709
29319,0.23406921
25771,0.04337408
110309,0.15138863
99919,0.0018001529
86682,0.3181912
72414,0.00269567
97597,0.39836407
38272,0.0009780267
144615,0.026916495
121980,0.5931149
69989,0.17652526
59690,0.026945665
21333,0.048228715
115742,0.02307228
85233,0.7544992
42080,0.299737
96042,0.049225226
27603,0.012559076
7749,0.019271683
43866,0.34784558
79532,0.034785334
86172,0.038949788
92638,0.29402384
102818,0.9809492
53714,0.18344188
128642,0.1530586
12564,0.00073096645
64303,0.00785609
32764,0.42320403
109762,0.8843255
137807,0.008023998
88913,0.2583159
4315,0.042195853
42907,0.06931048
109293,0.5872571
139674,0.52889913
127971,0.11509519
7996,0.009328516
98509,0.02620118
144507,0.057845645
100754,0.876124
127567,0.96041065
11969,0.9372882
8054,0.11009096
113138,0.41214556
120323,0.03347854
124264,0.03315379
60677,0.038927823
39573,0.09766843
62591,0.07514172
38213,0.641034
53083,0.034589346
134112,0.013310198
53200,0.36628297
108404,0.06333631
124379,0.12102527
56408,0.753325
92456,0.19607574
114704,0.018800424
98364,0.120196305
77275,0.86624175
2212,0.022078263
26648,0.7810931
37801,0.39627567
99719,0.2329229
105091,0.13547695
105483,0.024131322
56806,0.6095574
101963,0.025625305
121330,0.27171123
85285,0.989979
5947,0.9552279
85811,0.007982586
9890,0.011218735
99178,0.9680199
25795,0.01724706
43143,0.32504869
76083,0.65756357
131115,0.035312627
90825,0.26485166
39673,0.05039151
97837,0.029662123
61003,0.25744632
69029,0.576317
67702,0.07966412
49706,0.33449736
11083,0.08309951
17903,0.12727359
93066,0.32246768
127256,0.14936784
117483,0.90950346
23434,0.11158423
133813,0.22828296
83977,0.13069771
91487,0.87304115
74612,0.6668046
134191,0.7530662
136960,0.3087628
33172,0.15313171
45652,0.017959245
137229,0.94993347
133832,0.013826416
71986,0.5995107
59219,0.031018848
103806,0.0046440233
35965,0.26104298
125611,0.035197176
20676,0.53259665
123096,0.9480143
73684,0.017386356
93643,0.04674993
6193,0.042032935
36666,0.065723866
27639,0.032488316
134629,0.9241748
62093,0.07938632
7020,0.95298016
10244,0.6758763
6603,0.031567648
72704,0.008136118
87021,0.05024767
133800,0.13507204
45893,0.0069397655
38258,0.7998145
130746,0.3519707
6099,0.025712961
103748,0.04037048
135809,0.30340713
120327,0.058039766
143251,0.008870006
120134,0.001659067
34432,0.10130237
130792,0.011619257
56267,0.05646141
35546,0.030317647
129482,0.1753373
103125,0.007485532
136102,0.030449301
98487,0.11050803
21359,0.77371174
41661,0.3116721
143282,0.13965452
23918,0.08139672
80377,0.022296583
70951,0.23575568
114419,0.13605332
110782,0.17649136
13309,0.0038673936
71611,0.02868818
78216,0.4039703
83044,0.017039455
55677,0.2767378
112212,0.31628135
58420,0.58840626
67534,0.05836075
127972,0.095968015
102491,0.9081482
10758,0.2372742
131599,0.040966053
28566,0.34966022
2539,0.012346563
114543,0.043635797
144545,0.1790327
126452,0.7477397
28257,0.95629454
15115,0.4036149
128150,0.0442854
18365,0.6821281
110954,0.029876838
79474,0.120555796
105372,0.01869142
77748,0.07158809
40102,0.19939251
107811,0.051284842
20592,0.88623625
140881,0.0011106113
12482,0.005765719
50275,0.66130805
121026,0.20004976
7352,0.011719815
140159,0.00093389064
125718,0.13132183
58464,0.010455545
89673,0.092353895
129873,0.030866325
113800,0.03803024
126604,0.31867996
29479,0.011004055
47491,0.16607943
80684,0.016118081
35006,0.011502027
63563,0.119558364
29965,0.050072953
10215,0.04144987
16843,0.055186927
97108,0.22701295
143003,0.1657235
58346,0.32244807
79493,0.456654
3508,0.024615623
42627,0.68590224
51302,0.13623896
47249,0.076689154
115540,0.8698666
103463,0.3937509
39446,0.25628603
138170,0.006374298
102531,0.0043855435
79935,0.2051168
61058,0.0067785867
142963,0.59912485
137821,0.0030078744
105533,0.30803066
62726,0.11458049
84636,0.54567087
94821,0.09699379
26542,0.050149735
626,0.9822863
112463,0.90220886
35048,0.18580005
6553,0.0054185595
83831,0.37445357
106203,0.06391931
56028,0.12236511
88932,0.9046015
7443,0.0037079186
31155,0.36941743
131262,0.2665163
47900,0.020866798
32582,0.23537038
24813,0.041689787
69149,0.12631488
107266,0.07803973
22694,0.28967345
75772,0.13269925
135827,0.09445286
32169,0.06644324
42275,0.053175166
62820,0.39913875
81559,0.3873479
127013,0.8481661
45756,0.019399619
8106,0.03437096
40779,0.025168449
96507,0.0017944545
18354,0.13014771
25098,0.056580935
38572,0.0022176155
52333,0.05431953
80932,0.055867463
11779,0.53624094
73888,0.35558563
10913,0.9900232
133585,0.016023614
93782,0.021016205
142536,0.023690844
63737,0.08995067
97892,0.034644403
57602,0.07101435
39167,0.9874582
97206,0.05534981
44458,0.01661353
134750,0.233039
32063,0.9629602
144031,0.023900498
57538,0.020633265
105698,0.023312923
59197,0.042996757
32456,0.025440611
106664,0.0015195763
48118,0.019694509
64765,0.24365962
99078,0.033573046
42362,0.095972665
34653,0.8420167
131289,0.054898176
140557,0.029254368
14036,0.00791693
89841,0.8148978
132631,0.027003279
119454,0.5822983
9721,0.49092227
50753,0.24005033
32739,0.0023005174
62208,0.338671
114033,0.107468165
78625,0.17355971
72616,0.03332035
17437,0.30967006
112396,0.016826611
56180,0.050678987
67912,0.13446884
138660,0.0010116093
97088,0.56124
130696,0.008615402
101849,0.39110118
68393,0.09029341
10202,0.9047755
83790,0.08857035
62444,0.4354812
86869,0.008802826
74317,0.09777465
78128,0.035738204
68653,0.07937007
20561,0.14926502
17902,0.0839685
135026,0.28725293
112850,0.0074505587
136784,0.11886417
52519,0.15533058
88773,0.03452201
113445,0.34272167
88650,0.9825723
114439,0.35840967
38807,0.14442773
75573,0.67051494
77471,0.17664413
14331,0.021949308
80161,0.013511241
61912,0.13302094
88102,0.008689416
39619,0.11443403
77549,0.47288162
6092,0.034622815
105459,0.013891447
134390,0.59777653
40207,0.2586409
5419,0.031536337
24853,0.03453465
1771,0.2015934
124182,0.0047929967
67537,0.03820614
102104,0.02132109
81039,0.1620198
38411,0.3228381
55511,0.013380959
134260,0.43049046
48601,0.17199077
2232,0.022040008
111434,0.4512936
102150,0.80098534
58321,0.055137187
71277,0.94387186
79575,0.7624806
106515,0.002125763
101354,0.4372778
77462,0.0072267125
89265,0.07623218
123195,0.02607006
19730,0.070991345
88317,0.83328784
9987,0.66697705
10294,0.06727636
85881,0.54685426
59437,0.17707765
79823,0.088570565
8036,0.08159464
110186,0.793282
96119,0.13541849
107153,0.004470644
143784,0.4464909
50146,0.37068862
21935,0.12115727
10408,0.930325
42615,0.1666233
134881,0.03933317
8341,0.035890266
109049,0.42287984
121763,0.15460469
121542,0.12523001
67707,0.08440702
32313,0.3076133
135930,0.1546926
85288,0.47755164
74076,0.4300144
93742,0.029842312
61797,0.04134246
90164,0.17482091
7769,0.009806497
12404,0.0018986894
29560,0.14783368
120656,0.9368114
64453,0.22810338
93648,0.24650887
59554,0.067318425
140752,0.85463333
80045,0.22089356
125264,0.1994134
100595,0.8030058
50174,0.012452515
130435,0.1836653
95725,0.047141045
42881,0.042405743
11786,0.11379739
2972,0.02196619
93323,0.9897921
25604,0.415636
99228,0.99001884
103601,0.046944294
86186,0.024278294
77578,0.56349075
119699,0.034415808
32222,0.15108559
68315,0.101456
134238,0.4388778
66614,0.063215554
52408,0.1852485
96519,0.010205793
111029,0.011843764
94252,0.027445478
137686,0.0036233687
141170,0.2389558
66978,0.0477606
108368,0.44067192
124310,0.02737113
78238,0.6011027
8319,0.45705318
105848,0.060547087
112153,0.4848746
88330,0.9909751
55167,0.15500993
54061,0.09747735
107560,0.008026761
128437,0.25057304
52940,0.04821691
41156,0.03018868
9992,0.7487468
67000,0.05030101
12002,0.43993455
137658,0.002067559
107412,0.014549896
33468,0.09949505
42619,0.824719
117608,0.08601592
1186,0.07447196
47911,0.15572187
36988,0.32962036
96801,0.04395227
79308,0.07848008
47088,0.029145103
94830,0.011418872
91334,0.1534143
95335,0.014556879
25101,0.06455447
106048,0.0058846683
76260,0.7816682
112194,0.1066372
72222,0.1615839
105664,0.0023566675
4595,0.046689004
71929,0.5479346
76623,0.6321362
56416,0.9360755
115003,0.0045783455
104056,0.34396762
99541,0.7254782
131350,0.16201213
84444,0.01566287
84199,0.44699535
35067,0.5047601
17202,0.47293085
75473,0.6348863
114554,0.24100088
61741,0.8991313
125958,0.019483037
37605,0.047679804
97868,0.06679248
111428,0.21634085
25229,0.31007543
94886,0.038086727
69787,0.21827562
109927,0.13041687
35686,0.116779804
122714,0.0068214666
65287,0.072442286
44027,0.06951765
41181,0.68639314
10791,0.13185622
71608,0.00872481
81019,0.041406717
99981,0.001409106
81696,0.13640231
93328,0.8585195
71427,0.0063230647
115041,0.009446439
82937,0.1174582
49101,0.03846652
106762,0.0040071327
143555,0.01169199
29507,0.30510643
75099,0.03845129
142207,0.80955225
135077,0.019882005
120661,0.99018306
79124,0.04118516
48359,0.17133044
59538,0.15761212
34376,0.085008614
66871,0.18389654
68776,0.025940996
26128,0.08244186
84782,0.01157026
97071,0.03554417
53416,0.08052268
114998,0.0016707607
42549,0.19784439
129027,0.0676519
87840,0.5980309
62712,0.7044765
35061,0.18740818
70529,0.12790936
42854,0.9616615
120983,0.6218484
119238,0.83751005
82091,0.09603728
41295,0.23378037
53719,0.11745553
17793,0.4585379
28493,0.16866912
133103,0.013805663
116,0.04046053
86537,0.0032482645
130115,0.7416529
113591,0.10487201
111174,0.14294924
113564,0.020017805
127272,0.041438874
92761,0.8890042
2328,0.27088678
61132,0.23747842
78989,0.06092
43830,0.81581694
30377,0.019749546
74794,0.013315464
49537,0.1074882
52309,0.30114534
1577,0.008834285
129903,0.014976122
29033,0.032988023
26421,0.15917836
117274,0.40327558
7764,0.117883995
116697,0.015899712
118484,0.1896677
37522,0.004693351
124393,0.04997626
6729,0.04716776
37101,0.004309435
1946,0.66865647
126854,0.33343366
106014,0.32662407
76716,0.01752483
20984,0.27522656
107848,0.027949072
140067,0.9709415
23547,0.16394688
87338,0.7356247
38432,0.12567085
92945,0.02067235
97107,0.8948112
22686,0.08587709
3879,0.011676726
4576,0.15247992
83110,0.1258313
79046,0.060996234
83925,0.0105128735
123888,0.026095921
94292,0.033468742
14062,0.0066334857
145451,0.0036091497
43135,0.4025651
62499,0.7975057
101253,0.1211941
113406,0.011637506
141429,0.85257316
9182,0.17395617
79273,0.16891794
88864,0.13586631
76839,0.9963955
76018,0.04140093
95802,0.22866476
78113,0.5921449
82565,0.8358199
105209,0.12636532
127681,0.736358
48885,0.21205756
117662,0.018845601
118296,0.0053662118
66542,0.4315479
35041,0.058840364
41551,0.09723364
12733,0.005548938
116894,0.9513795
133528,0.82517135
53288,0.09585005
82191,0.36311448
60196,0.13581209
8139,0.0011446052
64161,0.07887848
65576,0.14151385
96870,0.16798548
115046,0.02732498
72886,0.005396187
907,0.029801304
118284,0.003286241
7142,0.9678468
95163,0.11972414
49469,0.3075569
75671,0.002130564
64283,0.01956665
56305,0.054563656
11181,0.57966304
32983,0.8865726
103220,0.980738
83937,0.05481692
66531,0.024708752
41881,0.09930889
138865,0.009409856
13431,0.02291884
38535,0.09297805
124174,0.021929596
26052,0.14658223
3739,0.7813205
130330,0.09943167
37602,0.6865366
141548,0.47756484
104342,0.011590187
14400,0.0025711628
55251,0.038129214
105027,0.00066893466
119808,0.27079427
96578,0.5102405
111331,0.86181456
111701,0.71843535
53111,0.11629637
4666,0.008804095
10214,0.16087638
41279,0.3135041
137237,0.0069549307
92724,0.4064856
21863,0.28567144
97443,0.019049268
68772,0.162365
118656,0.0019732267
121737,0.8276534
95987,0.056539156
28400,0.9240968
102609,0.0016623994
103160,0.013716377
125766,0.11725491
17934,0.17934057
49786,0.22854272
55337,0.06849773
137929,0.0018741301
75752,0.7398697
50281,0.039860595
130489,0.4246967
24685,0.029891422
64816,0.08180537
12917,0.11704751
37091,0.011734249
25731,0.05990775
68314,0.28777036
50475,0.02212448
17498,0.2598001
65024,0.83318
53041,0.4878008
12356,0.007216693
130094,0.08708242
124056,0.5465331
117907,0.04441516
101603,0.04567264
42519,0.2889482
124212,0.047201578
44422,0.12730196
60493,0.12953779
127431,0.5763205
27718,0.10482327
78240,0.8720232
70448,0.002096243
101502,0.28411475
133191,0.019899793
62952,0.019367559
29241,0.47319448
32026,0.84319806
4557,0.02334498
107786,0.007308653
35552,0.041079644
112054,0.04900678
3581,0.27490783
839,0.17262106
114339,0.21669315
61826,0.7276318
3485,0.082080536
31597,0.49273846
137343,0.0072615063
24338,0.25521815
54034,0.10964433
65994,0.09675508
503,0.010298619
45471,0.27915126
1048,0.14905326
57533,0.17326075
115686,0.19231968
9299,0.39671025
52579,0.106235504
116410,0.008747451
39047,0.0033452874
54551,0.06913887
11567,0.120314665
44705,0.5372401
13254,0.01784166
36250,0.028066298
101783,0.0044211755
80492,0.0034935009
82047,0.0068399156
16189,0.12784517
100753,0.7645484
15845,0.13463356
113228,0.72775805
82996,0.10719236
30998,0.061019454
6058,0.00079660275
135980,0.07450358
23054,0.307954
30844,0.014585182
128442,0.9405645
126501,0.46924308
69297,0.42138883
132295,0.015906332
35057,0.14034441
67708,0.64749676
32671,0.22688642
34942,0.39835966
19462,0.24798511
37985,0.024319388
37939,0.014933983
26228,0.014873141
24180,0.30644742
12879,0.2563472
21593,0.10789807
13767,0.03138372
94796,0.00513266
133346,0.051419556
66696,0.012435638
5563,0.03210049
133594,0.80185497
13494,0.9472104
76747,0.020028602
114261,0.26572266
131270,0.6450368
8691,0.9073975
113145,0.05070331
35727,0.15177366
60831,0.018453825
133418,0.12112993
57897,0.060348496
6410,0.5570476
52703,0.24263634
136750,0.0016064676
64099,0.13823949
42634,0.39848843
8290,0.5258271
305,0.3161953
107481,0.0084866835
103152,0.0691229
113278,0.040675897
143655,0.12093714
10289,0.12937832
86739,0.3791589
22343,0.9398495
54483,0.13666831
132640,0.0032111043
105992,0.043122496
35468,0.010434112
70906,0.44950894
74545,0.045500018
108673,0.11891925
33583,0.63281095
96314,0.019661164
29711,0.15398102
128369,0.6907263
18286,0.87203366
12587,0.33819157
82979,0.88665503
82194,0.22655831
60249,0.2265271
72244,0.03253052
130582,0.4377957
121195,0.011113661
56284,0.021479566
90282,0.14546975
11889,0.21319006
70873,0.014379652
38727,0.52147627
60464,0.051609114
70813,0.0017931944
32530,0.03557654
125604,0.1268155
135000,0.029579567
27264,0.06282831
113204,0.8343717
96420,0.01304487
25044,0.05751659
93619,0.0040281923
110257,0.09936352
64623,0.7717778
56281,0.29137918
80105,0.5753862
133779,0.3395899
73233,0.030304229
122980,0.067100406
82711,0.012495024
116908,0.7970757
130211,0.01600226
76242,0.8921012
101855,0.055395786
104962,0.35039517
5373,0.06792019
131751,0.3260095
13135,0.007476585
121461,0.15267226
19026,0.05438763
119666,0.003758305
136383,0.0014456379
45091,0.2506366
109794,0.58686256
114402,0.1134316
25962,0.055656947
97320,0.040856283
1080,0.021856751
9493,0.92306817
117392,0.010005765
27708,0.06089696
48643,0.051263057
44920,0.17561083
28057,0.0568125
77643,0.55993104
73756,0.06789538
120011,0.007803208
141834,0.6603729
49647,0.7144987
143448,0.038420495
64974,0.04431652
2939,0.09073026
134896,0.03732795
88523,0.02542539
128880,0.35586205
106334,0.064019
119024,0.0048364783
117320,0.40522864
136714,0.017252242
46156,0.16273998
32014,0.21893921
3074,0.079180405
122977,0.01064005
14556,0.52248055
65716,0.46458098
132653,0.18412703
118194,0.010472693
4551,0.018472213
122187,0.0015733893
131326,0.119521804
13505,0.007901854
73660,0.029780112
119919,0.9233992
76896,0.99752444
33721,0.016197763
121536,0.035962213
37126,0.14924407
80551,0.012975327
53088,0.073637016
69634,0.29602224
22089,0.73466855
16931,0.8488853
69421,0.62381214
144720,0.02458978
82778,0.03320792
32073,0.74289924
15178,0.15718602
144026,0.0089736795
62995,0.09149298
88044,0.30194953
140648,0.025056057
14038,0.04233239
131227,0.072880276
120705,0.031268578
56368,0.7128538
105282,0.34260663
125602,0.88949704
65609,0.14037128
135888,0.031680517
60181,0.3555183
103915,0.016261397
51241,0.013081307
89125,0.49851987
79724,0.0016851319
69990,0.25288877
70958,0.08496447
117561,0.3072953
2092,0.17135261
74642,0.98393875
107391,0.08339802
73220,0.014881136
18693,0.124748915
91724,0.4711726
32003,0.55992967
71762,0.0017563249
60206,0.05269982
89964,0.54529536
52679,0.15144289
41345,0.018857626
124446,0.041685168
141852,0.21078531
55934,0.15525126
42948,0.04197906
41008,0.39266825
46045,0.005063896
45359,0.8038516
15696,0.10208337
134766,0.7843359
7787,0.032134023
87938,0.379327
80872,0.3617115
76728,0.018575156
13506,0.010137003
53546,0.8688473
85792,0.11636725
105423,0.77546346
127402,0.051517483
50381,0.09118906
81313,0.00520407
80532,0.022171246
761,0.14707603
21598,0.2659211
70814,0.0012225122
44612,0.19858678
89226,0.039276227
141886,0.96740985
105883,0.026537983
50927,0.023546841
139971,0.12734513
13140,0.21652631
109407,0.16808507
91810,0.06852416
145048,0.042535115
30547,0.054563243
135863,0.34223104
106444,0.25403196
69322,0.08710676
120229,0.13156557
28313,0.09382328
96658,0.15928093
94612,0.014325087
6771,0.0035549353
124334,0.053472314
113876,0.40334415
32462,0.01874494
116151,0.1708167
47794,0.26126486
135581,0.08532766
33116,0.029798277
45502,0.10533623
11133,0.67476225
19592,0.15783386
53838,0.048475556
97524,0.033677902
4928,0.09560229
22156,0.7014893
102582,0.016783044
74460,0.8077231
29762,0.04931636
135492,0.22020382
89204,0.04629968
77806,0.14204669
105422,0.9299297
134164,0.41383803
36690,0.1253791
144283,0.033995863
94187,0.0063953227
31459,0.08874135
69331,0.5337478
2801,0.08833897
103155,0.96787035
62563,0.0042906925
49658,0.10753454
29936,0.4249108
6848,0.5681474
27170,0.043736618
74155,0.12307848
34976,0.059910715
49165,0.028031066
85004,0.04308715
121927,0.00829058
43894,0.062697105
3993,0.082892954
28562,0.019796005
71088,0.47955257
87077,0.07834454
128445,0.54953605
60882,0.10791283
68932,0.06281661
94078,0.67864937
91226,0.054401122
97590,0.0067822407
96750,0.5629871
42709,0.039255306
134090,0.008885571
128242,0.08816229
42368,0.12334296
41272,0.2655855
85570,0.42065635
105160,0.1460344
79716,0.25082394
112526,0.8317989
88995,0.955295
127144,0.1313777
38754,0.023648376
10632,0.07693563
31686,0.7836781
8364,0.024268717
106848,0.025621658
100596,0.6348176
1089,0.19014141
77447,0.012703102
24506,0.32581943
34638,0.048780594
114964,0.0019671267
37619,0.052188866
128643,0.18716842
99104,0.6503836
23851,0.44473404
138385,0.044602253
49629,0.3202323
71373,0.3063753
127565,0.09956394
37519,0.0014892132
132667,0.17578244
5546,0.043814402
126049,0.066049024
110604,0.22466624
119840,0.0012213605
96179,0.577707
67770,0.09377274
41318,0.15637586
27919,0.026896918
16884,0.03338459
123449,0.028604507
76371,0.023328792
121004,0.1122217
100099,0.28724664
129053,0.10805122
45403,0.03983928
32167,0.12744008
67963,0.8787692
11027,0.15521747
32283,0.83328205
799,0.014799571
107441,0.060962234
53322,0.5051342
40147,0.2442075
67041,0.04278487
82777,0.0059766294
26225,0.102380425
122874,0.026703706
42248,0.07833073
82473,0.7148858
106631,0.0054338966
45845,0.0699455
144866,0.09683243
55126,0.020033872
44314,0.05382799
89835,0.28626907
78326,0.2707159
109698,0.019296275
131690,0.48766452
119738,0.007543899
50631,0.012894981
115598,0.021005068
54129,0.08199257
53005,0.3201949
473,0.082458556
17412,0.33473244
76593,0.8961872
57344,0.30893287
63927,0.91404575
63006,0.2423019
12402,0.011390164
104008,0.02107963
39903,0.39738616
96920,0.2668068
142142,0.2758026
108674,0.03387838
5985,0.07352005
81529,0.027943471
5837,0.059900213
70740,0.0013709102
122146,0.006143837
112999,0.12085311
23871,0.097128585
11098,0.16700901
139353,0.80752146
47226,0.30471736
29637,0.43483296
48904,0.01735072
73752,0.20946494
141956,0.20458117
139823,0.0020100868
64013,0.6405012
136666,0.0057008015
18322,0.48920995
20398,0.040483825
50680,0.052678507
113424,0.079728946
123689,0.03374138
53516,0.021358564
80504,0.65974814
15947,0.09187105
37177,0.013683851
122065,0.8628992
135876,0.10543898
65146,0.06428366
51463,0.7678453
17270,0.27932158
43804,0.013567394
101145,0.98258036
37599,0.0032858222
101211,0.9927362
121887,0.07929787
37528,0.025211656
128415,0.8711594
114031,0.09662955
15154,0.25840154
87146,0.032601
53248,0.06784965
10108,0.034735296
87265,0.8701547
48784,0.28025055
25544,0.94581884
65399,0.1777408
88774,0.12452284
32047,0.10726147
143705,0.6159848
55958,0.053322744
57496,0.060584225
45158,0.5543643
42796,0.023448607
26651,0.31166852
105402,0.003144686
4005,0.026552958
46961,0.08206747
37264,0.060470257
126567,0.14482059
39501,0.941316
30350,0.5152071
96310,0.014396132
8600,0.010551788
105480,0.0047751046
24546,0.11793308
26538,0.0038795185
106766,0.008893183
65811,0.8693296
120894,0.0031541232
3216,0.08191459
19292,0.20028628
93311,0.36713782
69598,0.26943085
108390,0.3720337
102753,0.23804347
79419,0.02042001
88572,0.14484994
79820,0.10015464
99419,0.062988885
73773,0.003467982
101071,0.26043835
138987,0.001931631
100692,0.80197793
12782,0.6505127
123497,0.010124699
127317,0.44672447
131174,0.0240282
20698,0.708737
49553,0.1269525
126508,0.3780181
111580,0.48438945
77055,0.34372848
85282,0.41633847
75808,0.3848669
112542,0.54259753
110879,0.01408976
130764,0.901172
126001,0.052031167
32453,0.10433526
126314,0.0974694
70563,0.01807595
73909,0.022311453
63813,0.03840436
74930,0.06456324
76868,0.11899806
126394,0.1757281
127809,0.47882888
15984,0.12187566
32006,0.07639352
44796,0.73527277
35567,0.26629838
46392,0.08778735
61255,0.97049093
66463,0.07885868
97654,0.030112678
140174,0.0071597304
23233,0.20680717
17713,0.2135108
109917,0.25262773
31562,0.0045111524
33562,0.34376904
109856,0.77799356
53904,0.559964
77087,0.005254308
85120,0.20241268
68001,0.6423744
105869,0.008012619
119902,0.80306816
12724,0.0056120614
70407,0.0018081255
19182,0.036979772
28416,0.024643557
73708,0.010052895
35623,0.09818981
81091,0.34945142
96900,0.020544281
66911,0.9865469
55805,0.37095445
4148,0.8861508
91549,0.06600948
27830,0.1073257
53808,0.15848306
19768,0.13773808
7696,0.17490411
79682,0.023153724
64342,0.0036325126
7844,0.028932683
56680,0.115812205
53183,0.6875011
70994,0.12029018
31010,0.020550068
46061,0.0978538
9999,0.38486838
96618,0.86800104
10826,0.04972548
105245,0.07051514
34044,0.1441053
46160,0.35178232
101168,0.798142
82292,0.9819541
122756,0.0144969905
63065,0.14273126
17410,0.597403
3803,0.063712664
131154,0.065440975
40691,0.06314991
92128,0.05637391
75897,0.7503376
90770,0.031845585
74325,0.2481401
24238,0.048916202
117120,0.0029073555
37415,0.58423835
37326,0.05776158
139728,0.36048418
32423,0.065367505
31124,0.032811806
109648,0.2441395
31382,0.027407683
65794,0.33415085
127959,0.04145979
88312,0.4828675
54624,0.16885218
74536,0.0131225865
33032,0.012766927
33724,0.0753901
78336,0.04426372
83023,0.17010888
115241,0.0023720756
103131,0.60915846
43709,0.48174444
51277,0.20281819
139539,0.07538112
84547,0.42819077
37696,0.0011783331
3016,0.002467652
99950,0.030480457
75555,0.62951565
135785,0.07027125
104260,0.070486285
16982,0.25069273
91547,0.028875675
18691,0.37211844
86605,0.76788133
106775,0.023118585
123407,0.13681556
125297,0.22638619
89831,0.3293407
94159,0.0012593397
92024,0.105248116
21612,0.65044266
20154,0.016100638
7048,0.077441245
108336,0.016032428
55288,0.5058529
5105,0.151118
96305,0.008288983
22088,0.14117187
101075,0.14808424
22995,0.06831033
22900,0.11211307
47057,0.12566905
121595,0.0021174045
112137,0.014589747
34992,0.04372643
79662,0.26827163
91295,0.12861761
141431,0.5739195
132173,0.029312441
44993,0.04415237
78508,0.043100905
107689,0.00065714866
54142,0.03571553
89224,0.081929095
75743,0.08898332
111884,0.1074841
41579,0.07939077
57489,0.071568586
89254,0.18570422
105067,0.0057269763
62096,0.11738815
1967,0.06475131
117768,0.14633995
74154,0.101392835
68837,0.5679367
82956,0.22767659
120852,0.10963375
5685,0.052412584
68751,0.07546943
116500,0.78887725
124748,0.30765495
92336,0.16382445
119938,0.022477584
6466,0.012830283
107764,0.0018754596
55048,0.5497519
107589,0.0054265186
45862,0.9518624
48283,0.8971956
27879,0.068278044
27499,0.0467535
114409,0.011715376
45122,0.260422
132938,0.037647616
131788,0.0067725023
123985,0.1647656
87085,0.1426735
76542,0.011945341
24764,0.04403907
83755,0.9887511
126070,0.051286235
82869,0.14453262
52843,0.094265334
131821,0.04463147
99550,0.19769578
111344,0.94917923
120609,0.007606712
132705,0.16946079
78918,0.9884793
79333,0.034355026
20895,0.045578435
96925,0.008170167
12457,0.019057214
144143,0.014825672
127531,0.25516868
117563,0.028679444
120736,0.0013149544
120476,0.00044647834
19752,0.07416093
34894,0.15687068
72936,0.01613609
132957,0.006626774
58951,0.15652168
81766,0.02180826
4146,0.4174245
106667,0.009792671
119601,0.020063967
59696,0.69113064
3837,0.053618256
16250,0.24724367
21836,0.60367286
125755,0.92526656
63163,0.53168947
127472,0.3674881
69794,0.41690645
98657,0.019146627
46620,0.0065435288
63658,0.038919874
121410,0.93521005
87930,0.2196361
80428,0.003657286
6701,0.51262516
55488,0.077031866
76921,0.3329112
95975,0.7573498
48692,0.118328445
108047,0.039398834
93819,0.022282077
76366,0.100949615
102576,0.055051293
33904,0.00418683
144976,0.003717288
91860,0.04740382
11119,0.45227146
119131,0.4190277
96938,0.028996266
105821,0.38033217
60112,0.09182686
81988,0.0015265726
86544,0.07891086
22956,0.08777815
126288,0.09295642
106859,0.0707621
89177,0.50733215
79488,0.048225775
34439,0.55176175
115710,0.009453331
45646,0.010032903
51011,0.030278072
2144,0.29856804
124724,0.05265262
111000,0.16057135
75492,0.32235405
49322,0.41578543
100612,0.017098214
72580,0.0042230547
75368,0.026725618
50463,0.09424926
29420,0.9294441
16267,0.090453945
121010,0.65115595
106683,0.052213535
16517,0.1609307
68520,0.06671216
51186,0.1399231
91826,0.787252
15902,0.06381676
127927,0.9703289
21430,0.58373934
5996,0.08824604
90194,0.11242963
28409,0.007062127
67155,0.033740744
107532,0.013046725
115985,0.0044048466
75636,0.5158651
29414,0.055850003
127264,0.18230982
79610,0.010752967
133900,0.057486597
44026,0.1263804
97865,0.03111424
29386,0.023191486
90923,0.21112135
72553,0.030717628
119336,0.021497829
93626,0.15845104
87590,0.21315531
21274,0.2249014
64975,0.021699479
26154,0.055551186
307,0.4880087
72168,0.004907089
7133,0.019290429
135427,0.14891411
52249,0.14105763
105004,0.078503534
75868,0.50260943
25831,0.03630295
29846,0.04307173
82983,0.0368528
43933,0.023149082
11651,0.10220618
7868,0.05009618
56768,0.6722018
114765,0.19988391
61465,0.02102405
56198,0.075548865
85922,0.13338226
101129,0.17359035
110698,0.007772718
38627,0.0148896165
107851,0.026397612
108326,0.012265722
18419,0.053388532
56618,0.118777126
136701,0.5132395
67857,0.163136
83413,0.040286187
79683,0.046541825
59640,0.0096294675
126051,0.09956754
33262,0.07952053
126983,0.3056207
102361,0.076387666
88128,0.28963855
141290,0.03671032
121616,0.037045296
52406,0.18903738
77410,0.2694174
138759,0.020155555
60320,0.09295878
77400,0.23220962
57217,0.28419423
106640,0.0142858215
141376,0.48952642
29007,0.19768526
31541,0.79127425
142976,0.6035912
52139,0.11280073
59780,0.4762184
118137,0.4040429
28666,0.14259075
4739,0.43703067
40156,0.20228389
78281,0.0042901672
80066,0.47104058
99359,0.07207676
138341,0.006159562
82849,0.3101598
71607,0.022962056
103870,0.3235734
39250,0.6942445
60463,0.09755742
126232,0.036642846
56824,0.061095737
97041,0.05889001
73011,0.037099164
142807,0.001231756
61345,0.12059889
126378,0.07559394
15246,0.48600265
62040,0.7709886
18613,0.041368578
111214,0.92276204
45397,0.43673334
60054,0.19273727
136007,0.53911835
176,0.31331742
70485,0.004516601
82554,0.2721958
138690,0.054414492
111648,0.036970023
10610,0.34388563
120480,0.18656322
34706,0.10221808
103419,0.035203096
21193,0.071391694
119227,0.37054297
47809,0.23326099
144393,0.019610494
92652,0.016762927
109077,0.3336633
41887,0.9531325
49459,0.040438812
137964,0.009268162
2106,0.24562867
21791,0.4372872
101280,0.0042151776
71006,0.059698556
26149,0.057821415
123909,0.0631917
134768,0.025588697
99639,0.3120332
97173,0.037013806
83613,0.94940656
59162,0.016641473
7341,0.025770476
88342,0.19235227
94376,0.043038137
71512,0.00077148585
11602,0.47183946
24654,0.0758814
132547,0.020897672
55950,0.018016877
93468,0.007842974
122602,0.030897569
133213,0.0033805766
102496,0.31094405
21758,0.8201868
144278,0.09007789
73836,0.03398206
23156,0.030068392
118402,0.0043624486
50719,0.053026676
75916,0.026604157
130986,0.34717163
13492,0.14259578
80041,0.005655144
53644,0.28127247
59643,0.03757271
9790,0.13239928
7330,0.009828914
123548,0.9084322
87812,0.014015396
23945,0.03628602
27859,0.022123154
31004,0.02390616
78415,0.014025594
55896,0.3000617
1264,0.5888057
86387,0.22113173
91074,0.18314025
40211,0.26070574
102398,0.10987236
15836,0.115972355
65104,0.3849354
81707,0.5326879
8564,0.0019839297
6298,0.114924885
88147,0.37376365
143962,0.16451591
94170,0.013325004
103434,0.060366318
57885,0.3903174
90356,0.07920386
44597,0.036872447
50867,0.037608586
128707,0.4845948
26719,0.089681506
32411,0.11815303
89657,0.12931685
99375,0.14912006
29353,0.053793587
16607,0.25968814
61533,0.5315811
20415,0.09458102
44433,0.21757235
44315,0.22718579
84820,0.32162216
55549,0.3681936
137530,0.0011079136
98259,0.045645904
56087,0.102958776
93895,0.00059735443
41178,0.066579215
40238,0.9406029
57065,0.11613246
140556,0.011181821
21338,0.86376834
90201,0.88308203
105707,0.04100678
84051,0.015938243
56982,0.9192383
37106,0.5976611
30391,0.012078057
143565,0.04713297
107126,0.041023724
116430,0.012916015
103944,0.006420521
28178,0.60585785
116294,0.0034815806
27301,0.034774095
36806,0.20437716
89194,0.9151315
49472,0.19126146
31963,0.31642944
133140,0.2181016
79449,0.04248271
138707,0.0045981808
11251,0.7670272
90723,0.17142715
84397,0.08591004
143267,0.056206234
125254,0.009122697
17736,0.12140115
74620,0.7181723
143344,0.06506996
15139,0.025820121
2842,0.011882052
126514,0.10285871
12899,0.035176206
94795,0.057636075
81088,0.04637861
58616,0.08165608
62142,0.26600593
55106,0.1375224
104294,0.017111499
35415,0.45511693
103776,0.026986767
118468,0.29803607
13292,0.0739881
18433,0.07264204
81838,0.08827104
27369,0.01923693
26059,0.15244552
37331,0.1962945
40774,0.031642072
111480,0.2237927
5300,0.04556627
112132,0.08770345
75064,0.27016103
67630,0.40785342
129551,0.6323503
66371,0.4792824
34749,0.6013875
2828,0.021569513
76666,0.02216356
133995,0.0127832955
67342,0.42174757
101677,0.05493556
94278,0.004812675
15108,0.16688508
50056,0.5079985
27976,0.78122425
101060,0.12212952
133722,0.2850422
16996,0.22796568
134689,0.010651722
124493,0.016705848
110930,0.09810816
8406,0.0045514298
113634,0.026745427
115747,0.01036129
83130,0.025112893
2112,0.14009638
43863,0.027134035
2114,0.012539198
44230,0.25962976
76837,0.4171705
103576,0.70941234
138593,0.011718092
94128,0.769613
66408,0.9295045
8181,0.0065232194
49245,0.108464636
103724,0.0034888908
50428,0.06645871
137003,0.0012400304
86742,0.16011664
48435,0.030151831
142356,0.004567785
103818,0.15066168
19773,0.1012963
24139,0.6759321
49423,0.050095182
9617,0.66665787
77868,0.04091143
121236,0.02001917
37248,0.20160082
80611,0.106803395
4288,0.0914716
56104,0.97597504
2652,0.015211055
97918,0.009638727
91204,0.74079823
91847,0.022945737
1106,0.01778587
21398,0.09222907
143726,0.8266034
27086,0.13031338
429,0.051184613
35747,0.12208412
85023,0.014517749
69997,0.80724305
21588,0.23361084
54895,0.099812485
142275,0.0055444906
124273,0.06941637
126776,0.041522183
19779,0.014249741
53685,0.20371957
116091,0.014297476
120955,0.004533727
59953,0.029908177
122035,0.0029414825
29756,0.21480206
36557,0.00691055
55527,0.012490811
72930,0.13258046
125,0.01847198
13321,0.0059638605
142193,0.98964894
38885,0.010164878
122536,0.009080141
63302,0.013568256
74931,0.012880192
60829,0.5842813
68875,0.07239145
81509,0.17704502
46134,0.012159742
49050,0.8789149
107541,0.043929663
120989,0.095083356
79579,0.35140198
46125,0.042911984
143148,0.0016445285
23331,0.108080775
129761,0.08147773
32662,0.024981981
128725,0.346402
117205,0.06426945
114784,0.06744679
9490,0.56126565
12359,0.003815275
37830,0.95061433
119694,0.0024098505
115212,0.088120244
127436,0.066910036
93304,0.033991143
35590,0.029859062
66838,0.061019477
14606,0.10993097
15721,0.11221517
665,0.041428152
30116,0.8035864
69618,0.6289713
3154,0.40153256
93701,0.96160907
117025,0.33267352
71671,0.01893524
30576,0.05957282
122751,0.021948423
26292,0.12979296
84222,0.103597745
124349,0.3652938
8526,0.0055298284
105348,0.0055248276
72835,0.016418142
143788,0.15980566
50828,0.02013862
21040,0.02321603
1413,0.22347386
13193,0.13065642
29901,0.16658151
32371,0.8128237
17445,0.775711
44938,0.15049763
32907,0.27734363
37558,0.9827716
19444,0.14234911
126009,0.026660964
70547,0.11395321
111306,0.14390938
31663,0.1529009
71880,0.014859258
121033,0.0040869364
78300,0.003109115
12891,0.030590035
52770,0.8274279
117195,0.7577015
131822,0.021805806
92738,0.1415263
7059,0.37644497
70612,0.016166655
79384,0.05488321
123290,0.015278006
140315,0.65551
50268,0.007690598
97063,0.9712951
44466,0.07957819
27023,0.35094982
118042,0.0347822
53053,0.08216467
129536,0.9981554
12651,0.002654815
113685,0.050935447
21770,0.27935174
95794,0.22305308
48959,0.041820735
96557,0.007975256
140692,0.13588072
15087,0.36934963
97980,0.15237401
38437,0.0590426
75989,0.058537368
88087,0.018154211
52270,0.28876787
43491,0.04755718
93086,0.035177816
69698,0.22922675
94123,0.30254632
28447,0.02444675
35494,0.11156127
50875,0.7503846
103990,0.16811854
136421,0.0009072553
100048,0.17440717
53072,0.16566202
28456,0.042227577
119267,0.9196808
139391,0.9252488
44061,0.17128332
24171,0.3089569
85393,0.004564131
20249,0.086783186
143151,0.00051067857
143755,0.8867844
38979,0.0028545586
137253,0.0049778745
110163,0.038202286
132238,0.44654778
60690,0.03646327
42068,0.1083634
119586,0.010604035
42897,0.11736982
67932,0.65810096
33298,0.069571495
81523,0.78972876
9642,0.028148657
5998,0.010762476
141351,0.55947673
20474,0.8080956
67712,0.0046635508
125336,0.34557316
81283,0.9726105
142489,0.0017812982
144627,0.003526616
81813,0.110363215
93291,0.21186855
131960,0.013720422
15045,0.038119365
13675,0.0043992754
107557,0.02182199
124811,0.021892292
75646,0.09979786
64884,0.35815063
12591,0.02476185
58241,0.0033272617
75735,0.9430567
72668,0.3230966
18251,0.06324328
141731,0.6743755
123460,0.8451341
27228,0.36551934
73330,0.004984653
66748,0.064128876
11217,0.5026138
36066,0.02214739
105166,0.9592037
4920,0.07505049
81279,0.16050544
88172,0.11925749
131261,0.108420774
57259,0.14683083
95783,0.01586094
40977,0.06803563
24462,0.12904626
31017,0.27229103
107279,0.0074382625
70632,0.0053621847
145173,0.032261144
94621,0.0043279477
75572,0.87859297
128352,0.33879006
64098,0.089264534
19125,0.38156444
137891,0.00204817
64357,0.07023922
52816,0.10720982
138384,0.016677117
30991,0.62796754
72991,0.09865934
92197,0.015487041
95905,0.08763786
81171,0.49735227
29824,0.95564294
93429,0.0036291522
14334,0.037130263
119884,0.8056221
1780,0.004416707
80945,0.012220306
136080,0.17617843
15528,0.054562505
109533,0.09322723
2620,0.15003029
134451,0.020240942
95813,0.7427514
143502,0.018026402
94100,0.99363744
102694,0.006447464
103553,0.049195353
39043,0.005233896
123833,0.040889677
78578,0.8832386
128938,0.09336682
60396,0.020430023
132422,0.12408364
49291,0.37608197
69114,0.011302851
54210,0.08829276
97454,0.058148097
63337,0.029047502
25866,0.049072336
102570,0.0012964087
28554,0.09780591
44898,0.01592726
139290,0.33002108
68951,0.4140925
10217,0.103267305
11279,0.7148188
20232,0.5491084
30920,0.92633253
76187,0.5308282
95671,0.022701286
85490,0.111749955
50199,0.25399393
84708,0.113603845
135106,0.026909376
140668,0.6366005
56884,0.010698975
125385,0.108813144
132043,0.08543183
58681,0.17286932
128223,0.17573477
87736,0.05753465
51533,0.05919527
71996,0.1195734
132503,0.09011088
8276,0.01829117
88655,0.9916147
21042,0.20285293
97775,0.20541243
8063,0.0036367956
25899,0.0055119265
95439,0.07135868
54978,0.017385013
106389,0.020454329
400,0.021369575
2634,0.0667025
113198,0.29111102
25469,0.018429432
19687,0.79751694
67437,0.024960034
27384,0.028467778
29953,0.03996609
60220,0.0051956126
33601,0.2970524
30527,0.04907524
74750,0.08028031
17472,0.65260124
105924,0.00067317707
41975,0.028624397
49235,0.48234662
17381,0.2789039
85736,0.016271781
73697,0.058584556
82085,0.0033424841
80735,0.44310132
75246,0.8495173
63883,0.3968211
98782,0.028927077
34499,0.39939082
30338,0.013105344
134698,0.444807
1147,0.64938885
69773,0.15030484
88753,0.51494145
2757,0.49866402
56476,0.08582659
35016,0.34683496
30419,0.07690657
35910,0.006771858
42767,0.8896722
21080,0.07424392
38407,0.014348483
86758,0.020953346
88571,0.11777943
48406,0.24700788
12729,0.6986677
102415,0.032112733
144966,0.012469931
76011,0.42526922
97307,0.017834308
135453,0.0706558
18683,0.85748506
102057,0.16633414
17804,0.10028929
83154,0.1719984
35413,0.9359658
1279,0.7557405
121996,0.8339219
49368,0.010882764
16294,0.8406217
93283,0.11047565
36638,0.01051266
42169,0.3659674
129492,0.7759658
41997,0.9485545
16537,0.24358308
17109,0.15681635
44741,0.55373955
65195,0.10116629
42966,0.45188665
47649,0.11327052
25130,0.26195654
138486,0.0006171424
67453,0.05481764
106326,0.6332416
57822,0.89501
10983,0.06531547
45492,0.81607634
95242,0.0063205403
81935,0.37301105
122861,0.07102267
84049,0.000875499
133235,0.078004286
7265,0.006254772
89129,0.041162666
59819,0.62809205
43807,0.75247556
142519,0.010458801
40382,0.19344886
104114,0.018006789
71751,0.0071446225
44699,0.26269057
136051,0.4315959
70276,0.008303381
69734,0.16983993
93059,0.042178944
98639,0.010619445
121597,0.021593647
163,0.036285065
41409,0.064129926
69955,0.110626504
118750,0.05858189
30740,0.0049213897
83774,0.51334745
98290,0.05008156
30486,0.25106964
92373,0.25529972
53293,0.10608097
75045,0.21475916
130720,0.011569606
59910,0.0061664986
45634,0.023867985
109542,0.761574
97708,0.112255655
139226,0.23471561
36235,0.011073341
70929,0.037129436
110746,0.03531792
98513,0.32006603
103441,0.28305274
22482,0.8625087
9749,0.08126155
62882,0.3397009
140688,0.20797777
11213,0.7391758
73195,0.23067756
49088,0.19689906
25025,0.24376813
101638,0.07825592
111138,0.21071407
62343,0.07234142
98690,0.075764835
26619,0.17497955
67915,0.04790735
60293,0.023512896
103103,0.006641229
51374,0.036852427
37798,0.007961084
1285,0.0049282224
121553,0.0076504806
4570,0.09307917
89463,0.011873813
59459,0.9486958
46425,0.60992885
48117,0.08710739
108642,0.04760163
78705,0.6523004
37347,0.11776651
49781,0.116902195
132322,0.20373897
112252,0.078098126
15791,0.89962566
7124,0.008475669
104491,0.09333826
12480,0.027352922
83679,0.8476051
92139,0.16511948
28865,0.6795963
10668,0.027544726
143468,0.22046688
122453,0.9603282
64466,0.30065256
75596,0.83238244
119067,0.0014620501
38777,0.03940221
100705,0.05003828
121736,0.9693025
140419,0.42076
105844,0.0038096572
130153,0.10344081
56836,0.27617937
23415,0.6254646
7317,0.006188062
89523,0.19522038
24365,0.024547905
104117,0.013009336
35151,0.9838859
122890,0.59734124
131404,0.36391303
53520,0.53019
22763,0.33863539
58393,0.029842291
98967,0.005000863
131288,0.28831756
5997,0.08869403
116155,0.16673571
117190,0.81619704
71352,0.04861289
139800,0.22905095
41321,0.29125088
92645,0.20596908
111859,0.8461892
138539,0.038031586
5142,0.11124831
103312,0.00073755294
136166,0.0020351335
110342,0.05526245
135626,0.08465235
28829,0.061818615
144385,0.0024246213
77908,0.0958024
124228,0.028284237
91212,0.09479009
68673,0.43266502
42738,0.05547174
106477,0.03862992
33117,0.27494437
12970,0.01508967
97707,0.12053547
15652,0.029971052
131224,0.07172608
68826,0.017320901
62352,0.011165668
102640,0.0008601389
90629,0.13589202
75209,0.7084399
39462,0.25126782
55267,0.6637471
92564,0.17042473
49019,0.00599319
91485,0.13199583
56420,0.69367343
83929,0.2244876
45254,0.031586904
24381,0.02387379
60899,0.5069026
84749,0.010919572
29828,0.14267766
138748,0.021584285
29991,0.16542444
88983,0.7182634
56268,0.030631915
111263,0.07450892
110386,0.08546469
54512,0.89174134
23210,0.5904129
61799,0.5219522
41029,0.031293504
27626,0.096482344
69351,0.44796705
96479,0.2345475
114617,0.7116526
138181,0.054834615
46199,0.19977348
85219,0.70719576
2812,0.079980314
63528,0.1175724
119409,0.03323645
34477,0.0056518526
10409,0.019122891
53826,0.10883988
39172,0.78114265
31171,0.04309022
132817,0.46374786
21901,0.042867642
75447,0.09275403
137206,0.00039343248
9091,0.18198572
51732,0.1178076
70077,0.13109428
41094,0.1128671
51779,0.5877785
85965,0.32204267
33238,0.021401566
71957,0.007030309
101172,0.9002047
39201,0.23562425
87613,0.42387477
37553,0.19450173
131090,0.20873515
88589,0.6477366
2663,0.0068503045
131347,0.49768806
9971,0.02212255
138358,0.024480399
70731,0.0010046259
107405,0.0029785451
64376,0.53908074
120066,0.00030363532
131671,0.33041883
33862,0.35983768
64392,0.17174959
89685,0.6067307
18654,0.8325401
10919,0.050325222
64694,0.013573438
24264,0.116101086
120794,0.4882416
108414,0.5672432
105525,0.71091694
117288,0.05998667
69887,0.08850122
26694,0.15086427
94848,0.0061781346
142788,0.002090955
34351,0.25029024
64165,0.44716397
117255,0.1296307
20210,0.19610359
22340,0.88595206
60518,0.07273896
40663,0.49226528
67030,0.007717471
73832,0.074104145
20106,0.46467012
76363,0.030460877
53457,0.10365175
62074,0.35137573
4878,0.25450027
71897,0.9359224
58639,0.052279234
70539,0.048548926
61400,0.4161356
26464,0.091727495
135561,0.034462567
15875,0.30076185
115620,0.38718137
54733,0.5460518
80408,0.076047786
7321,0.17470764
85754,0.5795667
136934,0.0075702304
124628,0.8441428
43653,0.05517199
64869,0.015558461
42610,0.26849127
5074,0.12458034
107005,0.12092249
36665,0.21165802
84482,0.035715703
18998,0.22260721
45844,0.08660453
82692,0.16713391
12074,0.13069369
2515,0.031492937
81493,0.68638015
109594,0.019853959
25860,0.060399506
122624,0.0027577155
61973,0.020621778
2173,0.0143971
42129,0.29947028
109799,0.07351088
56579,0.009558424
124561,0.029590765
142795,0.0036864164
118445,0.0031415739
115015,0.014382127
85845,0.013258133
74214,0.06632482
4314,0.16325523
114378,0.12433997
55684,0.094925694
109325,0.16483223
18029,0.34282663
113770,0.54884475
51296,0.085950315
66872,0.9418531
37751,0.0974162
125431,0.022698667
11142,0.5129233
134109,0.043878343
22567,0.42293066
24987,0.14315584
103797,0.007801071
109714,0.12028913
71596,0.034687135
3057,0.010482125
56159,0.227185
140232,0.0013568404
111564,0.16235188
117835,0.014195756
102475,0.5300372
5199,0.5635173
47361,0.28352538
70406,0.0013250995
122337,0.0037818272
68771,0.13873993
57083,0.94073856
521,0.112264134
18554,0.037432253
139162,0.005274615
32469,0.08533356
105168,0.9408449
96827,0.0791763
15036,0.015616813
121041,0.24977085
129691,0.50338924
29222,0.07908848
3960,0.11340381
95693,0.011171497
122357,0.056733057
87947,0.23271607
39729,0.20277181
125871,0.12594508
1420,0.023588864
1117,0.11378862
30634,0.36770758
131983,0.011794726
49046,0.37093338
9627,0.41891932
3084,0.108600155
52534,0.18284339
57713,0.053348772
139560,0.21393307
61648,0.2271008
121001,0.89583606
19262,0.83201075
92961,0.045297507
37772,0.03131183
127843,0.32547793
43406,0.038391236
64332,0.055139724
107901,0.0029229494
26035,0.019933842
42488,0.08786226
127502,0.040318474
104373,0.034099277
112379,0.027394487
38933,0.0015744324
13480,0.1469301
65398,0.1519076
131460,0.05719188
23035,0.04119934
131424,0.026618743
20211,0.0875437
54232,0.037622858
33732,0.044833507
100198,0.4956444
75525,0.60174364
137516,0.0063669696
33306,0.3356437
122005,0.026208388
120321,0.0051098177
47159,0.12305173
4218,0.6228519
59729,0.10784204
9556,0.0037668594
43049,0.122455455
91532,0.32427207
33853,0.059638105
23488,0.56917053
83715,0.03771161
3276,0.4174393
165,0.18852964
116233,0.60925066
133604,0.022779724
90435,0.07979332
4879,0.2563734
18248,0.021273557
98399,0.008590081
26031,0.013716351
76628,0.39675063
51658,0.056500584
36601,0.1992421
80897,0.36153647
142468,0.004229185
71437,0.30601162
74125,0.048068225
128298,0.13683404
119925,0.032366525
137333,0.0094288895
48185,0.18946946
138891,0.002273782
9412,0.23889367
64638,0.031242693
23457,0.060139667
32441,0.017376665
32395,0.63444656
70630,0.09708634
50885,0.40142444
14278,0.2559965
90470,0.03275604
98392,0.9419541
31198,0.20247792
30158,0.9233367
69363,0.027499516
2658,0.809391
56108,0.052983038
97237,0.0020909987
103782,0.09412822
101173,0.38877034
73097,0.028924119
54685,0.101880684
94506,0.0026261553
70108,0.9583919
124942,0.04394014
111743,0.044532698
57721,0.76889384
126165,0.1081643
56840,0.04275785
31667,0.021800859
121172,0.008881327
82259,0.9724335
130193,0.19960548
96562,0.02781225
80863,0.16779663
8100,0.0010640003
21550,0.12536222
103408,0.1172953
77601,0.04918689
53308,0.058541372
2228,0.16967924
129141,0.30411363
10718,0.01168119
31072,0.024625117
105394,0.16132294
109292,0.43255624
122168,0.073818006
81654,0.27944538
37396,0.14668542
65188,0.8876087
53925,0.6873009
57872,0.824506
126633,0.006487919
73394,0.16939846
121937,0.0059326887
133551,0.68241787
65552,0.0076661655
93614,0.010251896
6434,0.0006211181
144378,0.0081402715
101821,0.6621012
133549,0.033037566
134625,0.0108847
10900,0.28164816
81962,0.4705631
123984,0.62412906
125117,0.08218204
6242,0.36904758
122988,0.0042516813
121986,0.018899832
82574,0.22790879
111255,0.36068293
2201,0.01698793
75012,0.02281143
106359,0.8188166
76719,0.29231563
135991,0.20843588
33211,0.041145455
71687,0.42692682
42799,0.06824755
60213,0.064862795
86958,0.02330061
18569,0.9604651
29177,0.22796112
137546,0.009911456
123041,0.0029670533
23081,0.104686186
53423,0.13321479
91597,0.23015419
2958,0.008492724
71207,0.022601632
115922,0.08936463
40662,0.1002788
100658,0.020080954
143368,0.35763583
95939,0.008770722
138554,0.6062078
41497,0.033378508
21112,0.95030075
14260,0.108897105
46860,0.06407059
70100,0.036954764
113961,0.2418084
144946,0.12704724
141500,0.6873605
20328,0.90350604
24383,0.06217993
52874,0.38491762
17680,0.20081238
37222,0.028696397
51226,0.030022513
93737,0.675105
51959,0.70624816
118164,0.04547833
119446,0.048411418
114438,0.034786414
32646,0.37070492
113821,0.061439946
124006,0.5489942
129479,0.4608056
24240,0.08903871
71585,0.10342325
50057,0.15094611
119781,0.014264564
84777,0.2580418
87980,0.7066627
61055,0.014022048
112063,0.023501681
41917,0.022427792
73023,0.044666145
94720,0.045054123
74596,0.6113409
11559,0.23251125
103856,0.29906738
117620,0.010165838
120488,0.0004918578
65073,0.027582718
137985,0.11073848
125548,0.14590396
2772,0.92704636
32531,0.1525143
65834,0.27126873
82824,0.049183957
131057,0.00997657
64634,0.2810141
51484,0.112320006
78654,0.02845518
52367,0.14607522
13995,0.024640663
140380,0.7930071
133358,0.07344057
130555,0.20260708
133465,0.014441356
40185,0.5184079
42142,0.1169435
35666,0.49848196
25901,0.0024296714
34247,0.06636141
12039,0.17588745
105808,0.020532899
84530,0.029409952
22637,0.42096415
2821,0.05321374
7366,0.012760413
20298,0.013105498
1682,0.34857774
136469,0.003844629
123867,0.21802054
112760,0.12914906
81069,0.07664679
36573,0.06067492
67551,0.07453012
48807,0.18375763
17319,0.93298644
10124,0.02899436
8582,0.0093658175
25088,0.10944645
36349,0.25492212
49188,0.21543042
5423,0.1463607
67969,0.15298335
58352,0.15323707
24187,0.043703247
60106,0.89000964
133020,0.22539711
131782,0.013697676
115544,0.26716194
137870,0.0008735275
82449,0.099606894
9210,0.77597946
11996,0.16507305
114498,0.026268037
132686,0.17265429
57439,0.11242364
118108,0.0066683027
70982,0.09112364
75585,0.3819581
30491,0.39611873
93408,0.029335914
142401,0.02008573
70150,0.31130558
67470,0.027527595
20970,0.8038702
144613,0.1631794
88674,0.92921937
109342,0.019797448
57417,0.12993796
28350,0.037201136
101203,0.0518579
52531,0.11868213
44854,0.013140556
29139,0.24519774
24251,0.8136348
123022,0.7051409
114176,0.024948215
128130,0.24546042
123618,0.001430331
32385,0.038180728
142675,0.22790232
7951,0.27871087
136937,0.0020492969
75279,0.036793802
39974,0.1532356
6166,0.013956741
64892,0.8381215
121828,0.26552537
132340,0.7447088
87966,0.45935762
33353,0.09637258
102440,0.12895639
4396,0.028474124
57163,0.038504828
57294,0.4631545
92529,0.022542289
93031,0.023515338
22777,0.059890676
5896,0.13223937
121729,0.27575186
62542,0.030187974
28250,0.06729445
86087,0.09137535
5450,0.9480401
119543,0.3213597
76545,0.041670904
92545,0.09234945
8649,0.042503007
96834,0.64583594
65956,0.06448037
61370,0.01976441
125034,0.010350743
43151,0.006760956
110278,0.16949457
76139,0.108139895
54837,0.6997452
57758,0.9005147
11898,0.1869229
70639,0.02844532
81071,0.91068035
52994,0.1738362
8769,0.9910886
116272,0.39549235
39437,0.057437826
74001,0.0052924906
143079,0.009831703
14845,0.014977875
40293,0.10139584
64940,0.036794297
25372,0.045422982
21111,0.42874584
14847,0.20328774
42067,0.042501085
100216,0.06842783
50837,0.7833261
142150,0.48617357
37666,0.034502987
84885,0.1961432
42224,0.94532
38826,0.22661775
34216,0.06400234
69672,0.44673112
43258,0.20217933
43354,0.086760454
25687,0.29560354
11916,0.44098842
68998,0.39979377
70046,0.052500404
63964,0.3397667
134711,0.42703283
100193,0.028023694
97204,0.86156017
67808,0.055529494
96301,0.026912116
5543,0.103674315
38854,0.09565255
97435,0.08326324
105761,0.012216152
6761,0.03523053
143757,0.28580678
16992,0.16674569
121739,0.01813019
94902,0.002824479
85480,0.008419062
63724,0.6137716
3051,0.14642563
114526,0.96171236
46384,0.057076953
44244,0.14410233
31964,0.6791807
123516,0.103587694
70180,0.18670782
133045,0.39488313
33814,0.005027448
47507,0.081829175
72549,0.04395165
119637,0.5237867
144772,0.0064772656
55651,0.027105927
144942,0.040332187
82478,0.08032738
33866,0.0057716127
58111,0.6595238
31923,0.35522917
104535,0.03526283
67424,0.03663179
138986,0.04481757
20902,0.036727995
89347,0.14914083
49588,0.112148464
44166,0.064020775
14270,0.03774952
57742,0.30935284
93037,0.07363307
12254,0.16374801
92213,0.032538917
71660,0.03381817
91383,0.2247246
50825,0.07458138
144657,0.005861728
80967,0.3226962
48200,0.04993358
58121,0.0057510724
138971,0.06565393
32103,0.8671008
33214,0.32227397
41111,0.7390865
80906,0.317415
32189,0.3850868
54578,0.044474605
38332,0.0025551477
83354,0.02652239
36354,0.62206966
25043,0.15690427
23755,0.07213346
131146,0.022514751
46552,0.020134525
34298,0.19260234
106001,0.012721594
113933,0.94783115
61211,0.021132573
82058,0.092776395
141078,0.3242532
141324,0.10415387
123891,0.27423912
98166,0.036453348
46201,0.02746906
58402,0.19157399
21372,0.85594946
73372,0.03339556
34440,0.16060539
11088,0.22469161
81192,0.86279863
45439,0.10322072
14484,0.019669306
84324,0.01679133
8767,0.02908894
142236,0.13342115
139095,0.006889073
60563,0.019262128
90399,0.03866574
137334,0.043607477
57764,0.0067332117
40180,0.40117362
131047,0.31905165
118918,0.18585537
125675,0.3175925
137533,0.0006044512
144784,0.011112241
97076,0.006398144
131260,0.2644331
31816,0.029775918
38531,0.0014540047
129824,0.04126859
35670,0.017256552
128056,0.9948319
10260,0.20434658
137350,0.0009628054
105039,0.17932625
23465,0.08893086
10300,0.011477136
23070,0.7303564
46867,0.17124856
66048,0.20932257
97948,0.026255222
140373,0.72292477
78487,0.30123296
40130,0.15979889
33650,0.27245426
135411,0.035189565
104519,0.091269255
107749,0.0020408041
49715,0.29406375
131992,0.004172114
33899,0.6255154
110843,0.5430505
137802,0.1546863
49001,0.0029958638
15335,0.043749005
108303,0.040823333
140991,0.571379
116236,0.7058204
21443,0.10806041
33093,0.14174163
128504,0.3756357
130779,0.10265087
27605,0.053246107
5672,0.0065119653
121105,0.8730245
49643,0.72275656
43995,0.09160115
95777,0.1336772
22584,0.8615896
54398,0.8042324
113532,0.15080549
46304,0.1005777
85385,0.0052396217
94364,0.20714468
81879,0.0655742
139301,0.40560904
12256,0.013767192
56749,0.25915155
68498,0.11312329
50767,0.056884427
108203,0.08246886
131259,0.28671864
68406,0.6690526
9203,0.8487251
92241,0.27860662
45908,0.01803032
95273,0.03118057
124624,0.085266896
82418,0.015810028
118473,0.0652773
114248,0.75859916
87242,0.68567455
110646,0.07043493
55728,0.9711812
31163,0.10897632
64333,0.015504544
11034,0.8455124
139245,0.47480297
49316,0.21411347
73746,0.0062800655
83144,0.09724119
33536,0.08421222
103634,0.0012547349
2618,0.9782276
85026,0.006501143
43574,0.081429385
21446,0.12640233
116835,0.0062136557
33365,0.035298888
14392,0.08647753
36551,0.8726605
43736,0.33007035
84252,0.19991009
127334,0.18890682
118120,0.006560292
97142,0.008361253
23300,0.014554183
128239,0.18003759
23866,0.15660591
26513,0.028734194
76714,0.20918503
47904,0.32890978
63488,0.08987313
107472,0.18800159
53260,0.051741492
7291,0.031068131
41844,0.09557034
8805,0.14110301
50426,0.14412896
140341,0.9489509
4441,0.07296543
55339,0.115809545
14223,0.01065706
40446,0.118170656
130543,0.3816433
68187,0.03827718
31596,0.10053015
123123,0.16708425
9589,0.8558238
91350,0.087108806
119552,0.61697125
68491,0.20673601
54427,0.025250968
75685,0.6130132
122635,0.010794273
116103,0.2659641
87576,0.34427914
69195,0.7255834
44686,0.12179279
82941,0.74750614
49748,0.092047945
102236,0.9825637
98176,0.46642038
35337,0.25567317
68584,0.35679373
118213,0.010040024
2783,0.05361573
10381,0.047384206
10698,0.015062693
57697,0.70445657
128033,0.38609368
3916,0.017337596
93476,0.01391625
136339,0.003409216
41623,0.10353734
136959,0.042160217
1138,0.16424613
2742,0.2832467
96150,0.9802429
83086,0.10300493
131951,0.23641998
16513,0.04931618
116549,0.029603912
6389,0.0053873546
42483,0.15425913
32387,0.02069384
28763,0.21340615
145363,0.009523557
30205,0.12487893
107721,0.0017155624
71466,0.3610045
125716,0.052016445
71011,0.05334865
81382,0.1367688
127876,0.7636691
2093,0.032580093
37869,0.002010012
71791,0.012648081
20295,0.5685969
109347,0.08211175
25880,0.19877928
45423,0.13678753
108710,0.14583224
16090,0.13159014
62830,0.3214707
127989,0.87480843
39937,0.35491538
76937,0.065684855
65241,0.015691742
9517,0.26350445
50562,0.1258722
89396,0.41117766
106802,0.0013725627
70025,0.4735029
87002,0.6009683
65723,0.03663762
4817,0.013124228
83070,0.60210437
74435,0.00292272
85427,0.004129734
98815,0.06269338
114332,0.42051727
109855,0.37469155
94554,0.57586765
68817,0.040080477
103980,0.021134404
52655,0.19770217
123158,0.17534177
85012,0.0082193855
51588,0.0316721
137642,0.068723954
30700,0.7012102
23771,0.12053834
95797,0.35366526
17811,0.50455105
1567,0.9347363
61180,0.20438328
63893,0.5074935
72191,0.006748006
72824,0.09778866
23797,0.054127205
140404,0.22422192
36842,0.005132981
36203,0.9328223
11681,0.9473991
91410,0.43517914
17123,0.09835862
56235,0.073036164
140915,0.015067101
13820,0.0011845299
144078,0.030951872
96022,0.061202325
125273,0.106627785
116659,0.09542655
90717,0.11353555
107758,0.019592315
31937,0.32135698
92157,0.15277638
12013,0.046696305
101098,0.8274602
60316,0.012512846
84838,0.9481462
12234,0.017200343
31720,0.28058633
6274,0.045099005
125159,0.09100294
134511,0.009011576
70023,0.8534055
17251,0.18971694
46189,0.20723657
11007,0.09731187
45250,0.044715934
120227,0.0063477186
83076,0.2536602
127364,0.91376424
132167,0.013768209
19144,0.9511121
26175,0.04202677
65521,0.15685922
74176,0.088479295
79858,0.0060630227
111902,0.25351492
24662,0.14881615
20365,0.06289794
4976,0.032418177
115630,0.54875803
24529,0.38859522
33003,0.4763826
51007,0.004086127
31500,0.03644118
15609,0.43750933
76737,0.03305058
15852,0.5180458
105375,0.020716542
128534,0.7328045
8180,0.024716321
59094,0.5828456
84952,0.03459671
69013,0.2001252
72316,0.14425877
68980,0.19751044
44465,0.19527428
47184,0.12616476
140036,0.9857442
110874,0.47857505
115468,0.023377188
29538,0.07719827
133483,0.010464543
77946,0.17549486
3028,0.017485457
105324,0.120919995
30020,0.55454093
90783,0.79678446
29651,0.073912054
19688,0.12588727
127630,0.09259056
15101,0.16232978
144807,0.007045488
71134,0.98329437
84445,0.008133675
18686,0.36107877
134192,0.019520978
126354,0.13428666
128845,0.39344272
78143,0.1251365
42651,0.2696511
95152,0.029265737
79576,0.76169634
103844,0.29145116
51586,0.024183609
44059,0.16229685
137053,0.005527372
136344,0.024440037
6449,0.9163655
132371,0.1506871
72141,0.1128175
27464,0.047211282
29314,0.07897582
45,0.0077073523
116115,0.20305344
44423,0.061044987
132462,0.009930223
134162,0.20489392
72146,0.0011049575
44256,0.09179768
133082,0.21270593
40420,0.59897184
62446,0.21741796
129880,0.099565186
111950,0.038222738
137527,0.0036542085
141648,0.017439436
29620,0.08770412
90740,0.122409105
53061,0.72978574
129470,0.9810403
18366,0.25157642
102055,0.2029066
30260,0.79492754
96190,0.36119065
111688,0.07407381
107048,0.0074334196
4761,0.061836172
9938,0.7067493
54235,0.33233532
144832,0.0024731618
2798,0.23426338
114289,0.99315864
93952,0.10834405
118318,0.3284882
81338,0.17935169
124311,0.07063025
129377,0.27362052
119420,0.0065862546
138503,0.0031627994
77335,0.020597924
59959,0.08662475
16725,0.10845807
123805,0.06486701
36898,0.0023202312
125193,0.33045343
111891,0.123660676
30726,0.031658813
33393,0.27627274
20121,0.07603373
22024,0.64769715
4942,0.12305607
67913,0.037123248
119975,0.009981294
89162,0.116034865
137112,0.01642868
134075,0.90484166
45153,0.39376977
97288,0.012886698
121244,0.07501174
65978,0.40057877
71698,0.014566759
106432,0.109446354
88780,0.100846514
51669,0.14120062
4833,0.063342065
22071,0.10474187
101357,0.5443025
17590,0.2694023
104889,0.079837024
10181,0.32606238
34920,0.42932585
24707,0.02248055
7697,0.018417416
36456,0.4131091
133883,0.64404225
144334,0.36690173
24535,0.3859294
59648,0.29285622
26525,0.028611101
86987,0.0845124
118583,0.00094954413
128342,0.15188359
142155,0.88100326
42247,0.2744847
26132,0.074687354
91244,0.14552966
10844,0.32379782
129240,0.29033116
74864,0.0042114006
10085,0.9285726
116730,0.007452827
129798,0.5345031
32937,0.045003694
54875,0.04178686
86056,0.32364407
128721,0.08189946
77620,0.9843412
71415,0.047191214
108015,0.0078561865
99578,0.052951325
83931,0.44926074
78324,0.005189122
117550,0.009661288
114117,0.029873569
19395,0.10555152
85650,0.134732
61455,0.09960732
16012,0.31845838
113707,0.007890256
47582,0.8280009
105626,0.013054893
72260,0.096138574
99941,0.0018298876
58933,0.0060101496
19519,0.05186515
78888,0.21125963
8119,0.08550348
17171,0.14460644
83770,0.35848457
105739,0.5715836
141949,0.003914502
62889,0.005501653
80535,0.19084595
7666,0.0009990822
64853,0.012656563
129447,0.10053274
67390,0.038671397
30022,0.08538747
53934,0.06863483
48274,0.045126673
41212,0.943742
106080,0.034945235
29910,0.28790474
17969,0.15027122
64596,0.22938778
41516,0.8691048
1849,0.011255286
129528,0.75434506
24136,0.94204843
76736,0.030481676
39720,0.061652973
17547,0.12170147
143431,0.82094926
70166,0.11762913
10578,0.46921095
39117,0.25401354
141965,0.003813139
61722,0.073766224
116556,0.10929398
71681,0.039398544
121184,0.032273427
110230,0.6444146
52100,0.034804005
59782,0.15408295
107290,0.04947781
58998,0.016587257
61997,0.040993113
23844,0.16765165
78603,0.43523645
126290,0.12680182
62880,0.49920553
83008,0.79849714
108472,0.00758147
99132,0.72160333
48162,0.14265542
87288,0.5140149
31299,0.4225615
62447,0.21403739
37991,0.13938719
67266,0.010725009
107464,0.04389517
98779,0.4236011
130715,0.9605569
131397,0.24244039
30017,0.100741565
81074,0.23582281
64040,0.060022857
16580,0.13248861
143045,0.039022133
10444,0.7714726
30626,0.051845126
51625,0.010201652
113866,0.96169746
2511,0.46676776
26773,0.28218475
78913,0.05269525
4088,0.08991623
137122,0.19304472
140470,0.18645115
137720,0.0022575476
82707,0.16630332
37551,0.026337286
20431,0.09460181
11699,0.14472318
50331,0.04419435
103520,0.036702055
14210,0.00420872
32839,0.0076624984
129901,0.37946036
93585,0.0047769924
136528,0.12270353
95136,0.23259602
76618,0.72883517
143369,0.69753706
6709,0.058213197
12239,0.74546176
40417,0.532504
9431,0.046115626
57630,0.0656873
80303,0.17815089
101386,0.16877556
143640,0.07712718
139033,0.0044433903
57024,0.51753515
66740,0.00690494
25717,0.017912194
85760,0.21147427
76136,0.114544064
85629,0.3845101
65206,0.054917697
123404,0.24211194
22510,0.5619855
3822,0.15934145
83063,0.7693158
14166,0.94963247
61027,0.015829368
63848,0.041001577
116298,0.02135251
45853,0.0031263297
50184,0.40305966
55320,0.10533447
24824,0.37140977
53309,0.0067067402
47252,0.32482848
141318,0.050937235
35985,0.00489413
139521,0.018633416
9518,0.059650406
131426,0.032109085
50433,0.01656728
129542,0.69245523
15341,0.10673884
95592,0.1033975
29983,0.08212555
29184,0.42917573
135220,0.16605338
92773,0.7238252
130531,0.22883725
62505,0.121605754
57687,0.013550417
129179,0.65033424
28971,0.04085345
14658,0.4778245
109197,0.46035737
129781,0.04300178
137180,0.0022305006
145198,0.0023981645
31312,0.22058775
53996,0.85177904
129490,0.2736985
14424,0.006511839
85607,0.034194354
104130,0.018858157
12425,0.119097546
133164,0.1716367
132649,0.41083604
42336,0.15717508
9106,0.7324347
80572,0.0018004932
127763,0.62864155
31050,0.9600239
75913,0.109516464
26260,0.08325621
28711,0.041383743
114486,0.922059
112321,0.034468416
31487,0.31731355
104328,0.0018347001
63278,0.23876612
58925,0.15376568
135981,0.8506403
7519,0.013848935
70769,0.023043238
136324,0.0012960186
25194,0.17234212
56288,0.2002197
47412,0.19445297
98183,0.0033644997
87957,0.8749661
79435,0.027869696
142002,0.0027416914
1825,0.47014278
33069,0.021990655
123893,0.025984835
66790,0.5289204
140265,0.058046244
96770,0.35794544
69596,0.21551931
132332,0.09643952
37241,0.050113726
76276,0.23567319
66718,0.018801471
74705,0.22709924
17116,0.019575588
102972,0.0016022826
2256,0.026007244
128932,0.13951832
94420,0.13041924
36931,0.06281493
137177,0.5084777
128731,0.13088812
60170,0.103992164
101197,0.049418468
142720,0.044291366
37111,0.21502422
46659,0.059143566
78928,0.049201574
105854,0.0014920116
50759,0.011794826
23393,0.22147864
73759,0.034977313
70137,0.7288775
91873,0.13962276
94161,0.005823752
21157,0.837801
40013,0.067360304
71978,0.0401623
70042,0.049221836
84517,0.16287701
63677,0.29822153
29361,0.14721054
68823,0.08092816
48689,0.22026737
12943,0.005570667
15596,0.25736332
76793,0.50057906
39194,0.0070421756
4536,0.13019319
21685,0.41314572
61621,0.009168354
50942,0.9402248
14846,0.015322757
75729,0.07232374
141589,0.0008218395
92089,0.17689389
115274,0.0049124984
24666,0.10215221
113506,0.6997934
133501,0.067457244
90311,0.12665574
96183,0.31716087
136208,0.034908384
60877,0.10165531
27364,0.10341988
19521,0.016739648
118813,0.629209
99354,0.0133541925
27760,0.025217317
104402,0.09389545
35486,0.8987405
29729,0.19624864
122078,0.38076463
45409,0.1532228
31149,0.028556451
92396,0.95298666
105379,0.0056425612
2661,0.06025829
50486,0.09063991
84736,0.0554226
131158,0.08723303
85030,0.93706125
36797,0.659914
14150,0.18635412
43915,0.41879192
60578,0.011192407
115853,0.88406694
11473,0.1977442
18353,0.0077550486
134469,0.0204978
90627,0.14851664
97278,0.0048108506
144390,0.008727219
87137,0.023451915
130944,0.7556163
51749,0.024497965
86033,0.1830778
26398,0.14535497
127939,0.08820097
107404,0.0036237715
33316,0.0761337
129961,0.221073
103106,0.015965825
14247,0.026602719
137374,0.00069328095
44659,0.6871688
40011,0.2685738
26872,0.18111831
40687,0.04183974
82337,0.67501116
87095,0.09873245
93733,0.7197649
36247,0.025391417
113342,0.060429968
76552,0.9787715
93052,0.17673148
88555,0.010549742
116105,0.014144978
110927,0.612853
65236,0.43773592
104597,0.006049434
126788,0.09685368
72822,0.034949712
86205,0.067314856
26793,0.07089481
98463,0.020276055
95219,0.020234328
131944,0.297519
131273,0.057822105
17066,0.07775071
134395,0.16316216
103137,0.08245025
29808,0.043752875
74432,0.5404544
91882,0.12351389
104306,0.006143173
42986,0.701084
60913,0.97744626
114342,0.521335
97251,0.042226378
53871,0.018600212
24204,0.9699753
54418,0.15936169
676,0.023019059
9902,0.25583702
143522,0.0082805725
58447,0.35224596
16544,0.20027031
47921,0.11171862
94623,0.004004342
29116,0.09874225
123328,0.000991829
41371,0.9647747
127384,0.20236757
141383,0.33173105
85883,0.47239435
16287,0.35686845
51951,0.025321424
75275,0.017914576
61121,0.4672139
123672,0.0024606534
12817,0.094480656
14919,0.20728682
11344,0.1972288
73713,0.55678374
126054,0.03776255
92879,0.056123115
37731,0.016127892
138412,0.0039990605
137076,0.011369922
63099,0.8795305
64204,0.0038156486
44710,0.12882963
89982,0.08785299
114902,0.45555153
115407,0.02285783
14785,0.034295212
110893,0.3076748
120369,0.03064684
141258,0.00055547914
85251,0.032550424
128480,0.87236464
126578,0.17634614
19297,0.1371075
20535,0.7449183
56819,0.04321757
12161,0.57856643
2438,0.8903332
61145,0.8627415
123465,0.6585076
2426,0.5886686
73249,0.004455045
55940,0.078162126
19656,0.648268
32527,0.39126548
48596,0.043565955
6209,0.27158543
96049,0.031650912
96584,0.6720605
59642,0.032463316
67367,0.40461984
48503,0.88979065
111855,0.9598968
11207,0.16374448
76561,0.81253785
38684,0.0085961055
101581,0.20612901
81880,0.17011127
139057,0.0038228654
104762,0.89695257
138737,0.14332974
28841,0.3343885
139821,0.0026986827
129346,0.15608841
12061,0.9446835
58590,0.19661985
49385,0.27344176
90767,0.0671627
140637,0.03310097
10229,0.7168703
51065,0.052429352
128294,0.15307103
41884,0.021269437
81671,0.08505842
131663,0.9631301
10505,0.053286444
8249,0.006437215
29200,0.11086573
63241,0.022173505
5301,0.081733994
81292,0.014969013
24152,0.91904044
74884,0.36872184
122470,0.03563271
111827,0.645704
62325,0.10052765
139836,0.008808444
97332,0.13779587
63951,0.08037315
19153,0.6886424
58909,0.07042152
40358,0.18029156
29050,0.021222427
69538,0.14499412
55227,0.040130116
43092,0.7218127
96472,0.0051108724
100294,0.10606101
60275,0.011965805
3657,0.78502107
10669,0.015398294
139809,0.2492688
70065,0.84789836
26493,0.03536357
112198,0.5328399
17285,0.1721057
89895,0.6266268
45137,0.06136677
25856,0.61705434
70701,0.0013818035
3000,0.07014413
142593,0.20944083
138928,0.31979892
49780,0.075744934
77880,0.05460723
100930,0.024151472
66842,0.089051455
131037,0.017894352
4542,0.015880482
45658,0.012450421
79455,0.0060843844
78027,0.08554484
53698,0.46283358
144600,0.019939568
43449,0.02161965
85011,0.35917825
80343,0.037143398
79513,0.91893715
27022,0.2466399
103838,0.1052001
52611,0.042944808
117162,0.31299326
13923,0.05704053
73895,0.14273931
75700,0.04930322
19975,0.53045267
9435,0.035031836
53314,0.27240735
137843,0.006513838
126027,0.7684982
76528,0.45179057
7771,0.0055631516
77040,0.037773494
22250,0.30613372
100003,0.10234104
102899,0.013287478
4213,0.42223275
72073,0.00029644708
9437,0.06383206
18551,0.30021667
132959,0.02720234
129368,0.24400003
64582,0.010325862
43205,0.3840517
140658,0.10601106
96822,0.00060086243
61323,0.059779763
85273,0.97578466
97003,0.06533745
70116,0.81469893
48315,0.019580051
74619,0.1347998
29223,0.14310646
81296,0.03583386
80099,0.40675384
22049,0.15547484
38054,0.20634188
8726,0.03467415
4525,0.04686883
25312,0.15581088
83767,0.043234184
40093,0.9044264
73177,0.059595384
82653,0.63721174
20826,0.044226497
3495,0.49466002
123681,0.0013226841
76496,0.38454148
116868,0.08124452
47645,0.97851676
57281,0.15084127
105730,0.012779367
123785,0.009946336
95916,0.014877131
94984,0.011248145
76664,0.9707535
2689,0.19560213
44849,0.910408
61392,0.08132453
14354,0.03686679
133076,0.062498897
103139,0.8182726
97067,0.16982728
93098,0.597971
91192,0.032045897
5930,0.4882015
131770,0.019150002
95567,0.03667194
102184,0.9348523
64508,0.015916554
135329,0.33491102
57433,0.17959887
22297,0.55765116
58941,0.004928536
73976,0.103554964
86769,0.025018051
36644,0.98871696
138727,0.12040044
35361,0.69753045
44337,0.14935069
59339,0.018013164
37467,0.0061545493
77219,0.06934202
110982,0.5079462
65900,0.23804769
22390,0.65813094
47287,0.5966728
48817,0.051385008
73289,0.006301294
53959,0.16655518
140696,0.2333934
5386,0.026392594
4773,0.23959418
51113,0.108126216
51952,0.014712604
71531,0.015791452
17972,0.38250017
4307,0.011025866
74066,0.01859184
123413,0.04850845
84169,0.28179184
34465,0.089638345
128943,0.04481063
78127,0.020109255
131501,0.06921711
52313,0.2172457
42935,0.30297375
135259,0.7047023
5824,0.27791116
124138,0.0063654613
47225,0.6259509
46506,0.072996356
27852,0.27128762
49494,0.024462704
2372,0.5887083
68059,0.036843956
15157,0.17811467
126422,0.024333151
103326,0.17551875
120103,0.013723158
69039,0.8966152
24843,0.14526342
121802,0.25152293
29532,0.21704228
924,0.11788674
24349,0.33287516
11611,0.19353127
1444,0.45833257
135523,0.14826043
124961,0.4030567
8428,0.0049320823
47240,0.0059319236
69571,0.47061136
666,0.19465797
122464,0.16597435
80324,0.6079445
18858,0.10108225
50156,0.47907025
52846,0.23586705
83581,0.00996522
68114,0.09763479
20372,0.025143607
55712,0.5000561
105216,0.10746032
15970,0.76372784
41417,0.034203757
97135,0.040498313
31330,0.16127518
37060,0.025601087
10584,0.19024853
35088,0.19738695
70511,0.017709726
9955,0.5861082
18790,0.5313825
34401,0.17378561
29976,0.17414424
27271,0.3016631
101019,0.7816406
68639,0.09852361
112417,0.05977269
38651,0.27610245
89700,0.43571353
144463,0.003864331
48910,0.24454533
18183,0.11124048
124706,0.12559743
34887,0.10811389
97631,0.25636652
41193,0.08925396
141058,0.7976251
31479,0.9847862
12982,0.0028554816
67944,0.9155606
103127,0.20615786
104836,0.012166703
118170,0.0038729028
97458,0.3052799
4823,0.52094966
56147,0.12775609
42112,0.062239967
139241,0.12832735
37680,0.004884682
77041,0.9425383
120442,0.09404593
48347,0.008934576
2736,0.1327546
3031,0.10718093
20973,0.18408547
120771,0.32771933
142206,0.6412595
80236,0.007902475
43887,0.07137158
92691,0.80034494
8714,0.04060339
5171,0.058591317
46625,0.45201945
12401,0.0044734674
106504,0.0016815724
65901,0.8470188
40092,0.947669
52753,0.103641376
32181,0.002607226
36668,0.19375741
41214,0.053590678
22638,0.19449759
124142,0.31236708
24846,0.29377222
96274,0.024289204
63376,0.03686017
31801,0.6460817
7879,0.1785487
53747,0.016545804
78147,0.7607946
109217,0.9683357
92986,0.059369043
725,0.1568569
99683,0.21531273
25024,0.9192408
22600,0.16587663
36227,0.0100927595
7226,0.07754557
95805,0.3124117
10203,0.48523068
62071,0.29040924
9549,0.06312977
121073,0.3257792
38280,0.0018196452
124581,0.24106115
123245,0.722421
70568,0.4059643
130119,0.1697889
27368,0.020248858
55096,0.03284493
119875,0.041224428
101519,0.021284744
81770,0.82592434
60185,0.027127333
116481,0.35121796
64114,0.78270984
65222,0.2739594
54271,0.09832401
86765,0.16337235
62049,0.20798914
11817,0.06500876
121422,0.06632816
95282,0.03405214
62081,0.88391984
15355,0.03662325
34742,0.92961544
11621,0.039451987
65590,0.32341406
84978,0.042773575
46426,0.09081441
6115,0.0024366758
48760,0.08141264
123165,0.94639194
118833,0.005629822
4658,0.00847151
45967,0.20262975
126961,0.032092523
137625,0.0425531
881,0.044689808
15344,0.022714734
87086,0.26818496
39945,0.07118128
99757,0.6829136
91138,0.06730549
103693,0.16446821
105204,0.13655588
110591,0.57972157
86907,0.055143967
72746,0.13557294
8907,0.05528371
137259,0.0072562005
77129,0.30884218
27163,0.14452696
9650,0.024387345
94649,0.0035498345
131364,0.042438753
19457,0.0428397
71515,0.06223025
7976,0.0888646
37245,0.10860713
45404,0.3496363
57093,0.19988105
130041,0.38185248
118463,0.13280626
28892,0.0061327945
57207,0.14500183
79367,0.13135579
67044,0.594855
5472,0.036243293
121653,0.0019552575
57864,0.52802074
108172,0.04667081
57196,0.33708984
118349,0.1466556
1975,0.13701293
116354,0.019614575
13541,0.047788702
15944,0.12641943
80727,0.9502265
10697,0.35375938
140622,0.011365143
23209,0.26246238
22175,0.03237433
26684,0.072415404
13196,0.06457072
48575,0.065470226
94175,0.0064410376
103390,0.012152499
133002,0.4318417
32237,0.083556175
12987,0.070851445
70866,0.15488532
69682,0.2314911
27514,0.053584307
60932,0.71423495
131570,0.022266723
32363,0.3967037
38741,0.018017394
69658,0.30245963
64359,0.022404652
90844,0.8356373
82741,0.12534335
112830,0.18627366
50502,0.006344935
16432,0.105602734
4251,0.2437023
6692,0.031821232
125791,0.7741671
18961,0.42321563
14807,0.74504757
90588,0.06873653
105592,0.0042992677
48923,0.0655186
118300,0.0012947669
58645,0.018499985
49639,0.056489844
42706,0.0963996
85620,0.06218949
73673,0.017136803
129618,0.067795776
107687,0.0065986146
119800,0.0007120608
79996,0.06257703
77115,0.07935749
116015,0.0072945897
123772,0.004084738
21739,0.15247725
97826,0.06453608
112032,0.041289687
95508,0.30797502
62341,0.4673912
137482,0.00042109773
85081,0.0017957841
116641,0.07396519
38602,0.08046101
49628,0.36052895
74348,0.0019372285
79039,0.0076484717
32761,0.06784466
5217,0.05023744
125998,0.06404429
96836,0.9185192
126910,0.42393008
103500,0.02310096
133478,0.22687489
130469,0.017590366
102652,0.007817749
1144,0.17570132
140511,0.03392973
18042,0.511567
4155,0.7527928
112066,0.10760399
50382,0.16900569
41442,0.022926673
82296,0.46619704
112124,0.19365138
82581,0.28336814
81223,0.42692447
38242,0.0020806864
438,0.4373022
5073,0.04815868
1453,0.014549431
66341,0.072276935
10096,0.032847397
106810,0.011232146
3738,0.6992934
27870,0.35773706
7691,0.012236174
108239,0.0038588995
24081,0.49722928
11569,0.106179155
76463,0.8119452
7636,0.03563759
49480,0.042112477
25519,0.0856528
112411,0.14418688
95084,0.21924128
41066,0.18479379
43644,0.031706743
9684,0.040212225
87131,0.02390867
112402,0.015621197
63,0.10371726
7316,0.007420368
3466,0.085618146
122844,0.02785189
141191,0.002026799
23376,0.1537116
107480,0.016252786
20778,0.045227244
80458,0.08532411
125462,0.28612843
85761,0.122410364
78399,0.4214411
65003,0.38608038
84129,0.10148246
48306,0.007084762
36935,0.40025845
138604,0.0049444
66028,0.9588288
26974,0.20856808
3243,0.11094485
60883,0.9661875
85509,0.016756421
103270,0.16240694
48615,0.08463934
64046,0.017737987
134005,0.0715521
135198,0.1408274
67337,0.13040784
5790,0.06575642
8823,0.09502554
144999,0.022420999
20806,0.036229156
83295,0.7434339
81022,0.030884702
112695,0.03538745
88848,0.31256765
21351,0.26803216
26678,0.14423117
78890,0.108642735
117816,0.90388066
105447,0.01658714
47640,0.10307961
32627,0.027758978
113381,0.03463753
34116,0.020910978
132616,0.060204446
82059,0.047861833
44673,0.4063459
132482,0.00604187
5349,0.115245
63386,0.032744545
22824,0.04380783
12691,0.05966535
39743,0.42353985
14635,0.4722027
100706,0.35963422
131352,0.9528096
31992,0.07049547
92720,0.30836168
141580,0.014134934
77217,0.1400496
107696,0.010340326
11146,0.4892358
130202,0.21191278
127067,0.87967986
69258,0.297177
50290,0.17089243
14431,0.011832373
23289,0.038575172
134144,0.050676465
35768,0.09270811
87867,0.15445851
2298,0.07939671
48154,0.02985409
131443,0.10757803
115036,0.023300115
80393,0.011305084
118547,0.28300047
47763,0.020117534
22238,0.46370658
14439,0.015045978
102569,0.00068869826
1796,0.021077288
41259,0.05244191
119223,0.8967324
128890,0.78678066
12346,0.0031687582
74426,0.100323185
97127,0.29314163
135399,0.45119336
64123,0.12585375
97395,0.62793916
47707,0.049185507
81821,0.14726502
62017,0.21020195
29282,0.38962913
107497,0.10963588
144896,0.067410246
80116,0.027660683
106991,0.00130957
136227,0.001955478
141549,0.070928805
19560,0.2583142
75635,0.67597055
110272,0.14928123
138445,0.0012434941
38365,0.3280188
80002,0.099304095
66174,0.082834214
121952,0.0117658
132636,0.18942827
72348,0.0014279376
33665,0.15418977
43313,0.110680684
22896,0.21849135
118096,0.92311764
109058,0.77768975
104670,0.115525134
142739,0.0011538689
100085,0.43960202
30713,0.02453028
5241,0.031565055
37325,0.019562643
83339,0.1729352
66068,0.67952186
7058,0.08353577
101046,0.04958881
137956,0.0135272285
100335,0.15419081
51636,0.0046968674
131335,0.25029644
77497,0.25028828
143921,0.00553237
15197,0.90727043
57137,0.53235686
30387,0.19515894
17905,0.13250323
128314,0.519485
80575,0.3547402
