ID,RainTomorrow
100722,1
30235,0
68428,1
28625,0
31174,1
574,0
120057,0
43058,1
28967,0
90692,1
141571,0
114055,0
85343,0
6335,0
133968,0
108592,1
77310,1
25460,0
73484,1
10040,0
22269,0
126034,0
67032,0
1698,1
122068,0
48228,0
56195,0
93176,1
13969,1
116729,0
145230,0
74673,0
90561,0
118291,0
11833,0
68401,1
79910,0
21979,1
5568,0
127639,0
33926,0
93339,1
43177,0
8287,0
28759,0
129772,0
29041,0
57033,1
79008,0
105987,0
56569,0
45902,0
89923,0
52194,1
71590,0
5242,0
14772,0
31623,0
46123,0
75462,0
10440,0
89985,0
87994,1
21244,0
109665,0
78477,0
81873,1
126096,1
92016,0
90301,1
63023,0
97245,0
79892,0
127489,0
24259,0
62956,0
110423,0
109300,0
84593,1
81257,1
69555,0
142292,0
56008,0
29157,0
40552,0
10121,0
72185,0
142255,0
75357,1
112071,1
11495,0
119985,1
74065,0
49474,0
43502,1
82309,0
51896,0
122945,0
83181,0
84155,0
82326,0
41895,0
87369,0
55650,0
31015,1
127992,0
111439,1
7091,0
108523,0
41677,0
31303,0
69141,0
137668,0
112926,0
76754,0
32866,0
45755,0
78529,0
115130,0
26003,0
70253,1
105896,0
27349,0
136777,0
79930,0
47080,0
119296,0
9068,0
126254,0
128470,1
63749,0
91689,0
12475,0
37008,1
70987,0
141422,1
28256,1
69759,0
11472,1
28127,0
78691,1
140783,0
100840,1
22673,1
58851,0
82207,1
129721,0
21581,0
41017,0
14222,0
117755,0
33632,1
100916,0
73113,1
64648,0
14734,0
121526,1
102237,1
78635,0
43192,0
70096,0
78450,1
98161,0
76817,1
109556,0
54023,1
61810,0
36709,0
26964,0
19380,0
42612,1
48553,0
101641,0
64498,0
137139,0
47223,0
77285,1
110588,1
25278,0
116489,1
71460,0
136136,0
47447,0
98946,0
141508,0
138900,0
51141,0
112110,0
113560,0
74776,0
104500,1
93637,0
57407,0
18577,1
12945,0
107223,0
66218,0
3507,0
132275,1
98887,0
99214,1
22727,0
32297,1
50419,0
118986,0
132231,0
7525,0
65469,0
24778,0
41715,0
93127,0
9733,1
14235,0
38167,0
87290,1
99404,0
35684,0
37871,0
80200,1
142735,0
102981,0
11787,1
142111,1
115678,0
137591,0
54202,1
77399,0
32678,0
18819,0
79264,1
42123,0
47890,0
102468,0
56731,1
53049,0
4538,0
98515,0
19212,1
74321,0
1813,0
69719,1
115808,0
98947,1
2942,0
127105,0
31814,0
30886,0
137742,0
138492,0
81416,1
136953,0
68544,0
46470,0
122126,0
41198,0
46642,0
58178,0
144011,0
77103,0
111702,0
26253,1
88770,0
34574,0
17069,1
12246,0
57072,0
64795,1
47659,0
47654,0
72296,0
133071,0
3783,0
5439,0
112596,1
59109,0
52360,1
28894,0
123565,0
37198,0
126052,0
44708,1
76237,1
50033,1
142582,1
87496,0
38467,0
45736,0
43193,0
30306,1
82203,0
100493,1
24768,1
128305,0
62299,1
134293,0
15526,0
16320,0
125295,0
140441,0
10673,0
91505,0
83237,0
39407,0
62014,1
142121,1
67965,1
138906,0
11568,0
138805,1
33415,0
80696,0
72559,0
52797,0
55482,0
54748,1
114787,0
121392,0
114122,0
120870,0
39175,0
7252,0
70318,0
35626,1
39824,0
124351,0
1523,0
116635,1
88268,1
33492,0
104455,1
53249,0
63070,0
144381,0
10141,1
73717,0
134186,0
142460,0
88677,0
116187,1
144813,0
78863,1
34988,1
72625,1
53892,0
60591,0
29263,1
139177,0
16281,1
88884,0
70695,0
79729,0
22451,1
124885,0
38097,1
30464,0
83946,1
8231,0
122910,0
20845,0
139605,0
54890,0
60992,0
89325,0
130019,0
120923,0
73521,0
62570,1
139839,0
143871,0
43495,0
67474,0
109804,1
53034,0
115187,0
35433,0
5400,0
52971,0
141129,1
7385,0
111708,0
66089,0
38341,0
113061,0
120337,1
123081,0
134670,0
15693,0
133470,0
7382,0
121229,0
11926,0
61221,0
57008,0
2976,1
108245,0
68692,1
103210,0
127218,0
9527,0
110222,0
61160,0
132865,0
62867,0
112382,0
27924,0
111098,0
32190,0
140173,0
10065,1
75042,1
60658,0
124412,0
13638,0
75749,0
91314,0
87868,0
88270,1
81622,1
60344,0
121700,1
51750,0
16766,0
3549,0
40272,0
121713,1
43036,1
110933,1
134073,0
58251,0
139682,1
104019,0
53725,1
12961,0
51358,0
7848,1
59632,0
19793,0
114448,0
123271,0
144817,0
116265,0
4875,0
113128,0
136146,0
106435,0
93564,0
128895,0
26583,0
21438,0
17057,0
7320,0
137211,0
805,0
2185,0
21291,0
116536,0
140129,0
126222,0
34124,0
131499,0
95576,1
12801,0
76589,1
78832,1
133247,0
17096,0
57839,0
137782,0
82128,0
131434,0
127743,0
55662,0
137063,0
10432,0
85613,1
36763,0
98710,0
126518,0
114005,0
69161,0
48442,0
117641,0
27374,1
7877,0
91013,1
120967,0
39112,0
117524,1
57807,1
117155,0
143304,0
35,0
79985,1
1544,0
81729,0
116723,0
43875,0
82909,1
119914,0
79002,1
43326,0
94062,1
138669,0
115280,0
19958,0
138761,0
57977,0
65493,1
64690,0
98354,0
7768,0
101751,0
93711,0
137951,0
93165,0
76693,0
59948,0
142433,0
73588,0
61998,0
94002,0
36927,0
33123,0
77937,0
113544,1
34929,0
21437,0
128191,0
65209,0
60016,0
75385,0
31414,1
13659,0
132196,0
99759,1
72781,0
14844,0
14557,0
82380,0
100458,1
96194,0
27457,0
11502,0
37049,0
117047,0
125255,1
125030,0
93021,0
140323,1
78265,0
63930,0
134146,0
437,0
128319,0
392,1
12848,0
75218,1
121334,1
55852,0
132079,0
123418,0
33968,0
86891,0
20726,0
92749,0
138996,0
91072,0
3305,0
36953,0
115713,0
33870,0
87097,1
46486,0
10390,0
137647,0
129011,0
138930,1
16887,0
130612,0
62414,0
106968,0
129495,1
90702,0
133668,0
82242,0
26517,0
16667,0
60250,0
42119,1
94917,0
68617,1
2131,0
112199,1
48632,0
10513,1
141667,0
11329,0
121718,1
85147,0
58783,0
109694,0
14371,0
69245,1
22654,0
23627,1
142148,1
144008,0
53777,1
26017,0
33071,0
981,0
76375,0
95308,0
137623,0
88478,0
79210,1
47644,0
61365,1
60846,1
73811,0
131620,1
34696,0
53558,1
4156,0
17556,0
115623,0
25067,0
29754,0
143915,0
119792,0
64989,1
55266,0
22034,0
68279,0
113251,1
30674,0
16017,0
90029,0
55822,0
96714,0
31225,0
143042,0
106671,0
8216,0
70516,0
127152,1
131753,0
23605,0
12871,0
122808,1
139757,1
13934,0
29638,1
57583,0
19698,0
67893,1
91609,0
12926,0
108244,0
41110,1
652,0
72867,0
145299,0
125460,1
55537,0
9729,0
123966,0
128784,0
140639,0
2496,0
62731,0
93452,0
96754,0
101489,1
60988,0
27009,0
117333,0
101001,0
4190,0
140760,0
32033,0
102152,0
5060,0
42509,0
12703,0
109305,1
13733,0
108963,0
17038,0
70716,0
134120,0
140332,0
134520,0
16246,0
65524,0
99103,1
89799,1
129465,0
138624,0
97141,0
73849,0
119253,0
105244,0
51062,0
144403,0
143597,0
106821,0
6986,0
47455,0
42005,0
76872,1
71960,1
35998,0
22053,1
128422,1
140120,0
56422,0
96070,0
131577,1
142825,0
53519,0
40084,0
44207,1
75032,0
10871,0
80423,0
81101,0
28772,0
18249,0
76727,0
75472,1
123193,0
89304,0
30943,1
126002,1
42788,0
58209,0
107035,0
123955,0
24451,0
14660,0
87249,1
20327,1
89209,0
38340,1
111047,0
139087,0
18041,0
72843,0
44099,0
118233,0
129093,0
37013,0
127679,0
44627,0
20348,1
8969,0
72799,0
142400,0
66579,0
1060,1
25284,1
123317,0
113475,1
99487,0
16265,0
140313,1
22712,1
139166,0
100659,0
93102,0
35391,0
18906,0
45556,0
76739,0
134063,1
57483,0
128439,1
83314,1
132434,1
107263,0
139939,1
74410,0
128144,0
109390,0
77996,0
72678,0
11408,0
60626,0
7624,0
51905,1
132812,0
119428,0
199,0
100553,0
136054,0
77024,0
94977,0
89935,0
136342,0
7675,0
126266,0
96438,1
27003,0
40077,0
21476,0
85485,0
30521,0
79123,0
9901,1
133896,0
101706,0
82426,1
30480,0
117946,0
71402,0
135316,0
137999,0
143298,0
129866,1
1376,1
7979,0
85702,0
70752,0
90297,1
94941,0
22752,0
134019,0
101929,0
65452,1
115611,1
141981,0
64383,1
84095,0
127451,1
6941,0
132757,1
113486,1
143509,0
129451,1
50169,0
110468,1
74938,0
21373,1
74167,0
113596,1
36998,0
32238,0
51209,1
16500,0
139771,0
94987,0
111528,0
35737,0
5852,0
9583,0
103623,0
140259,0
4897,0
142447,0
28633,1
119306,0
61005,0
107006,0
90449,0
123335,0
94368,0
123718,0
72697,1
105656,0
94353,0
140700,1
109962,0
84289,0
58983,1
128086,1
28473,0
131772,0
116574,0
9250,0
69685,0
133533,0
73630,0
35042,0
53360,0
71187,0
126814,0
37754,0
36589,0
102946,0
121015,0
45354,0
136779,0
106287,1
60252,0
28899,0
38642,1
113528,0
25858,0
118206,0
100565,0
50648,0
9343,0
109375,0
31811,0
30330,0
50782,0
15839,0
108701,0
94735,1
11077,0
36847,0
5652,0
47927,1
101268,0
104549,0
85300,1
63741,0
42210,0
54814,1
15259,1
14805,0
102081,1
40221,0
109353,0
5397,0
144651,0
58513,0
82389,0
26184,0
70368,0
103173,1
118098,1
131319,0
71396,0
77413,0
136973,0
98300,0
106241,0
40974,0
97501,1
15514,0
44980,0
80813,0
13239,1
30078,1
21696,0
61203,0
100077,1
113086,0
2291,0
102686,1
138913,0
101775,1
144812,0
103721,0
46664,0
49183,0
109033,0
49463,1
90309,0
121084,1
99479,0
31023,1
102656,0
45999,0
125219,0
53775,0
39020,0
108739,0
33789,0
67730,0
28355,0
104508,0
30709,1
67136,0
44883,0
64339,1
107902,0
32763,0
142410,0
53424,0
144294,0
20400,1
57076,1
6263,0
130251,0
64626,0
70313,0
125160,0
78142,0
132580,0
144608,0
140284,1
40902,0
95595,0
60503,0
89595,0
57331,1
110709,0
67387,0
24060,0
60081,1
121042,1
108166,0
47096,0
52667,1
9664,0
119782,0
76167,1
49321,0
133433,0
125941,0
30278,0
138439,0
51626,0
76889,1
22350,1
93910,0
21749,0
5520,0
60960,0
11984,1
85155,0
26032,0
50550,0
113443,0
87495,0
94194,0
16786,0
34867,0
129939,0
40368,0
133264,1
106829,0
78328,0
101430,0
62464,0
87318,0
34204,1
29902,0
8694,1
5828,0
20966,0
94233,0
42778,0
104084,0
55349,0
15467,1
108340,0
38219,0
44484,0
127693,0
98449,0
20095,1
123199,0
33223,0
13275,0
136753,0
67215,0
123662,0
84238,1
90187,0
64162,0
125763,1
65740,0
110391,0
135118,0
45963,0
3417,0
123656,0
49072,0
90228,0
523,0
134473,1
89660,1
104134,0
54497,0
14322,0
8749,0
97579,0
123869,0
102750,0
140135,0
127690,0
129229,1
102210,1
1793,0
43567,0
45496,0
66242,0
113609,0
139506,0
116599,1
126512,0
126570,0
23734,1
47086,0
120189,0
94291,0
133574,0
37636,0
99413,0
39763,0
51710,1
23464,1
59364,0
69630,0
34835,0
53495,0
107685,0
6768,0
94018,1
44707,1
45805,0
108253,0
83549,0
84153,0
107703,0
46326,0
13381,0
50762,0
110853,0
134640,0
34245,1
104857,1
36650,0
60828,1
116742,0
45260,1
77436,1
130150,0
142806,0
75350,0
14626,0
114138,1
61781,0
83020,1
90116,1
11981,1
66827,1
95328,0
96187,0
90100,1
41613,1
6562,1
8296,0
84612,1
116552,0
140128,0
37928,0
73800,0
59443,0
70373,0
78850,0
116125,0
67548,0
4791,0
16687,0
97914,0
83501,0
81832,0
11258,0
20171,0
59048,0
48595,0
124676,1
110331,0
82407,0
115479,0
79156,0
9352,0
77751,1
38118,1
97947,0
104325,0
105864,0
93628,0
72717,0
123026,0
104811,0
75006,0
5953,1
130740,1
33426,1
128032,1
100787,0
110440,0
82379,0
122054,0
109654,0
138077,0
25916,1
68577,1
84511,0
12072,0
75656,1
3702,1
50920,0
120007,0
18996,1
136945,0
28417,0
43078,0
126305,0
60473,0
107898,0
46343,0
108795,1
121955,0
28740,0
67870,0
61657,0
82180,0
56344,1
5955,1
74627,0
92746,0
34660,0
58295,0
115388,0
99113,0
104037,1
58150,0
45235,1
102439,0
122038,0
32039,0
115914,0
2853,0
112138,0
41480,0
18119,0
37726,0
82590,1
125320,0
94423,0
121846,0
125729,0
125097,0
24524,0
97423,1
145141,0
62429,0
103465,0
30887,0
88471,0
88395,0
95603,0
76530,1
114648,0
48104,0
73012,0
132084,1
85723,1
142310,0
63950,0
80127,0
80156,0
68613,0
56743,0
14828,0
50872,0
106213,0
121093,0
88225,1
1875,0
99179,1
67185,0
78172,1
1769,0
128,0
44235,0
62194,1
106713,0
96998,0
6793,1
59447,0
59865,0
9188,1
32068,0
32050,0
27840,0
115556,0
108583,0
145035,0
124576,1
69584,0
134287,0
29464,0
14686,0
26240,1
128814,1
134225,0
7930,0
36724,1
136763,0
81240,1
32538,0
35587,0
98765,1
10465,0
53875,1
105009,0
120501,0
133524,1
142879,0
97887,0
32624,1
7340,0
137544,0
106317,0
1877,0
50448,0
96224,0
141210,0
33280,1
45316,0
67544,1
25419,0
95371,0
33439,0
66850,1
85665,1
13023,0
80321,0
33803,1
136814,0
131304,0
33785,1
65169,0
92995,0
111919,0
61846,0
98528,0
117024,0
132733,0
3223,0
18199,0
97421,1
39961,0
37725,0
68036,1
36121,0
77504,0
112888,1
124832,0
111045,1
48019,0
24574,0
133915,0
32150,0
18332,0
4598,0
84102,0
72376,0
31403,0
120506,1
110784,1
125194,1
3904,1
145001,0
8507,1
141520,0
41083,1
118,0
132141,1
7260,0
12185,0
80646,0
29973,0
85672,0
59759,1
135324,0
38221,0
56707,1
45489,1
113231,1
128900,0
104865,0
114697,0
95027,0
59478,0
123446,1
38278,0
62817,1
59034,0
114206,1
15715,0
70870,0
125131,0
19425,1
110531,1
120088,0
93629,0
119138,0
37225,1
136377,0
41332,0
36014,1
134203,1
109354,0
78560,0
75780,0
47538,1
2175,1
37278,0
60120,1
25692,0
28174,1
71281,0
8410,0
41606,0
34773,1
90066,1
34848,0
23822,0
91059,0
46525,1
6111,1
39700,0
135810,0
99445,0
63981,0
141980,0
50879,0
96528,0
112988,0
108908,0
71074,1
73126,0
72415,0
141502,0
56355,1
50226,0
90683,1
94490,0
91052,0
83567,0
53559,0
41565,1
131482,0
59770,1
142152,1
29649,1
116460,0
34948,1
106429,0
91958,1
73447,0
99921,0
129026,1
7715,0
3058,0
130631,0
113773,0
72027,0
115415,0
19290,1
50039,0
119950,1
136650,0
71214,0
3382,0
135771,0
26104,0
92178,0
109981,0
116864,0
123896,0
24538,0
29388,0
21968,0
27054,1
89937,0
108004,0
117780,0
99769,0
111001,0
96664,0
99839,0
11349,1
97438,0
54426,0
133806,1
57710,0
54117,1
85145,0
46049,1
26357,0
14438,0
1276,0
101342,0
56323,1
32490,1
105490,0
86991,0
82245,1
143326,1
108911,0
45904,0
2946,0
51954,0
144660,0
4273,1
34606,0
19582,0
8493,1
85150,0
11115,0
70012,0
91824,1
102804,0
73269,0
79265,1
52317,1
38584,0
122365,0
52513,0
8951,0
123000,0
18843,0
77213,1
56596,0
83377,0
27061,0
46676,0
110408,0
67824,0
47427,0
54038,0
32043,0
63559,0
23788,1
21802,0
107806,0
68011,1
75137,1
96076,0
115990,1
134223,0
36407,0
41147,0
110648,0
144439,0
79492,0
9420,1
74791,0
116226,0
33403,0
88037,1
84183,0
39965,0
44115,0
46724,0
93586,0
41530,0
115148,0
141227,0
137379,0
97906,0
100313,0
76112,0
46758,1
65051,1
85902,1
99089,0
56206,1
30725,0
89191,0
128080,0
135537,0
48728,1
127416,0
70190,1
38030,0
95343,0
62795,1
129295,0
12740,0
117052,0
100140,1
66870,1
79426,0
69736,1
62506,0
98762,0
60889,0
54975,0
123636,0
65468,0
108221,0
85591,0
129223,0
22991,0
95509,0
130528,0
59842,0
97281,0
18821,0
47064,0
26961,0
25327,0
17393,0
113120,1
2035,1
4113,1
27194,0
56266,0
114292,0
117439,0
125657,0
99411,0
53940,0
140047,1
53880,1
79380,0
105645,0
33660,1
15743,0
139941,1
58229,0
142469,0
35937,0
62670,0
142234,0
108462,0
11097,0
77533,0
24927,0
49379,1
82935,0
950,1
88832,0
144151,0
113428,0
89892,0
43666,0
119606,1
35736,0
114631,0
41202,0
112711,0
55041,1
34292,0
79021,1
77015,0
90873,1
49668,0
46822,0
67762,0
68855,0
40321,0
33859,0
24397,0
84357,1
40886,0
31949,0
119744,0
96523,0
12322,0
35278,0
57060,1
109014,0
104618,0
812,0
45027,0
136514,0
10172,0
30131,0
31940,1
65776,0
126785,0
29937,0
135139,0
64527,0
110645,1
51606,0
138771,0
96649,1
5981,0
61184,0
56192,1
136522,1
40890,0
21261,1
106721,0
85828,0
34841,0
89731,1
108556,0
101473,1
107103,0
22544,0
130847,0
31848,1
23212,1
77923,1
130888,0
17525,0
109955,1
24376,0
89335,1
37028,0
24875,0
142393,0
95542,0
26206,0
34927,0
79014,0
86458,1
126586,0
62023,0
94283,0
109821,0
40220,1
106656,1
63439,1
68017,0
140072,1
66369,1
114333,0
144070,0
30919,0
72302,0
96260,0
139118,0
113464,1
9795,1
143916,0
55308,0
66737,0
40519,1
68534,0
28160,0
16387,0
44284,0
129216,0
87169,0
27836,0
106128,0
54144,0
81344,0
36909,0
31201,0
104309,0
19023,1
139630,1
16108,0
75709,0
117885,0
112459,0
77877,0
29748,0
90940,0
126129,0
94414,1
143094,0
126295,0
116691,0
59039,0
111,0
33706,0
99156,0
108069,0
109853,0
56167,1
110986,0
54077,0
76432,1
104340,0
31890,1
78171,1
137588,0
83666,1
21477,0
63071,1
60763,1
58349,1
54172,0
114491,0
35463,0
42836,1
70962,0
89351,1
5602,0
50195,1
53391,0
137595,0
131400,1
65373,0
59002,0
84039,0
67135,1
23045,1
20819,0
112575,1
30571,0
82899,1
78076,0
93656,0
26192,0
76607,0
40381,0
47445,0
81692,1
80345,0
98302,0
34917,1
99223,1
17643,0
106548,0
88630,0
38257,0
15586,0
114572,1
27408,0
19021,0
44647,0
59849,0
103911,0
118705,0
142587,0
120669,1
124293,0
70476,0
136982,0
43631,1
57026,0
41536,0
38991,1
142425,0
98908,0
34343,1
77021,1
134675,1
102962,0
79169,1
17767,0
91003,0
137468,0
144216,1
94163,0
143990,0
48058,0
30953,0
13397,0
27571,1
664,0
77971,0
38763,1
98028,1
34120,1
30879,1
115372,0
89495,1
58741,0
101705,1
83803,0
117008,0
137927,0
14652,0
137463,0
145380,0
28730,0
49437,0
120000,0
105768,0
61407,0
105189,1
58171,0
3167,0
116254,1
41803,0
39832,0
78851,0
81571,0
64917,0
6007,0
72766,0
5062,0
40439,1
74114,0
51347,1
24231,0
117416,0
121648,0
20202,0
101630,0
77405,1
109445,1
111531,0
7384,0
122155,1
80256,0
91315,1
106116,0
41964,0
2997,0
23047,0
88685,1
57198,1
137681,0
10425,0
130968,0
122513,0
9247,1
43459,0
129553,1
132230,0
324,0
81304,1
121126,0
63692,0
100412,1
97709,0
11590,0
36786,0
96576,0
56906,0
39328,0
118428,0
91094,0
95700,0
55801,1
141657,0
144468,0
33474,0
91189,0
28999,1
24907,1
64379,0
120344,0
72924,0
27057,0
63167,0
77947,0
8271,0
102250,1
100422,0
50240,0
41494,0
42207,1
125039,0
42015,0
62368,0
65890,1
137520,1
37401,1
94277,0
44199,0
72904,0
65072,0
40175,0
90365,1
6541,0
137357,0
97894,0
41926,0
59221,0
33196,1
25968,0
7690,0
39840,0
52609,0
97110,0
70415,0
37790,1
4852,0
40111,1
122797,0
114220,1
126940,0
73626,1
77856,0
66547,0
118091,0
140541,0
52334,1
131477,1
61142,0
52273,0
143336,1
49717,0
45523,0
97431,1
44416,1
10767,0
7267,0
134243,0
139181,0
29609,0
1092,0
21885,0
47451,0
75869,1
120910,0
92949,0
83902,1
59161,0
50570,0
15478,0
122806,0
130595,0
70480,0
52736,0
71548,0
88202,0
40867,0
2116,0
94000,1
49625,0
102124,0
60872,1
3415,0
58822,0
114326,0
59266,0
20614,0
88512,0
92830,0
57582,0
122064,0
111085,0
76053,1
121291,1
74387,0
55873,1
87881,0
76835,1
91884,0
94712,0
23574,0
4329,0
82206,1
43015,0
48287,0
62020,0
82884,0
48263,0
112923,1
10554,0
123819,0
65869,0
15334,0
62222,0
30444,0
90452,0
85541,1
660,0
102681,0
90950,0
96999,0
135473,1
11044,0
29306,0
93557,0
92808,1
114368,0
115608,0
74880,0
97049,1
14461,0
105061,0
55039,1
35425,0
84635,1
65191,0
66706,0
133205,0
62751,0
131597,1
54368,0
12079,0
113716,0
21649,0
34497,0
51822,0
12546,0
111013,1
122200,0
68037,1
54475,1
133902,0
72777,0
131546,0
93642,0
104742,0
47495,0
56497,1
39185,0
52641,0
55423,0
41514,1
47791,0
78500,0
144101,0
96113,0
18343,0
90114,1
119402,0
27513,0
50978,0
110403,0
78225,1
60419,0
54053,0
20749,0
91057,0
16043,0
143535,0
141625,0
129463,1
16900,0
66743,0
42871,0
97910,0
8562,0
18939,1
138469,0
52193,0
34879,0
64907,1
53512,0
52221,0
2166,0
83159,1
144152,0
4686,0
56914,0
35606,0
36861,0
124776,0
17847,0
115581,1
84472,0
53568,0
65272,0
4197,0
48957,0
94433,1
127594,0
46883,0
86947,0
86477,0
108631,0
85759,0
91925,0
54420,1
60728,0
123682,0
53667,1
125249,0
84246,0
89698,1
76280,1
25027,0
138435,0
55448,0
101144,1
141073,1
61924,1
62323,1
3419,0
107661,0
72325,0
25058,1
105054,0
29755,0
3143,1
58710,0
36772,0
33042,0
5747,0
71931,0
112665,0
112406,0
111875,1
69785,0
5605,0
34035,0
9178,0
43077,0
133475,0
25325,0
141612,0
62098,0
7332,0
97391,1
129496,0
108151,0
80024,0
54047,0
89570,0
39722,0
509,0
110606,0
53755,1
74359,0
66206,0
94344,1
66814,1
6580,0
55939,0
125869,0
64361,0
123376,0
33186,0
59404,1
76120,1
1455,0
106694,0
100571,0
62985,1
18822,0
127705,1
16522,0
133721,0
61975,0
132103,0
108192,0
143634,0
23670,0
100786,1
71309,0
81764,1
55116,1
143560,0
114735,0
85247,0
51476,0
6739,1
26038,0
125810,1
69859,0
45614,0
46921,0
299,1
134558,0
6607,0
12887,0
32789,1
127906,0
119263,1
112609,0
110360,0
89588,0
102388,0
85577,0
104605,0
135064,0
24902,0
105642,0
122361,0
58343,0
130592,0
74355,0
13248,0
6352,0
56565,0
105991,0
12967,0
94512,0
128463,1
49846,0
41440,1
102973,0
143923,0
109869,0
12897,0
52424,1
4569,0
18443,1
43634,1
67127,0
140892,0
132158,0
32551,0
16437,0
21223,0
65908,1
78165,1
33655,0
54812,1
60839,0
44547,0
13859,0
46678,0
25488,0
5875,0
54540,0
117165,0
80604,0
101162,0
57959,0
23524,0
144533,0
66880,0
125120,0
95051,0
13099,0
123307,1
56141,0
80227,0
23235,0
65090,0
106951,0
140079,1
115960,0
3946,0
16436,0
117573,0
4339,0
8028,0
137101,0
61206,0
137298,0
136325,0
111355,0
62479,0
133869,0
121264,0
119068,0
25784,0
106807,0
141344,0
20515,0
46908,1
32241,0
97815,0
58728,0
66421,0
116381,0
113088,0
38926,0
87445,0
44713,1
99606,1
45624,1
81278,0
77619,1
43929,1
114901,0
113805,0
86569,0
54372,0
131559,1
117747,0
9660,1
43429,1
117073,0
105550,0
9680,0
129459,0
84056,0
57892,1
39639,1
112758,0
113385,0
42611,0
34224,0
102554,0
125997,0
93706,1
82004,1
131327,0
16679,1
51928,0
48469,0
119755,0
131749,0
66944,1
73490,0
92554,0
68425,0
99703,1
61108,0
49401,0
82966,0
31373,1
63953,1
22802,0
51281,0
18534,0
57130,1
24603,0
36512,1
19112,0
37451,0
24930,0
12299,0
100228,0
77848,0
127171,0
86831,0
64356,0
87081,0
18813,0
134578,0
116744,0
84992,0
12948,0
118288,0
60403,0
96681,1
40045,1
69447,0
62789,1
113427,0
7514,0
80231,0
130912,1
103935,0
51252,1
103113,1
16371,0
109355,0
106836,0
143061,1
63067,0
93720,0
90540,0
76372,0
57494,0
103914,0
34311,0
1718,0
13021,0
142992,1
49808,0
73189,0
10884,0
139425,0
10642,0
10508,0
16430,0
113293,0
138096,0
62082,1
66951,0
29424,0
95902,0
83234,0
35299,0
118347,0
34108,0
80114,0
29159,0
54658,0
53126,1
66265,1
88474,0
102368,0
100293,0
134241,1
16315,0
122466,1
64877,0
121661,0
34142,1
142624,1
79480,0
50159,0
49995,0
61415,1
48066,0
120605,1
102689,1
64708,0
86448,0
91167,1
91822,1
128050,0
99270,0
130111,0
16673,0
119243,1
40914,0
7108,0
4990,0
43757,1
137749,0
87238,1
106513,0
99673,0
108292,0
45567,0
1286,0
25306,0
69666,0
84418,0
58676,0
16442,0
123388,0
113814,1
73313,0
117223,1
17639,0
44843,0
19142,1
24375,0
58062,0
113091,0
550,0
21621,0
6094,1
42740,0
81024,0
139984,1
64425,0
67632,0
29065,0
28428,0
72597,0
142950,1
4416,0
25319,0
80475,0
122086,0
129820,0
111832,1
7447,0
55111,1
114876,0
21094,1
21411,0
33472,0
1935,1
138714,0
38389,1
30811,0
2589,0
50368,0
110457,1
72022,0
20671,0
40098,0
6517,0
124377,0
52478,0
21929,1
15268,0
27973,0
113887,0
116340,0
127513,0
86993,1
100942,0
96407,0
58273,0
134133,0
117276,1
55067,0
80016,0
29218,0
53723,0
138175,0
122527,1
109336,0
59385,0
13611,0
131811,0
6423,0
1551,0
22804,0
111545,0
97303,0
74915,0
130196,1
114553,0
23663,0
18705,1
96273,0
37580,0
25670,0
58384,1
139172,0
128851,0
89225,0
81731,0
24559,1
27156,0
87988,0
84599,0
12433,1
71222,0
60427,0
132107,0
135777,0
133256,0
9574,0
28090,0
121750,1
74021,0
100328,0
132488,0
116849,0
3788,0
69009,0
6412,0
125180,0
82920,1
23130,0
98644,0
83680,0
130063,1
10629,0
81342,0
49843,1
42186,0
24160,0
32165,0
60526,0
53601,0
88931,1
59660,0
71013,1
36994,0
51859,0
67001,1
100199,0
26328,0
105602,0
11462,1
29947,0
108813,0
92381,1
14197,0
23580,0
115087,1
55317,0
23707,1
28169,0
64086,1
128967,1
43811,1
103129,1
59448,0
102924,0
83202,0
98960,1
48173,0
135126,0
145283,0
16599,0
64577,0
63527,0
95605,0
108083,0
137769,0
74178,0
142560,1
111893,1
84859,0
112288,0
1957,1
58350,1
44973,0
3897,0
60887,0
46255,1
9957,0
95808,1
78475,0
100689,1
139114,0
11338,0
6873,0
89520,0
33128,0
5255,1
64387,0
6397,0
35725,0
120206,0
68533,0
30964,1
64273,0
89496,1
17684,0
65846,1
63190,1
40428,0
82556,1
63932,1
7880,1
133175,0
27614,0
141124,1
85165,0
106052,0
80842,1
104116,0
92538,1
60209,0
28818,0
38274,0
45145,0
86606,1
69034,0
129246,0
106987,0
114627,0
127466,0
134505,0
107580,0
143808,0
130349,0
92734,1
56136,1
28136,0
139880,0
119899,1
124290,0
66397,1
113190,1
139466,0
37692,0
36886,0
66832,1
27668,0
77201,0
31070,1
81779,0
119246,0
16634,0
71867,0
123660,1
70365,1
122603,0
80503,0
18901,0
70386,0
111920,0
131508,0
86454,0
123641,0
42264,0
137609,1
76380,1
11081,0
70439,0
120472,0
40157,0
43943,0
116666,0
19742,0
121113,0
9821,0
130615,1
97115,1
113049,0
51536,0
134217,0
133340,0
100483,1
128006,1
4728,1
23531,0
135730,0
13593,0
37921,0
101559,0
85778,0
13131,0
132433,0
130808,0
8925,0
107406,0
1690,0
79854,0
2153,1
127063,1
46355,0
71374,0
9759,1
126252,0
87012,0
139130,0
124750,1
144862,0
40717,1
38505,0
26786,0
96258,0
83506,0
111106,0
2965,0
11447,0
83470,0
24612,1
79462,1
329,0
107369,0
34197,1
21004,0
2519,0
84791,1
103233,0
85763,1
134980,0
73803,0
59663,0
96411,0
65803,0
6731,1
52565,0
30697,0
26203,0
136112,0
42475,0
117041,0
90996,1
95635,0
84188,1
3320,0
129856,1
61627,0
76632,1
101782,0
26424,0
94924,0
96588,0
140399,1
1442,0
56781,0
33686,0
27346,0
32729,1
54993,0
133375,0
78750,0
112579,1
20591,1
4524,0
92708,0
93171,0
112451,1
86736,0
86445,0
115157,0
64531,0
70429,0
58228,0
53963,0
13217,0
29354,0
130679,0
51919,0
140798,0
104329,0
143496,0
35668,0
113493,1
10868,0
15571,0
58790,1
36504,1
74692,0
29129,0
91009,1
25082,0
51464,1
8090,0
16671,0
64504,0
57577,1
53930,1
106546,0
4205,0
9581,0
10836,0
68944,0
79121,0
116662,0
34232,0
92029,0
81021,0
66110,0
122846,0
83164,0
117610,0
133008,0
87953,1
56496,0
4160,0
134588,0
139886,0
119886,0
33817,0
82104,0
133337,0
16114,1
107362,0
120219,0
48838,0
26780,0
139919,0
123502,1
48350,1
101644,1
95566,0
130701,1
99209,0
39019,0
122420,1
141273,0
132752,1
42225,1
140098,1
121728,1
120515,0
92332,0
99819,1
96389,1
66137,0
50657,0
121964,0
109676,0
22689,1
20307,0
36866,0
127097,0
5067,0
131179,0
128573,0
134242,1
35118,0
51578,0
55279,0
43608,1
101662,1
81388,0
70617,0
8740,0
120095,0
30321,0
27719,0
142418,0
36174,0
16184,0
106680,0
100329,0
62367,0
109670,0
28193,1
20219,0
112950,0
63672,0
75468,1
108105,0
27645,0
19737,0
108207,0
39293,0
1600,1
4194,0
20872,1
423,0
32340,0
27247,0
124208,0
1203,0
113713,0
43856,0
58752,0
131845,0
32281,0
141862,0
7356,0
37664,0
79322,0
109532,0
81684,0
91492,0
46947,0
42730,0
57219,0
136507,0
69921,0
97940,0
115915,0
98756,1
74472,0
32674,1
115637,0
77064,0
32619,0
89794,0
81333,0
83327,0
102682,0
63751,0
107377,0
117471,0
86552,0
115127,1
141222,0
99196,0
34824,0
136865,1
9455,1
115778,1
32914,0
96110,0
51147,0
65006,0
116494,0
76672,0
107082,0
24174,0
38607,0
42446,1
120808,0
30666,1
92106,0
108574,1
27657,0
116905,1
32045,0
111254,1
79801,0
6232,0
130674,0
51308,0
99840,0
59916,0
119827,1
43108,0
68453,0
144702,0
140971,0
122052,1
41792,0
73942,0
71210,0
34356,0
64657,0
63483,0
37301,1
22035,0
33563,0
70433,0
7129,0
105754,0
41252,0
24953,0
66475,0
18968,1
48467,0
56070,0
26477,0
114094,0
21777,0
70838,0
25947,0
132893,0
39732,0
126481,1
97975,0
12860,1
109096,1
116990,0
109282,1
81535,0
124826,0
118458,0
44795,1
115547,1
64197,0
124187,0
127395,1
117363,1
63787,0
143504,0
137478,1
56393,1
111065,0
67065,0
97033,0
72173,0
88762,1
71287,0
71609,0
74589,0
91291,0
126666,0
39440,0
6096,1
132793,1
115512,1
60284,1
105778,0
91083,0
28320,0
93088,0
14187,0
83194,0
84363,1
88324,1
30032,1
89286,0
138253,0
53486,0
15729,0
120346,1
6073,0
1479,0
31400,0
122827,0
9888,0
11563,0
97530,0
59519,0
41679,0
10142,0
126079,0
2450,0
86636,0
13696,0
42540,1
62079,0
106736,0
96284,0
9637,0
124994,0
58256,0
119507,1
124478,0
77188,0
105242,1
76010,1
115860,0
75293,0
106582,0
122099,0
67277,1
105446,0
113976,0
138308,0
104226,0
120569,0
116031,0
21570,0
17234,0
70027,1
113286,0
66710,0
30663,1
130064,0
141569,0
119195,1
84121,0
99244,1
138437,0
79957,0
88481,0
119433,0
39099,0
89083,1
123846,0
119632,0
70856,0
42144,0
60167,0
32936,0
19411,0
63894,0
135630,0
98557,0
131518,0
40608,0
31894,0
77008,0
33565,1
124374,0
43685,1
67037,1
126642,0
86126,0
12715,0
87948,0
112434,0
142646,1
92383,0
3492,0
108075,0
38165,0
128541,0
227,0
51790,0
26682,0
51175,1
143265,0
85256,0
100818,1
86410,0
36472,0
37165,0
105086,0
3078,0
82492,0
127257,0
130380,1
18170,1
107012,0
21942,0
29529,0
106519,0
24392,0
142137,0
29522,0
2120,0
128809,0
90567,0
77290,1
93702,1
23496,0
24680,0
11134,1
125553,0
62375,0
71619,0
76741,0
27445,1
83841,0
39657,1
143173,0
109672,0
62112,1
9448,0
67207,1
60928,0
102197,1
97234,0
48020,0
35271,0
84920,0
33457,0
13939,0
56435,1
56002,1
59411,1
133454,0
63897,0
144171,0
8076,0
50485,0
103741,0
20226,0
20960,0
24185,0
114146,0
39864,0
54774,1
73064,1
106818,0
101276,0
85413,0
138749,0
90144,0
55647,1
40350,0
27646,0
43041,0
53444,1
27235,1
83687,1
94879,0
133321,0
103902,1
9559,0
10937,0
79126,0
59627,0
62413,0
4047,1
52566,0
10875,1
76270,0
14644,0
106891,0
13482,0
139493,0
54009,1
9000,0
74813,0
143674,0
69294,1
1971,0
38104,0
141270,0
33344,0
5056,0
65677,0
52506,0
54720,1
138088,0
116506,0
66403,0
34946,0
6383,0
100953,0
132679,0
34819,0
132602,0
23569,1
66354,0
83427,0
116887,0
143778,1
113732,0
54389,1
24041,0
69917,0
104517,0
19878,0
81953,0
11403,0
21197,0
135401,0
28714,1
23746,0
55967,0
124688,0
84657,0
71898,0
143145,0
125512,0
91747,0
39459,0
72528,0
61453,1
40992,0
92796,1
140691,0
132918,0
98772,1
94641,0
24384,0
130693,1
81636,0
57625,0
23059,0
132983,0
108266,0
76955,0
24163,0
138340,0
13371,0
144526,0
79706,1
128865,0
76778,0
132642,0
139088,0
20396,0
20691,1
65341,0
33608,0
27292,0
21121,0
119630,1
135529,0
54353,0
80742,1
19510,0
113870,1
15240,0
7704,0
14401,0
74721,1
83047,1
100047,0
29647,0
114669,0
136090,0
35902,1
41513,1
96996,0
109729,0
30524,0
86307,1
22649,0
70988,1
114740,0
38064,1
261,0
104331,0
106219,0
117957,0
11864,0
42833,0
104980,0
36712,1
64252,0
140684,0
52213,0
61110,0
114650,0
2105,1
104300,0
103978,0
72327,0
112072,1
71150,0
100559,0
27631,0
136610,1
104180,1
21347,0
30812,0
24583,1
21315,1
59108,0
122041,0
122957,1
40035,0
104147,0
78136,1
125412,0
123436,0
130870,0
29480,0
113543,1
45673,0
124223,0
98504,0
60257,0
2072,0
39027,1
126950,0
28331,0
87683,1
126784,0
50770,0
18714,0
107876,0
121582,1
47817,0
14160,0
106676,0
23492,0
25708,1
111164,1
114807,1
94126,0
10906,0
57735,0
89843,1
11501,0
133953,1
94242,0
120977,0
1314,1
49862,0
109590,0
88849,1
144902,0
110315,1
27071,1
144402,0
102014,0
109278,0
143433,0
136534,0
72098,0
126749,0
72526,0
105290,0
22423,1
139546,0
19281,1
100360,0
133839,0
46006,1
81356,1
13216,0
36691,0
9462,0
83539,0
136819,0
117150,0
22935,0
112160,0
51579,0
42573,0
127985,0
132910,0
15761,0
123270,0
107230,0
144575,0
85336,1
115516,1
134742,0
99191,0
9775,1
24211,1
122972,0
82879,1
105651,0
118887,0
44780,1
112644,0
143019,1
11079,0
127005,0
79328,0
85516,0
113071,0
102965,0
95016,0
110937,1
117426,0
102423,0
142027,0
119566,1
95606,0
87521,0
57960,0
43864,0
55639,0
135815,0
18380,0
28140,0
32272,1
145038,0
143264,0
68474,0
117228,1
67975,1
86971,1
53715,0
127621,1
116869,0
35480,0
13706,0
13815,0
2832,0
142378,0
41063,1
59843,0
139405,0
37767,1
110075,1
34456,0
137002,0
48622,0
8443,0
96526,0
56310,0
54630,0
135153,0
40733,0
31932,0
76663,1
28042,0
104523,0
40407,0
120,0
78395,1
7285,0
57791,0
73797,0
20356,0
53123,1
31905,0
117911,0
28959,0
95752,0
138098,0
22787,0
137676,0
134930,0
84487,0
29413,0
31836,0
70634,1
73409,0
86788,0
48483,0
74134,0
51860,0
71739,0
31556,1
104388,1
91685,1
134134,0
31854,0
114019,0
90429,1
33092,1
17002,1
143480,0
132338,1
117648,0
111397,0
18540,1
28007,0
139872,0
90843,1
61907,0
110153,0
69138,0
106663,0
32742,0
82255,1
69631,0
23858,1
103837,0
34138,1
79676,0
18198,0
44046,0
86150,0
44062,0
40989,0
48747,1
136566,1
31054,0
96691,0
73731,0
30905,0
79677,1
103530,1
10033,1
105916,0
31993,1
36958,1
114972,0
144226,0
4008,1
90536,1
79001,1
89724,1
40067,1
120024,0
65713,1
133518,0
34652,1
39766,0
73615,0
133274,0
24798,1
76690,1
54421,0
78586,1
81488,1
89217,0
57464,0
45237,1
72970,0
106409,0
9393,1
45008,0
50389,0
118877,0
59576,0
109421,0
109916,1
141630,0
41081,1
81640,1
74828,0
944,0
92573,0
19108,0
68028,1
40007,0
63584,0
87089,0
58545,0
44176,0
80184,0
57640,0
12888,0
141082,1
34990,0
109395,0
108193,0
71451,0
144396,0
989,0
116528,1
18148,0
134693,1
22199,0
141439,1
87372,0
6185,0
69521,0
13897,0
74927,0
19081,0
13586,0
142399,0
124390,0
36403,1
133394,1
74174,0
92313,0
50743,0
77139,0
64014,1
7256,0
46939,0
68118,0
90404,0
141371,1
125591,1
34016,0
67599,0
124190,0
114087,0
84532,0
13126,0
12499,1
106922,0
144081,0
120539,0
92201,0
112268,0
98620,0
74365,0
26971,0
124644,0
113056,1
38707,1
136163,0
139352,1
11738,0
45819,0
74663,0
27920,0
39337,0
7917,0
111341,1
24841,0
100663,0
90580,1
43654,0
131882,1
109111,0
101780,1
126327,0
49334,0
59171,0
80628,1
108679,0
103969,0
71482,0
89848,0
104837,0
28323,0
52945,0
109939,1
104413,0
45769,0
107971,1
32434,0
94005,1
45482,0
37950,1
38067,0
45989,0
79314,0
27245,0
43434,0
133172,1
133857,0
60759,0
59848,0
61043,1
46967,0
113350,0
105185,0
94769,0
104632,0
108471,0
68145,0
44997,1
64585,0
138200,0
136404,0
65560,0
59099,0
141994,0
123518,1
143885,0
141849,0
78857,1
51887,0
2585,0
103894,0
24499,0
122852,0
67132,0
134341,0
62227,1
45519,0
1031,0
49561,0
9710,1
57223,0
123813,0
107430,0
119176,1
34387,1
130934,0
52507,0
31391,1
71767,0
22201,1
144980,0
33375,1
102295,1
14138,0
107487,0
143203,0
75439,0
80630,1
103456,0
115409,0
5099,0
17955,0
81695,0
116491,0
68745,0
10057,1
37285,0
66087,0
37795,0
56639,1
139752,1
131913,1
141067,1
127279,1
142782,0
107268,0
45329,0
39605,0
100996,1
68885,0
79292,0
37804,0
56030,0
45463,0
104832,0
62532,1
56037,0
22984,0
136581,0
59078,1
125981,0
98367,0
25427,1
87727,0
89919,1
135124,0
52568,1
43280,0
2402,0
136246,0
82202,0
78747,0
60082,1
143428,0
13481,0
58556,0
131513,0
3289,0
27757,0
12994,0
80282,1
47934,0
8369,0
49239,0
59206,0
87352,0
15687,1
122315,1
93515,0
22357,0
107817,0
78532,0
37833,0
28662,0
114527,0
18876,0
90821,0
81615,1
73967,0
86300,0
61041,0
43255,0
101040,0
25803,0
46264,1
28925,1
91352,1
52582,1
142775,0
80655,0
5091,0
93199,1
63978,1
106609,0
112833,0
78307,0
50366,0
75882,1
116688,1
22033,1
56129,0
14962,0
83343,0
43063,0
96375,0
31565,0
60267,0
22143,0
5642,0
31956,1
62672,0
69697,1
10407,0
143224,0
71321,1
32719,0
88875,0
23029,0
88869,0
140440,1
67921,0
134813,0
8866,0
137359,0
94213,0
50323,0
93583,0
116620,0
35987,0
14045,0
75534,0
27926,0
52161,0
122774,0
80088,0
54063,0
127768,1
106608,0
84851,0
39116,1
35942,0
98959,0
91926,0
84177,0
44721,1
38161,1
86439,1
24787,0
85199,0
36967,0
9385,0
53022,1
138557,1
107259,0
65496,0
16636,1
59121,0
116956,1
70945,0
93258,0
59898,0
10980,0
130005,1
5016,1
27450,0
105689,0
15662,1
101829,0
131246,0
56257,0
53276,0
34951,0
20098,0
67490,1
133913,0
126438,0
32703,0
42383,1
26754,0
8656,0
119879,0
93535,0
58847,0
45686,1
88238,0
19184,1
111243,1
36626,0
107787,0
10325,0
79730,0
7585,1
69689,1
16605,0
18903,0
83411,0
79933,1
39790,0
87648,1
8093,0
48037,1
38902,0
55036,0
115238,0
116690,0
113920,0
23769,0
117702,0
68530,1
59280,0
50745,0
125450,0
57910,0
52362,1
32933,0
112937,1
109263,0
129613,0
33779,1
105545,0
99409,0
105815,0
51728,0
91000,0
105058,0
129690,0
137651,0
126410,1
70198,0
13524,0
70258,0
263,0
122130,0
122080,0
84567,0
103262,0
144500,0
80814,0
61665,0
121199,0
44760,0
72479,0
47483,0
95513,0
115058,0
37900,0
71784,0
82619,0
103273,0
26181,1
143807,0
132900,0
72699,0
109671,0
129922,1
2961,0
100609,0
58164,0
129477,1
90179,0
144399,0
135882,0
27727,0
19448,0
108829,1
13925,0
129626,0
113375,0
127027,0
70754,0
93512,0
130263,1
7961,0
69356,0
15043,1
98379,0
65935,0
113531,1
23406,1
106225,0
77802,1
127996,0
56387,0
10551,0
22125,0
27667,0
138274,0
135819,1
137908,0
82386,0
39401,0
127931,0
143482,0
36494,0
15828,0
126030,1
99045,0
66526,0
57419,0
16677,0
50354,1
132563,1
91490,1
5513,1
75141,1
30834,0
90789,0
99189,0
20038,0
32405,1
14767,0
65856,0
82509,0
130557,0
17815,0
115506,0
30177,1
98154,0
3207,1
35492,1
105681,0
94513,0
47465,0
71078,0
89341,1
33775,0
23445,0
135816,0
73559,1
22050,0
66957,0
14232,0
17997,1
28438,0
109448,0
101184,1
50861,1
10222,0
3428,0
100196,1
126739,0
107756,0
60302,0
23382,0
102137,1
104643,0
94016,1
30103,0
135224,0
129233,0
117785,0
74531,0
89741,0
104173,1
82687,0
103138,0
139736,1
7243,0
107889,0
36359,0
57951,0
132545,1
78910,1
108383,0
35991,1
59135,1
111805,0
90962,0
82883,0
142653,1
100739,1
58578,1
135765,0
70861,0
20547,1
7322,0
53436,0
39895,0
11884,0
141742,0
92334,0
119163,0
68272,0
101739,0
27967,0
34083,0
130623,1
63890,0
40259,0
83618,0
93338,1
19186,0
140054,0
35068,1
99001,0
18523,0
119517,1
36519,0
133450,0
12996,1
72925,0
28863,0
23306,0
86565,1
47180,0
143260,0
86330,0
31838,0
822,0
133382,1
88829,0
54563,0
89689,1
11405,0
4872,0
90463,0
57709,0
49518,0
17114,0
58460,1
79280,0
140670,0
47121,1
120981,0
131280,1
83876,0
110502,1
92034,1
93873,0
34536,0
64435,0
92395,1
103765,0
123484,0
77448,0
127571,0
51286,0
27171,0
110535,1
60542,0
46720,0
88052,0
11608,0
48036,0
91899,0
7821,0
113258,0
127151,0
56549,0
64329,0
1500,0
47706,0
46021,0
79201,1
46520,0
145032,0
112067,0
66590,0
10891,1
122839,0
62216,1
10179,0
145289,0
11674,0
16870,0
16702,0
140497,0
30003,0
32620,0
116154,0
136503,0
106232,0
138863,0
27274,0
142609,0
68446,0
113909,0
42211,0
80091,0
124438,0
60330,0
42269,0
130446,1
106705,0
83224,1
108763,1
68184,0
12001,1
19149,0
47394,0
62860,0
120089,0
85612,1
87335,1
16727,0
17034,0
10768,1
32651,0
105221,0
118144,0
18043,1
69239,1
26870,0
94589,0
11543,0
60672,0
138825,0
131739,0
24543,0
34494,1
127803,0
55136,0
112479,1
129590,0
24478,0
55855,0
88664,1
33568,1
78552,0
41554,0
16253,0
32444,0
66775,0
57007,0
66841,0
13882,0
52116,1
46617,1
118740,0
82767,0
47587,1
91210,1
64901,0
30229,1
85316,0
54795,1
129226,1
140496,0
97660,0
10959,0
804,0
144158,0
122195,1
25428,1
28803,0
122106,1
24757,0
88420,1
68942,0
22619,0
27898,0
74031,0
142528,0
106601,0
68281,0
49744,0
19965,0
115622,0
53515,0
73348,0
61719,0
96868,0
79100,0
122515,0
140847,0
15882,0
119093,0
2224,0
35643,0
139416,0
20185,1
111041,1
96601,0
4083,0
143031,1
101394,1
125006,0
85884,1
135341,1
79270,0
126549,0
118258,0
23297,0
130265,1
91791,1
94158,0
66056,0
124690,0
105976,0
108533,0
70759,0
128824,0
45176,0
2104,0
30096,0
112164,1
140743,0
2000,0
24739,0
116799,1
32583,1
6356,0
12805,0
95594,0
114018,1
48809,1
75801,0
129389,0
22351,0
74539,0
18061,0
55065,1
129029,1
33999,1
52523,1
138762,0
102051,0
134325,0
100600,0
137035,0
128329,1
40826,1
121749,1
71788,0
46057,1
89941,1
21031,1
106096,0
70590,0
42513,0
90930,0
130576,0
69263,1
80304,1
70974,1
145255,0
32810,1
5224,0
80268,0
65618,0
12534,0
73957,0
111878,0
19357,0
86312,1
8292,1
16524,0
33657,0
77066,0
14356,0
89261,1
131023,1
85963,0
78558,0
117005,0
88236,0
3977,0
24208,0
122461,1
104098,1
84921,0
144778,0
41559,0
83345,1
90905,0
24168,0
74623,0
127148,1
61302,0
4423,0
72012,0
39889,0
100421,0
1861,1
138804,0
75781,0
4636,1
138877,0
106619,0
64822,0
102158,1
79572,0
113499,1
119972,1
123763,0
54270,0
144417,0
82930,0
102729,1
58257,0
13620,0
128498,0
59379,0
47257,0
128764,0
71563,0
14517,0
135616,0
133864,0
22993,1
139361,0
49042,0
21700,1
5318,1
93634,0
131307,0
55235,0
36317,0
89196,0
92209,0
23812,0
11555,1
81026,0
50317,0
42755,0
34221,1
3952,0
33672,1
52784,0
91777,1
102583,0
110733,0
13313,0
51083,0
136348,0
136221,0
66639,0
133607,1
135023,0
93755,0
16241,0
38562,0
107139,0
39109,0
106005,0
69945,0
77460,0
6214,0
140758,1
100554,1
49282,1
118088,0
89760,0
82793,0
8559,0
115862,1
25581,0
75242,1
115822,0
87729,0
120058,0
59674,0
74335,0
72852,0
14664,1
66637,0
25390,0
53074,0
81238,1
36568,0
8744,0
115523,1
80496,0
33055,1
143581,0
102874,0
122681,0
114524,0
23253,1
82747,0
51466,0
31411,1
139569,0
38473,0
134100,0
50732,0
33110,0
33424,1
28642,0
99714,0
82940,1
82814,0
102354,1
131113,0
60760,1
1811,0
25768,0
128344,0
76017,0
97299,0
142923,0
32514,0
56220,0
124743,1
36971,0
66425,1
26549,0
140113,1
101413,0
111381,0
66188,1
78767,0
58290,1
93659,0
103979,0
64560,0
144490,0
31325,0
118078,0
51868,0
25622,0
6805,0
15886,1
111499,0
51438,0
94470,0
125123,0
125624,0
114831,0
123409,1
61267,0
15254,0
57055,1
69348,0
4657,0
36217,0
21520,0
23118,0
89367,0
18772,0
81245,1
49130,0
74277,0
90075,1
101621,1
4336,0
70585,1
57508,0
48655,0
72078,0
144908,0
108787,0
138094,0
122193,1
42523,0
120033,0
130384,0
141825,0
65269,0
105332,0
120620,0
88408,0
33637,0
139755,0
113664,0
133260,0
44535,0
45341,1
142075,0
60056,1
68130,1
87362,1
16592,0
87124,0
114037,0
71403,0
40940,0
47691,0
140244,0
114891,1
142165,1
80464,0
51450,1
77909,0
21757,1
102539,1
61849,0
131484,0
113256,0
80519,0
23041,0
57074,0
94630,0
43475,1
113799,0
29136,0
53618,0
38669,0
26279,1
94226,0
81979,0
113413,0
5174,0
38143,0
96107,0
48982,0
142028,0
90338,0
28511,0
48219,0
70328,1
74385,0
5736,0
77692,1
135278,1
123674,0
38518,1
38293,0
105378,0
113345,0
114894,0
82846,1
33212,0
89439,0
106279,0
78885,0
65290,0
68366,1
22493,0
109068,1
142034,0
69774,0
99763,0
115908,0
123106,0
54439,0
46745,0
115819,1
22919,0
42621,1
130176,0
139566,0
28204,0
135291,0
24501,0
50545,0
50646,1
111700,0
67091,0
15843,0
6451,1
14181,0
55863,0
37054,1
99152,1
133947,1
12995,0
118556,1
116399,0
96471,1
41728,0
61561,0
6665,0
123809,0
26395,0
15316,0
85342,0
127368,0
38081,0
119979,0
34089,1
63784,0
123916,0
134692,0
36116,1
1572,0
119432,0
140361,0
46083,0
53153,1
51763,0
96038,0
110236,1
105935,0
33475,0
123725,0
135491,0
119266,1
7694,0
35178,0
85872,0
88346,1
132365,1
139928,0
36487,1
94436,0
91894,0
56256,1
64921,0
102436,0
108896,0
2889,0
136014,0
73637,0
16096,0
82696,1
89291,0
94132,0
128293,0
108750,0
136336,0
110388,0
31313,0
55551,0
108318,0
139308,0
78882,0
21325,0
96927,0
115414,0
113279,0
131372,0
113208,1
77279,1
29658,1
13565,0
2213,0
109209,1
106149,1
103963,0
53997,0
54402,1
24284,0
51505,0
21624,0
96180,1
112828,1
214,1
143974,0
138425,0
125821,0
5534,1
23598,1
37156,0
56911,0
57504,0
45922,0
99168,0
37727,0
137318,0
112310,0
24267,0
136738,0
51924,1
137577,0
118627,1
145267,1
70690,0
27843,0
57363,1
69606,0
93876,0
65307,1
30669,0
138659,0
45666,0
42405,1
60057,1
144691,0
134684,0
121633,0
39804,0
4013,0
16886,0
59636,0
39591,0
87532,0
35224,0
107808,0
46566,1
133643,1
126781,0
95263,0
64523,1
125964,1
131693,0
84535,0
17269,0
21980,1
46634,0
26457,0
50834,0
61616,0
62546,0
47298,0
108871,0
10342,0
117525,1
82770,0
109184,1
28502,0
47466,1
141100,1
26263,0
60576,0
107531,0
36890,1
83513,1
100499,0
84366,0
72107,0
102394,0
120985,0
69172,0
51620,0
36726,0
104852,0
33884,0
57423,0
144742,0
88392,0
57933,0
47011,0
91450,0
59772,0
139090,0
9254,0
139279,1
76123,0
17797,0
21679,0
142803,0
69187,0
95590,0
37814,0
113810,1
85295,1
71347,0
52707,0
92656,0
36038,0
65886,0
143208,0
90507,1
21093,0
65518,1
22052,1
111262,1
123605,0
93623,0
134925,0
49296,0
12712,1
76988,0
144703,1
37975,0
14086,0
69260,0
47740,0
95065,0
8567,0
66490,0
12679,1
135034,0
78266,0
32232,0
92904,0
22769,1
92488,0
76111,0
87908,0
35599,1
77812,1
74553,0
28419,0
108251,0
114733,0
113782,0
131193,0
66118,1
69699,1
104138,0
43868,0
16045,0
100974,0
81823,0
71859,0
89489,0
42039,0
126341,1
55838,0
27999,0
15573,0
964,0
15889,1
139717,1
123974,1
56123,0
1033,1
41900,1
40268,0
130768,0
135766,0
49190,0
45231,0
113229,1
46993,1
140321,0
43980,0
118367,0
115751,0
33253,0
90937,0
38677,0
66144,0
98196,0
40079,0
112532,0
137728,0
43487,0
130951,1
20195,0
9208,0
51771,0
45340,1
84400,0
144461,0
98142,1
55373,1
143365,1
72002,0
39158,0
80714,1
33279,0
116080,0
13654,0
134797,0
135376,0
74197,0
105572,0
83451,0
86418,0
102454,0
18830,1
18297,0
144810,0
61024,0
82540,0
122598,0
34880,1
63864,0
103335,0
12054,1
7192,0
102200,1
8278,0
68791,0
105502,0
29390,1
117676,0
31464,0
76075,1
111083,0
144625,0
116983,0
112730,0
8448,0
78251,1
52353,0
21681,1
31774,0
98669,0
10597,0
127894,1
499,0
59580,0
140237,0
91084,0
19242,1
92161,0
143927,0
14819,0
132168,0
107829,1
113254,1
10464,0
120294,1
138691,0
38585,0
100303,0
87762,0
53154,1
134910,1
30403,1
141726,0
111485,0
106124,0
51397,0
40066,0
50830,0
57418,0
133556,1
25059,0
16302,0
87677,1
69793,0
44302,0
92427,1
62629,1
96290,0
107551,0
120998,1
118732,0
115085,0
63597,0
137691,0
25386,1
103346,0
129803,1
125963,0
27658,0
119229,1
87385,0
31703,0
73173,0
78369,0
57660,0
65101,0
113699,0
26411,1
126092,0
44180,0
17800,0
23679,1
59749,0
72287,0
10198,1
57899,1
78665,1
96668,1
64257,0
112700,0
136496,0
77957,1
67986,1
85598,0
25672,0
125831,0
104570,0
102949,0
111599,0
116486,1
8267,0
2202,0
113785,0
88343,1
106339,0
90109,1
2592,0
115284,0
95632,0
20430,0
52154,0
118977,0
1350,0
135020,1
143513,0
103050,0
60139,0
57047,0
68030,0
86108,0
53941,0
90305,0
106056,0
113662,1
72029,0
79146,0
61018,0
78337,0
1539,1
19816,1
116409,0
133097,0
6257,0
30070,0
100683,1
49076,1
86982,0
100653,0
9980,0
122719,1
27966,0
129110,0
32091,0
131230,1
97518,0
53726,1
69788,0
117559,0
33178,0
63041,0
51682,0
113955,1
5615,0
6178,0
3288,0
47401,1
81325,0
31210,1
110367,0
48194,0
33826,0
13044,0
103759,0
52844,0
86052,0
144154,0
109828,0
11132,0
104249,0
64986,0
102157,1
27381,0
117581,0
107774,0
33635,0
22365,1
90310,0
88001,1
115639,0
63017,0
118068,0
36286,0
92150,0
83368,0
88821,0
93293,0
37399,0
41088,1
14901,0
14274,0
47221,0
81203,0
111626,0
77154,0
129774,1
33309,0
38266,0
33256,0
123024,1
75144,1
59816,0
142383,0
21657,1
117865,0
19708,0
142465,0
35107,0
5708,0
7948,0
131163,1
130771,0
84528,0
135589,0
109708,0
116670,0
124227,0
140711,0
7820,0
140640,0
35601,1
94571,0
15277,1
19409,0
101814,1
36434,1
92287,0
114252,1
19775,0
32626,1
93268,1
64887,1
143743,1
7629,0
32432,0
127081,1
19864,0
101904,0
79537,0
36991,1
12400,0
99358,0
93684,1
130442,0
93164,0
9036,0
122870,0
83704,0
15782,1
55129,0
35730,1
141879,0
47767,0
126682,0
118528,0
10650,0
142761,0
709,0
88830,0
136746,1
103567,0
1473,0
36486,0
112282,0
47262,1
1161,0
126806,0
36179,0
28623,0
8402,0
26627,0
4640,0
140319,1
87337,1
54405,0
111128,0
109791,0
140993,1
38840,0
53212,0
29362,1
118996,0
35460,0
69702,1
126847,0
103673,0
71105,0
36365,0
42941,0
19342,1
103124,0
116315,0
70931,0
8232,0
91558,0
107091,0
96736,1
59350,0
24849,0
72058,0
80272,0
20799,0
140234,0
105779,0
118235,0
22564,1
142331,1
79857,0
145049,0
114207,0
18763,0
72459,0
103092,0
136030,0
119846,0
89322,0
96592,0
69780,1
82874,0
96811,0
7970,0
46865,0
141035,0
58013,0
48664,0
43517,0
130441,0
104507,0
105417,0
16504,1
108332,0
22834,0
112887,0
41439,0
34212,0
9701,1
49521,0
93668,0
95611,0
118913,1
11058,0
134944,0
40179,1
8865,1
37315,0
30687,0
63521,0
44607,0
39327,0
32191,0
100373,0
76342,0
44326,0
56643,0
96210,0
72094,0
51376,0
128596,0
55737,1
130863,0
99887,0
65763,1
143963,1
105319,1
72125,0
99456,0
60477,0
66128,0
34897,1
119662,0
105269,0
37164,0
41294,0
48706,0
84810,0
40020,0
57858,1
126185,0
100686,0
96390,0
68247,0
31988,0
73814,0
14095,0
67473,0
35819,1
10304,0
119746,0
60584,1
63602,0
65397,0
34039,1
14012,0
123043,0
87345,0
95683,0
12491,0
95932,0
73103,1
46774,0
122915,0
124091,0
115277,0
144448,0
15471,0
111908,0
117360,0
115541,0
88082,0
106618,0
78995,1
134928,0
62358,1
76805,0
10021,0
28226,0
82258,1
8979,0
31043,0
83576,0
69080,1
15979,0
72775,0
8474,0
3355,0
79648,1
104897,0
114575,0
79566,0
128736,1
105144,1
75850,1
11390,0
18957,0
60005,0
73239,1
108095,0
27363,0
67085,0
112800,0
89732,1
88226,0
115576,0
89511,0
113463,0
53394,1
73677,0
10741,0
128883,0
111928,1
10694,0
123738,0
79948,1
82981,0
17149,0
58005,0
16514,0
126651,0
6611,0
27060,0
59309,0
62284,0
23164,1
111076,0
139047,0
35742,1
69979,1
70293,0
114473,0
37268,0
84993,1
88143,0
133410,0
75552,0
135300,0
60071,0
1079,0
45315,0
136697,0
101659,1
46183,0
107466,0
92003,0
489,0
35760,1
57931,0
14301,0
105056,0
27153,1
110179,1
14052,0
94824,1
120362,1
53062,0
69889,0
56539,0
56587,0
141611,0
64294,0
131250,0
24262,1
11751,0
134660,1
99366,0
36011,0
53846,0
8450,0
96399,0
14118,0
119525,1
34607,0
97416,0
7766,0
109121,0
99014,0
130332,0
139373,0
86795,0
104845,0
138195,0
140888,0
41545,0
112079,1
10435,0
125045,0
34457,0
134190,0
66428,0
17426,0
88696,0
16656,1
68857,0
59334,0
46900,1
47534,0
37736,0
100586,0
137427,0
19928,0
86913,0
107881,0
6977,0
3728,0
39944,0
120888,0
98978,0
29880,1
95171,0
143507,0
123061,1
88704,1
65396,0
25085,0
141734,0
127076,1
45449,1
78852,0
9421,1
12067,0
19438,0
89055,0
90,0
7963,0
100336,0
67165,0
7865,0
84692,0
3129,0
138031,0
28956,0
39577,0
129969,1
68063,0
34123,0
9567,1
129,0
38176,0
41115,1
80862,0
137957,0
94356,1
88140,0
28292,1
3936,0
145222,0
810,1
788,0
109521,0
142866,0
42111,0
109674,0
72312,0
135367,1
92397,1
1800,0
79327,1
106042,0
144802,0
48045,0
73418,1
117422,0
99138,0
137009,0
89688,1
88414,1
125451,0
37898,0
44291,0
45998,0
71449,0
35837,0
119658,1
137322,0
26861,0
23232,0
73858,0
101400,1
75687,1
77416,1
133255,1
127115,1
24419,0
6841,0
65879,1
6638,1
66694,0
75395,0
69418,0
141321,0
57850,0
41802,0
95383,0
101953,0
57314,0
8257,0
65340,0
42055,0
83975,1
70571,0
1816,0
142384,0
96671,0
55797,0
120999,1
17572,0
63902,1
103411,1
131863,1
13657,0
110047,1
17030,0
51870,1
91477,0
71082,0
69330,0
134233,0
19528,1
42344,0
74970,0
32972,0
103049,0
125031,0
34591,0
51403,0
108453,0
98760,0
145029,0
82822,0
124287,0
134690,0
88767,0
122442,0
23717,1
12549,0
23344,1
75167,0
83480,0
52347,1
23935,0
89546,0
12896,0
112520,1
81376,0
4846,0
51758,0
46584,0
127508,0
125366,0
4930,0
49997,0
88627,0
114815,0
117402,1
44377,0
30322,0
47229,0
84317,0
18489,0
24640,0
46698,1
100960,0
11943,0
59559,0
32093,0
124928,0
49527,0
22476,0
123791,0
75674,1
30878,1
105833,0
83739,1
107232,0
16213,0
132834,0
6455,0
145274,0
143945,0
108016,0
69750,1
100358,0
45219,0
75408,0
62362,1
106077,0
22137,0
84316,0
25149,0
129362,0
62777,0
134839,0
29509,0
12122,0
71019,0
121556,0
67605,0
61982,0
130791,0
34347,0
15900,0
102641,0
54832,0
101470,1
136034,0
35660,0
83681,0
82659,1
97515,0
17724,0
110022,0
130966,0
139963,1
123181,0
141613,0
53142,0
64942,0
90203,1
119427,0
1852,0
57350,1
101852,1
28367,0
69100,0
7493,0
52434,0
135935,1
27166,0
114797,1
62092,0
130669,0
22776,0
34904,1
46499,0
82092,0
105182,1
29144,1
120707,0
76878,0
65314,1
79289,1
104168,0
82483,0
136049,0
83495,0
59366,0
6060,0
70703,0
102358,0
36774,0
100529,0
138095,0
103479,0
109386,0
131646,1
67043,0
39031,0
125991,0
136203,0
75777,1
116278,0
25656,0
62130,0
107037,0
48542,0
92424,1
48125,1
42563,0
95428,0
7399,0
78340,1
93820,0
20649,0
131525,0
140834,0
101956,0
5331,0
56464,0
6492,0
94817,0
76995,0
96615,0
81371,0
72974,0
55963,0
105516,0
129052,0
124103,1
55208,0
53064,1
93878,0
53209,1
118313,0
110361,0
94858,0
36733,0
80674,0
1923,0
43507,1
97036,1
1135,0
47163,0
107593,0
97398,0
140932,0
48083,0
92646,0
85102,0
62037,0
56855,0
44202,0
108358,0
136259,0
57672,0
33422,1
4069,1
104487,1
52103,0
122878,0
73714,0
124642,0
65865,0
85660,0
58428,0
44703,0
41963,0
93453,0
89798,1
68705,1
95464,0
26693,0
133472,0
108450,0
60260,0
35963,0
36963,0
134168,0
18731,0
144765,0
5909,0
98954,0
82217,0
93857,0
119235,0
59238,0
87315,0
55564,1
95807,1
32762,0
84015,1
63003,0
77881,0
55997,0
135099,0
2245,0
135524,1
42567,0
54066,0
35228,0
28830,0
60880,0
38615,0
5367,0
125920,0
103616,0
82228,1
81798,0
62110,0
85949,0
18295,0
86147,0
48691,0
44107,0
67794,0
115097,0
41195,0
78639,0
135811,0
66755,1
68842,1
15325,0
714,0
91843,1
33587,1
53939,0
8614,0
80370,0
92158,0
112639,0
54894,0
14078,0
111834,1
77579,1
116608,1
63358,0
92390,0
16950,0
10037,1
29010,0
141528,0
127074,1
75566,0
76928,1
141945,0
128005,0
54002,0
45765,1
76986,1
134021,0
58989,0
30836,0
115049,0
351,0
111458,0
59006,1
18272,0
117864,0
97898,0
100218,0
65969,0
95483,1
36667,0
87218,0
71550,0
63532,0
38623,1
38506,0
99489,0
83084,0
58586,0
131217,0
76732,0
107431,0
101398,0
42010,1
93162,1
64474,0
27470,0
122341,0
130310,0
13155,0
124587,0
121774,0
92297,0
81609,1
65893,0
46369,0
93447,0
101000,0
130810,0
92467,1
61009,0
126623,0
133245,1
103660,0
70337,0
73620,0
17406,1
123903,0
95533,0
78722,0
40812,0
100237,1
5449,1
74074,0
98312,0
118895,0
42802,0
143011,0
144513,0
82873,0
95585,0
139274,1
119049,0
58387,0
143108,0
132169,1
124978,0
33874,0
39504,0
29359,1
110436,0
108747,0
77638,0
145432,0
93959,0
50598,0
42571,1
63440,0
122062,0
125269,1
59602,0
53960,1
81057,0
5179,0
59549,0
100915,0
22740,0
67938,0
138265,0
130034,0
26527,0
42993,0
14500,0
100804,1
119489,0
84568,0
23845,0
92069,0
113129,0
101247,0
61995,1
16104,0
88810,0
103447,0
89805,1
21213,1
47041,0
38095,0
40229,0
50889,1
44287,0
129971,0
101134,1
65042,0
52933,0
135862,0
128219,0
132005,0
36696,0
51494,0
90169,1
112443,0
67939,0
98175,0
102403,0
28066,0
100717,0
144438,0
66922,0
109677,0
54844,1
83382,0
129520,1
59814,0
74592,0
82828,0
96888,0
49054,0
120192,0
61821,0
32142,1
44397,1
16987,0
141919,0
12173,0
36852,0
15002,0
13241,0
47065,0
90595,0
114079,0
79702,0
17924,0
114150,0
24673,0
61137,0
61079,0
115940,0
68914,1
52059,0
57189,0
84090,0
62729,0
27900,1
115898,1
57619,0
73479,0
135532,0
110426,0
62164,1
78551,0
92217,0
48621,0
78615,0
47437,0
134533,0
28298,0
7960,1
110751,0
134975,0
145269,0
82515,0
60726,0
71941,0
17497,0
22985,0
117234,0
97733,1
4060,1
65149,0
42035,0
86054,0
14777,0
41269,1
99226,0
117601,0
72977,0
62826,0
73842,0
132714,1
73624,0
29072,0
56137,0
90668,1
125287,0
24589,0
65084,0
121167,0
28675,0
64307,1
64977,0
1326,1
60204,0
32550,0
133261,0
22836,0
142781,0
67722,0
38550,0
43079,0
95657,0
2759,1
25890,1
87997,1
125669,0
109439,1
111357,1
3712,0
187,0
26702,0
16076,0
58200,0
2190,0
34787,0
144879,0
4948,0
9321,0
78986,1
54764,1
130558,0
80786,0
40281,0
22545,0
103654,1
3743,1
52962,0
83268,1
56252,0
1645,0
143769,1
97471,0
115640,0
120706,0
88712,0
119639,0
19058,0
145103,0
139229,0
98863,0
33333,0
48301,0
53196,0
89740,1
77068,0
21806,1
2506,0
131495,0
69674,0
4445,0
34428,0
138710,0
887,1
25489,0
136050,0
74429,0
13641,0
68350,0
56727,0
62011,0
22275,1
130932,0
5212,1
2098,0
52835,1
106831,0
21568,0
94863,0
109712,0
49826,1
111080,0
19162,0
48727,1
60223,0
118653,0
56446,0
92549,1
72705,0
130028,0
21331,0
23693,0
138332,0
45675,0
135875,0
27304,0
30424,1
50789,0
101154,0
28495,0
139791,0
61894,0
121990,0
47346,0
94055,0
11627,0
20074,0
1431,0
124778,0
16201,1
15559,0
115929,1
133553,0
34629,0
58486,0
83996,0
29499,0
126670,0
79887,0
80815,0
134433,1
23354,0
5814,0
120904,0
16421,0
95048,0
20352,0
62912,0
93942,0
14968,0
105254,0
62748,0
37688,0
122436,1
7078,0
13124,0
35418,1
71643,0
89428,0
134487,0
67048,0
76116,0
121834,1
46913,0
1,0
68535,0
116739,0
24615,0
14992,0
91409,0
73379,0
52868,0
62883,0
100922,0
124286,0
133365,1
71060,1
128527,1
114426,0
22885,0
26311,0
31895,1
40422,0
47167,0
54367,0
12979,0
47501,0
116783,0
48758,1
13754,1
49882,0
40933,0
12969,0
44318,0
39258,1
10067,0
108402,1
121519,0
80570,0
59170,0
28115,0
59525,0
44480,0
98841,0
9207,1
89559,0
34902,0
67829,0
38018,0
2990,0
61689,0
53602,0
139535,0
77177,1
114910,0
112748,0
10119,0
53700,1
52127,0
144665,0
69438,1
58839,0
106543,0
68995,0
36118,0
79760,1
126249,0
53310,0
83317,0
33811,0
43987,0
52949,0
88443,1
125662,0
124150,0
36085,0
133652,0
14668,0
106982,0
62171,0
129064,0
16300,0
66727,0
57402,1
81610,1
105526,0
2827,0
114494,0
88730,1
40250,0
102180,1
19298,0
27955,0
120992,1
16299,0
96212,1
136822,0
79006,1
82126,1
22729,0
77421,0
98242,0
77786,1
67484,0
110154,0
123367,0
107960,0
129857,0
43231,1
3762,0
85827,0
47944,0
37524,0
115588,1
143682,0
21137,0
38682,0
94834,0
133278,1
136300,0
119854,1
67827,0
73809,0
50311,0
34462,0
51918,1
145354,0
98703,0
120482,0
13712,0
122109,0
107329,0
55298,0
6078,0
29589,0
87104,1
118388,1
89506,0
70105,1
85508,0
102584,0
108800,1
112869,0
5115,1
5749,0
66362,0
36083,0
64923,0
34530,0
141047,1
105801,0
74213,1
119881,0
67070,0
85962,1
139452,0
11911,1
136905,1
137621,0
131857,0
10046,1
4158,0
308,0
100800,1
138131,0
91865,0
82240,1
122381,0
39836,1
72454,0
145310,0
65504,0
39015,0
77543,1
32746,0
58180,0
91440,1
21469,0
136975,0
145011,0
54485,0
85126,1
106796,0
30228,0
144485,0
11297,1
125010,0
76830,1
113993,0
14983,0
6210,0
60184,0
133426,0
38944,0
75607,1
140222,0
133810,0
28917,0
576,0
14525,1
81102,0
94887,0
102498,1
141633,0
2349,0
105041,0
96347,1
125382,0
30831,0
60312,0
112875,0
75256,1
136275,0
53181,0
80542,0
53730,0
136008,1
136802,0
133628,0
62567,0
102959,0
94268,0
9058,0
73015,0
20303,0
37190,1
27066,1
118608,0
114881,0
43652,0
141328,0
127880,0
51391,1
106850,0
44173,0
72059,0
31496,0
20426,0
120801,1
88472,0
104763,0
36738,0
99587,0
132770,0
38846,1
132521,0
119859,0
91703,1
18796,0
128218,0
84544,1
81237,1
138685,0
90021,0
133688,0
113119,1
132818,0
85975,0
64719,0
9361,0
36996,0
94482,0
107702,0
87750,0
100677,0
45076,0
83684,0
93610,0
124487,0
103946,0
84089,0
74630,1
42642,0
15408,0
15451,1
139533,0
121347,0
136173,0
80623,0
24388,0
67614,0
479,0
143118,0
142385,0
15201,1
36240,0
85075,0
5825,0
69493,0
43645,0
58630,0
71418,0
87770,1
80818,1
74003,0
94494,1
18575,0
87842,0
129674,0
144969,0
99066,0
111769,1
27959,0
70214,1
2443,1
37901,0
120725,1
8960,0
29763,1
19180,0
91396,0
44033,0
143059,0
8396,1
90786,0
44121,0
94067,0
124969,0
114808,0
112704,0
65446,0
60985,0
97318,0
8812,0
5068,0
50069,0
112973,0
93654,0
27192,0
23112,0
85340,0
93620,0
39618,0
114584,1
67189,0
28059,0
29370,0
61377,0
99182,0
36207,0
75190,1
125790,1
1220,0
13110,0
77344,0
29858,0
6217,0
145443,0
26338,0
138509,0
68178,0
119037,1
91423,1
13757,0
30947,0
137717,0
91262,0
139366,1
129086,1
41078,0
30970,1
64614,1
75038,0
12348,0
21050,0
62524,0
15767,0
11178,0
127722,0
108208,0
100381,0
55169,0
28212,1
13463,0
19691,0
54225,0
100372,1
47204,0
19891,0
72020,0
65262,0
121662,1
20887,0
131143,0
134222,0
115895,0
13552,0
127702,1
14640,0
6975,0
21823,0
23636,1
137497,1
31671,0
85324,0
112930,1
58816,0
48149,0
109031,0
121060,0
143398,0
2533,0
121190,0
69046,1
67791,1
115264,0
55673,1
59686,0
41725,0
128697,1
28922,1
24909,0
19736,0
53279,1
75191,1
10985,0
71473,0
56083,0
50117,0
96182,1
106434,0
127474,0
25585,1
123429,0
64467,0
111589,0
90291,0
95861,0
78451,0
48893,0
73273,0
50958,0
27825,0
45545,0
131032,1
78140,0
64842,1
32428,0
14965,0
116488,0
55630,0
49890,0
37072,0
25884,0
37051,0
48943,0
54872,0
8547,0
68664,0
104567,0
48819,0
77942,0
5004,0
135105,0
105560,0
12743,0
119083,0
57527,0
41777,0
95338,0
7014,0
38785,0
62948,0
8552,0
62228,0
986,0
77345,0
37452,0
14957,0
116790,0
140020,1
93647,0
42499,0
110086,1
134105,0
61433,1
32695,0
114449,1
50196,0
33278,0
51660,0
45896,0
105985,1
138614,0
131738,1
23936,0
93200,0
108793,1
29475,0
103547,1
142880,0
14107,0
27091,0
50822,0
1037,0
89619,0
47335,0
25688,0
116570,0
85617,1
56696,0
12388,0
123340,0
82786,0
134429,0
103629,0
134835,0
28643,0
31269,0
72267,0
96540,0
8920,0
12617,0
44285,0
106901,0
48603,0
19459,0
76266,1
123182,0
21915,0
62658,1
138151,0
46329,0
95640,0
89340,1
84867,0
128249,0
136188,0
39677,0
96646,1
80334,0
66734,0
68825,0
143425,0
90380,0
113874,0
51569,0
36130,0
97710,0
93770,1
80930,0
109989,0
120817,0
49194,0
18006,0
32249,1
89288,0
120834,0
94269,0
40855,0
144730,0
120444,0
123964,0
952,1
118981,1
91313,1
117984,0
99036,0
125878,0
123580,0
47811,1
26505,0
94993,0
23421,1
41347,0
135018,0
133377,0
127625,0
27541,0
114614,0
58254,0
88223,1
144431,0
34431,0
105902,0
67879,1
54168,1
124338,1
130425,0
80160,0
55280,0
102579,0
62641,1
105543,0
17418,0
11734,0
13109,0
96904,1
32818,0
62415,0
73389,0
36643,1
67642,0
12775,0
76570,1
12825,0
17700,0
8115,0
84545,1
48284,1
34413,0
64364,0
24024,0
73692,0
36917,0
35427,0
55155,0
129421,1
53699,1
142171,1
145194,0
52989,0
96199,1
18414,0
122498,0
116704,0
4625,0
140300,0
2087,0
84970,0
27698,0
10239,0
33390,0
80032,0
2725,0
74886,0
97760,0
128539,0
3677,0
41532,0
93621,0
133571,0
4271,0
64783,1
103562,0
99063,0
49979,0
126616,0
55931,1
25401,1
86234,0
82372,0
113306,0
111668,0
20161,1
143835,0
106632,0
123221,0
467,0
78714,1
59586,0
122554,0
122817,0
63008,0
5216,0
45790,0
32170,0
80158,0
102085,0
5429,0
32596,0
71255,0
136719,1
91904,0
122316,1
63338,0
86359,0
109451,1
132942,0
20525,0
41000,0
46373,1
64036,0
37990,0
57032,1
92428,1
43120,1
16112,0
96861,1
127908,0
23036,1
100880,1
56498,1
85010,1
40389,1
67154,0
22274,1
6453,1
24684,0
37652,1
53413,0
35205,0
106268,0
53922,0
129114,0
6348,1
28517,1
143786,0
65433,1
49863,1
43468,0
61060,0
16048,0
37033,0
117834,0
40873,0
46237,1
115888,0
2321,0
138742,0
138951,0
110044,0
51899,1
39854,0
132967,1
79971,0
77221,1
138228,0
4216,0
23978,0
12458,0
128222,0
49851,0
67747,0
139256,1
53235,0
38856,0
30955,0
49816,0
69256,0
138540,0
85466,0
27059,0
45626,0
101464,0
35770,0
117989,0
78221,1
8237,0
100836,1
97177,0
42536,1
53606,0
74466,0
36232,0
42570,1
90680,0
16462,0
84395,0
5265,1
86040,0
118929,0
125629,0
12483,0
86421,0
59911,1
41825,0
20267,1
97844,0
135945,0
43597,0
124996,0
51890,0
44762,1
89540,1
121815,0
107921,0
46891,0
106980,0
8043,0
10190,0
15655,0
33506,1
89215,0
67133,0
89238,0
110208,1
53280,1
29220,0
101487,1
126264,1
116375,0
7215,0
105940,0
1344,0
139426,0
14239,1
134143,0
25094,0
81375,1
112598,1
17704,0
27296,0
102239,0
80050,1
70304,0
90675,0
34383,1
64291,0
52923,0
105083,0
122055,1
80712,1
16063,0
58869,1
143570,0
117517,0
59529,0
10724,0
22205,0
118024,0
112035,0
134338,0
95310,0
133633,0
107571,0
91649,0
98770,0
89208,0
120183,0
29062,0
97054,0
109972,0
84237,0
119406,0
51344,0
94083,1
63627,0
80480,0
9918,0
45035,1
34189,0
145251,0
52512,0
110212,1
14056,0
115553,1
140611,0
22685,0
73622,0
94546,0
138051,0
82009,1
114628,0
66299,0
130833,0
142381,0
102106,0
44987,1
54470,0
5753,1
73568,1
116508,0
112242,0
50539,0
76756,0
114120,0
44617,0
70576,1
141402,1
69690,0
11082,1
134748,0
96818,0
135095,0
126434,0
25892,0
1301,0
95474,0
123906,0
144451,0
73141,0
5211,0
62235,0
43610,0
16790,0
101516,1
56511,0
57474,0
8765,0
136459,1
61831,0
142445,0
108267,0
48517,0
15762,0
3201,0
80188,1
51850,0
104790,0
94951,0
96154,1
37860,0
60215,1
16290,0
68023,0
51419,0
91606,0
77309,0
60359,0
124783,0
105613,0
56955,0
140921,0
113744,0
57653,0
43046,0
122777,0
27324,0
123374,0
128261,0
122724,0
120177,0
38069,0
39302,0
54413,0
17720,0
104678,0
45665,0
91263,0
3431,0
81140,0
66529,1
53541,0
127333,1
101480,0
84176,0
53589,0
85249,1
38613,0
75208,1
62435,0
17966,0
6153,0
115566,1
121031,0
18940,1
22272,1
130652,0
47009,0
81417,0
47421,0
89873,0
105728,0
55292,1
92234,0
44028,0
109495,0
133353,0
27212,1
23767,0
136775,0
12157,0
22781,0
23709,0
45011,1
133091,0
87612,1
72897,0
40827,1
29369,0
97574,0
73732,0
59733,0
124461,0
934,0
77175,0
127773,1
119264,1
48051,1
117419,0
138635,1
86483,0
82406,1
122687,1
31080,1
47676,0
126003,0
104975,0
107235,0
128117,0
57213,0
54905,0
123450,0
100827,1
45549,0
34206,0
134707,1
137306,0
5876,0
142707,0
124486,0
26909,0
9916,1
36769,0
76603,0
2904,0
57036,0
86462,0
57863,0
94895,0
134362,1
379,0
26230,1
59705,0
34716,0
55080,0
12622,0
61816,0
90394,0
121501,1
9905,0
137270,0
23780,0
121596,0
97019,1
62998,0
53736,1
89827,0
25435,0
50017,1
105130,0
130109,0
45036,1
78614,0
97987,1
126026,0
9752,0
27029,1
15645,1
126008,0
131503,0
19814,1
71213,0
63200,0
77532,0
73885,1
71488,0
91988,1
125907,0
56786,0
125288,0
49170,1
115997,0
88432,0
138773,0
48498,0
45920,0
94813,0
62603,0
92802,0
143253,0
122502,0
136273,0
118351,0
119986,1
46352,0
145216,0
135849,0
126293,0
63340,0
117696,0
111190,1
129405,1
144059,0
16283,1
77899,1
92922,0
82317,0
3100,0
21783,0
42562,0
124119,0
58601,1
102783,0
94022,1
73018,0
33073,1
13274,0
60687,0
127382,0
69326,1
123877,0
88844,0
94042,0
42849,1
48945,0
142430,0
106986,0
139067,0
35005,0
36141,0
18625,1
105334,0
20073,0
60863,1
22405,0
19840,0
142320,1
43346,0
51362,0
99559,0
39450,0
43809,1
88348,1
29916,0
1750,0
53471,0
63891,0
89785,0
138847,0
116295,0
34767,0
104612,0
122875,0
11847,0
80758,0
7468,1
112519,1
54866,0
79612,0
79569,0
95031,0
87872,1
30855,1
97881,0
129099,1
62957,0
57235,0
31092,0
108588,0
58906,0
79588,0
97378,1
83052,0
103878,0
101263,0
3133,1
132601,1
59261,0
124792,1
144865,0
130815,0
105557,0
141448,1
78035,0
121978,0
35096,0
39135,0
142939,1
78799,0
75315,0
150,0
123068,0
45676,0
44081,0
39363,0
119696,1
15627,1
126671,0
58081,1
127516,0
70522,0
109643,1
11130,0
32116,0
141908,0
2030,0
25912,0
100977,0
37956,0
103064,0
113935,1
49981,0
43510,1
22551,0
66699,0
30005,1
35679,0
60443,0
74334,0
35236,0
88069,1
72819,0
8850,0
108846,1
70216,0
37360,0
43445,1
60235,0
120973,0
52699,0
129349,1
33418,1
55924,0
24628,0
141975,0
138862,0
92219,0
50564,0
129359,0
17124,0
88584,0
18338,1
69336,0
111484,0
141424,1
14370,0
64021,0
41498,1
43050,0
45804,0
122491,0
118865,1
26785,0
99095,1
109497,0
60323,0
75932,0
42990,0
124137,0
47269,0
60753,0
37465,0
14610,0
12437,0
28848,0
36863,1
53452,0
109112,0
94644,0
48157,0
83856,0
125301,0
117793,0
9700,1
77809,1
86951,0
56090,0
70883,0
137571,0
22286,0
116070,0
135131,0
112777,0
72293,0
133558,0
37052,0
135083,0
32258,0
98368,0
83034,0
95524,0
70347,0
114621,0
1055,0
104604,0
12580,1
13975,0
30824,0
29974,0
120716,1
118808,0
129077,0
6105,0
14580,0
126696,1
94782,1
48502,1
115239,0
33305,0
112512,1
68434,0
135772,0
47731,0
675,1
21563,0
95106,0
77816,0
115744,0
145450,0
8524,0
96217,0
32130,0
110475,0
98555,0
77634,1
25869,0
89436,1
133531,0
123779,0
91195,0
28053,0
46082,0
109963,1
95399,0
128965,0
18108,1
97162,0
16926,0
124084,1
4191,0
103707,0
133137,0
41652,1
18627,0
6757,1
28002,0
71145,0
691,0
139861,0
99837,1
72294,0
108841,1
125705,0
25418,0
57748,0
72390,0
117763,0
72066,0
106698,0
109602,1
142262,0
27957,0
125894,0
66038,0
144366,0
142664,0
116474,1
124120,0
63992,1
20137,1
123379,0
72473,0
88120,0
17489,0
99802,0
91024,0
93561,0
107715,0
9813,0
43599,1
131878,1
114231,0
64866,0
5678,1
36032,0
140194,0
80548,1
99777,1
33609,1
94424,0
17183,0
103235,1
125251,0
109585,0
143147,0
110087,0
1151,0
27428,0
20190,0
113382,0
58587,0
20008,1
119957,0
27481,0
137269,0
116039,0
136066,1
40922,1
61166,0
50910,0
89651,0
6874,0
21794,0
14346,0
58247,0
86385,1
37687,0
40506,1
16422,0
42785,1
73373,0
54804,1
75065,0
30631,1
69340,0
30699,1
30125,0
86706,0
124220,1
143488,0
1262,1
77069,1
139962,0
54648,0
38723,0
121917,0
129900,1
99019,0
53191,1
120164,0
123148,0
136946,0
106997,0
38714,0
7096,0
39973,0
77461,0
2299,0
47715,0
89154,0
136578,0
17170,0
66012,0
20916,0
51063,0
59934,0
119870,0
96181,0
443,0
105532,0
135313,0
117897,0
130564,0
67735,1
85685,0
101404,1
5589,0
57342,1
112543,1
64424,1
139911,0
52012,0
123322,0
99861,0
84969,1
99904,0
9159,0
46112,0
51618,0
93587,0
87588,0
42752,0
108909,0
325,0
84025,0
113303,0
24495,0
130301,0
119150,0
52951,1
74810,0
89378,1
55837,0
19777,0
74193,0
99973,0
110580,1
90174,1
129954,0
91193,0
69262,0
104025,0
42714,0
23874,1
46647,0
14312,0
47505,0
140089,1
17841,0
72602,1
23133,0
1518,0
32128,0
97513,0
39231,1
28978,1
95653,0
121605,0
10437,1
98115,1
37495,0
118321,0
58942,0
97742,1
35055,1
66159,0
47514,0
86435,0
23018,1
65052,0
30141,0
11988,1
31424,0
72638,0
145407,0
9976,0
59244,0
50162,0
133500,0
107695,0
132710,0
19309,0
67244,0
102848,0
22081,0
32154,0
13916,0
58608,0
35409,1
48764,0
7517,0
10818,1
139197,0
71927,1
102090,0
106933,0
126446,0
36084,0
123742,0
102853,0
140739,1
28519,0
20891,0
65389,0
129811,0
12047,0
7439,0
29344,0
91528,1
75081,0
143300,0
133395,1
67407,0
103872,0
105485,0
64183,0
8668,0
4119,0
113152,1
17404,0
34241,0
124176,0
41786,0
90047,1
104204,0
4742,0
20285,0
83930,1
25150,0
120372,0
130982,0
107910,0
47946,0
118380,0
129352,0
140,0
2418,0
23127,1
35139,0
124735,1
32476,1
50794,0
132101,1
105556,0
55217,0
66712,0
139237,0
130899,0
9445,0
70129,1
104887,0
75047,0
17110,0
24342,0
61222,0
112867,0
72080,0
26670,0
72784,0
12605,0
121528,0
35227,0
72425,0
55437,0
140690,0
93316,0
65987,0
33772,0
90341,1
140394,1
96198,1
5492,1
5155,0
23316,0
17981,0
96660,1
94274,0
41889,1
57367,1
139871,0
28105,0
140011,1
39038,0
53006,0
76039,0
130883,0
70212,1
16476,0
107220,0
46739,1
51590,0
122469,0
65226,0
3017,0
39244,0
59250,0
43573,0
124836,0
137750,0
134787,0
121440,0
3065,0
47264,0
62432,0
82760,0
40498,0
108108,0
74371,1
87864,0
97819,1
31126,0
82907,1
100510,0
118413,0
10341,0
24343,0
9921,1
7093,1
106550,0
134584,0
124834,0
112529,1
2695,0
92994,0
96457,0
19008,0
60620,0
21918,0
14480,0
116569,0
127476,0
104205,0
30188,0
134136,0
2265,1
115688,0
80997,0
118707,0
72518,0
93463,0
80908,1
141497,0
136025,0
141451,1
41968,0
72088,0
123456,0
70414,0
17613,0
46144,0
34983,1
109642,1
98912,0
68111,0
26078,0
119911,0
33888,1
49481,0
140189,0
131479,0
96923,0
56775,1
111888,0
24070,1
38031,0
18195,0
85020,1
50091,0
42036,0
48552,1
4907,0
109496,0
115571,0
102705,0
21344,0
51656,0
7463,0
68562,1
15986,1
54990,1
94285,0
114948,0
8009,0
97563,0
97118,0
51915,0
144811,0
36263,0
69972,1
43824,0
586,0
61311,0
128093,1
57679,0
44039,0
98442,0
17503,0
65063,1
102255,1
67878,0
25273,1
10674,0
81352,0
35355,0
2137,0
85573,0
71804,0
117477,0
137086,0
77330,0
25142,0
139143,0
53853,0
137722,0
42771,0
3616,1
108058,0
76459,0
27145,0
131963,0
46631,1
96513,0
3618,0
123432,1
137267,0
49623,0
101633,1
101209,1
60500,0
273,0
58565,0
60164,0
145409,0
144887,0
23338,0
29455,0
33835,0
120595,0
57928,0
63175,0
48169,0
93011,0
81884,1
121984,0
39157,1
113451,0
100300,0
14639,0
74743,0
58102,0
62482,1
90658,0
121727,1
121974,0
106354,0
107243,0
66395,0
94651,0
27410,0
76954,0
35833,0
133977,1
52677,0
78092,0
83069,0
18925,1
23206,1
100258,0
128404,0
103105,0
110528,1
137084,0
132840,0
87573,1
130575,0
7802,0
136213,0
108504,1
43848,1
32927,0
130099,0
10641,0
10366,0
43105,0
4293,0
83007,0
26169,0
62365,0
106981,0
97701,0
38844,1
96887,0
52179,0
120065,0
112533,0
141285,0
134566,0
120273,0
13229,0
86956,0
81065,0
64743,0
6085,0
50832,0
82415,0
14961,0
46031,0
25879,0
27539,0
110513,1
110960,0
68863,0
54728,0
133814,0
4040,1
84850,0
72898,0
101938,0
105789,0
57039,0
140830,0
135806,1
34306,0
266,1
143137,0
22614,1
16233,0
22627,1
83657,1
123133,1
106842,0
34243,0
73492,0
116319,0
70106,0
13722,0
137273,0
10331,0
9919,0
85455,0
37909,0
75863,1
82282,1
56790,0
12076,1
79173,0
15667,0
139563,0
2345,0
22759,1
34291,0
22111,0
17050,1
20252,0
92609,0
67416,0
44527,0
137590,0
131699,0
44149,0
17849,0
93109,0
137292,0
61173,0
31007,0
53579,0
74818,0
128670,0
112801,0
136732,0
130620,0
113309,1
33980,0
79360,1
47318,0
42033,1
51145,0
46447,0
10571,0
143994,0
10680,0
120415,0
10870,1
12582,1
43260,0
12003,0
103473,1
50865,0
33947,0
44706,0
41496,0
123201,1
108534,0
140198,0
13284,0
31388,0
86986,0
92586,0
7474,0
44130,1
57788,1
79725,0
130724,1
66773,0
30564,0
14044,0
46136,0
140442,1
23084,0
30775,1
15800,0
87806,0
97598,1
18665,1
102108,0
73739,0
14362,0
122405,1
49809,0
11536,0
50254,0
139965,1
87000,1
107219,0
3452,0
8131,0
15921,0
64833,0
122448,1
122919,0
30655,0
17137,0
103850,0
1966,1
23275,1
9990,1
17654,0
1184,1
22732,0
126956,0
48915,0
71399,0
8940,0
68627,0
44539,1
62477,1
33023,0
28474,0
70403,0
88556,0
128098,0
112292,0
21118,0
27697,0
108727,0
67973,1
35033,0
20333,1
42064,0
66725,1
128362,0
125826,0
54348,0
10899,1
30495,0
128958,0
77581,0
144512,0
110730,0
20416,0
77487,0
61154,1
48213,1
81360,0
42961,0
36008,0
34258,0
93284,0
19796,0
129947,0
50982,0
64463,0
123302,0
22539,0
8289,0
68318,0
110521,0
62091,0
141989,0
74522,0
39922,0
32336,0
5582,0
105524,0
143753,1
104237,0
30512,0
80007,0
79204,0
70404,0
111310,1
18347,0
65210,0
60298,0
75895,1
27826,0
79117,1
103798,1
106953,0
88247,0
49735,0
14030,0
138027,0
44034,0
79499,0
130876,0
17113,0
51162,0
141861,0
79668,0
73265,0
37775,1
44610,0
67754,0
14667,0
142830,0
91890,0
50778,0
142610,0
139573,0
115001,0
15867,0
20207,1
18350,0
63942,0
126819,0
97396,0
38980,0
104744,0
98427,1
19445,0
72880,0
55773,0
86738,0
81494,1
108000,0
39509,0
54762,1
70704,0
143106,0
1934,0
64711,1
9238,0
79011,1
22176,0
50093,0
37230,1
5048,0
71224,0
87907,0
81128,0
72388,0
99149,1
119544,0
54181,0
116798,0
5670,0
117521,0
124460,0
42391,1
2740,0
82364,0
118117,0
109728,0
104911,0
32860,1
122102,1
121449,0
142754,0
137663,0
101311,0
10161,0
129273,0
19385,1
120766,1
74268,1
63496,0
137068,0
15484,0
137574,0
97425,1
103802,0
95177,0
78263,0
33948,0
142786,0
73513,0
3200,0
16705,0
133051,0
31834,0
23315,1
111503,0
74821,0
75411,0
133774,0
73579,0
58422,1
4108,0
77354,1
114012,0
64766,1
9359,0
4233,0
70394,0
24115,0
144262,0
93699,1
87199,0
67393,0
71659,0
99594,0
123941,0
35351,1
38224,0
126057,0
89757,0
79074,0
63499,1
112960,0
100791,1
104774,0
34082,0
118188,0
89033,1
45885,0
38814,1
3601,0
62906,0
59655,0
116118,1
74942,0
116332,0
71397,0
6314,1
78021,1
52656,1
69078,0
50697,0
107112,0
132762,1
101080,1
36152,0
3661,0
95621,0
79108,0
72986,0
3558,0
119101,0
33397,0
10927,0
144821,0
70236,0
20469,0
69971,1
59189,0
92259,1
92933,0
86450,0
38304,0
126148,1
100113,0
85320,1
76613,1
134894,0
61093,0
56016,0
33708,1
80607,0
4173,1
91257,0
68258,0
30062,1
28891,0
40720,0
115737,0
126208,0
110469,0
71748,0
131490,0
91471,0
26389,0
57861,1
43803,0
55109,0
125709,1
40713,1
63014,0
58059,0
119603,0
43684,1
92492,1
59240,0
139759,1
94645,0
108654,0
32903,0
102037,0
36104,0
144421,0
117810,1
138350,0
40821,0
29506,0
124768,1
98158,1
26847,0
49834,1
127922,0
135340,0
95173,0
87282,0
22692,0
134483,0
32940,0
76445,0
143872,0
133138,0
90485,0
30862,0
1363,0
47517,0
12693,0
302,0
62256,0
108059,0
142339,0
2606,0
55490,1
67492,0
30748,0
15094,0
96125,0
43822,0
9834,1
29745,0
108554,0
43919,0
23178,0
109380,0
30163,0
108882,1
61629,0
113999,1
7328,0
132781,1
124870,1
44799,0
81863,0
128664,0
19332,0
115062,0
69277,0
1108,0
78771,0
35162,0
136817,0
109622,1
2130,0
29587,1
141202,0
138059,0
24038,0
10241,0
112105,0
86661,0
85830,0
78655,0
8107,0
111443,0
141319,0
126150,0
78050,0
99314,1
139100,0
80412,0
126654,0
56103,1
23599,0
127056,1
114240,0
97785,1
127499,0
4185,0
14204,0
142953,0
42214,0
63330,0
49771,0
60074,1
132306,1
21454,0
93267,1
60544,0
16087,0
137988,0
6003,0
50359,1
44882,0
79378,0
112684,0
141461,0
123512,1
114110,0
24247,0
105713,0
63146,0
76529,0
66818,1
128255,0
26698,0
82973,0
48980,0
64360,0
29407,0
95929,1
132021,0
81106,0
86639,1
94923,0
27710,0
97860,0
49125,0
98437,1
9372,0
97322,0
72767,0
102721,0
20015,0
132265,0
82931,1
90458,0
119275,0
34278,0
21895,0
43657,0
19850,0
8060,0
30082,1
86400,0
105979,0
45858,0
75082,0
68058,0
105845,0
104438,1
7594,0
131653,1
83928,0
82999,0
15975,0
75528,1
85214,0
140213,0
28012,0
123163,0
103822,0
10707,0
80316,0
2505,0
130738,1
100912,0
67304,0
127480,1
143678,0
54357,0
104746,0
44038,0
4145,1
105205,0
105714,0
19274,0
74734,0
38850,0
7419,0
104051,0
56278,1
10313,0
9522,0
30251,1
129033,1
49206,0
30903,1
56358,0
129076,1
10666,0
39001,1
121670,0
124001,1
125904,0
57492,1
91307,0
119403,0
55289,0
47358,0
54069,0
57700,0
59502,1
100040,1
79813,0
138179,0
105099,0
118365,0
61280,0
144457,0
131884,0
123360,0
76610,1
15032,0
85611,0
8741,0
124316,0
42744,0
37938,0
87537,1
46529,1
60297,0
38943,0
139660,1
10138,1
145394,1
128185,0
47785,0
68567,0
40138,1
359,0
136783,0
8689,1
66336,0
22878,0
19285,0
14051,0
80757,0
116165,0
123596,0
8114,0
40887,0
115733,0
82975,0
138380,0
64918,0
52374,0
41697,0
87592,0
106902,0
107988,0
53687,0
95093,0
124075,0
81146,1
97780,1
8711,0
9282,1
43415,0
16423,0
145211,0
91667,0
134595,0
64454,0
26164,0
82739,0
104934,0
103104,0
121800,0
34087,0
24564,0
109666,1
42820,0
2541,0
134327,1
134649,1
41117,0
28276,0
61297,1
54569,0
72919,0
78916,0
33943,0
27315,0
69338,0
142957,0
127916,0
3615,1
50567,0
103575,0
133012,0
45045,0
8637,0
142045,0
41213,0
7034,0
12331,1
143281,1
66977,0
74581,1
79580,1
123561,0
99050,0
34392,0
12075,0
85176,0
39541,0
129574,1
15395,0
111971,0
59654,0
5773,1
75193,1
117423,0
122340,0
135430,0
113518,1
61983,0
143970,0
79340,0
99966,0
135418,0
16639,0
61448,1
125370,0
19551,0
120043,0
95268,0
20922,0
39334,0
133715,1
29247,1
128227,1
16568,0
79966,0
124061,0
2382,0
90432,0
109062,1
31581,0
96460,0
60937,0
18658,1
98480,0
53671,0
125837,0
34472,1
102008,0
5420,0
81723,0
8363,0
37414,1
131869,1
129933,1
136,0
76336,0
136561,0
128713,1
8034,0
123040,0
59085,0
138979,0
127504,0
111333,0
29636,0
116288,0
106183,1
8033,0
41808,1
7752,0
73030,0
81585,1
93399,0
46456,0
42254,0
86104,0
140258,0
139386,0
136541,0
77793,0
100949,0
127210,0
7520,0
83785,0
66319,0
1091,0
76353,0
39786,0
35603,0
78641,1
81950,1
144566,0
111975,0
37810,0
90378,0
134124,0
56300,0
131855,0
24789,0
50239,0
79761,0
58181,0
128100,1
49500,0
104266,0
84375,0
104372,0
97690,0
33166,1
15664,1
56648,0
8845,0
50036,0
15754,1
112426,0
9562,0
97094,1
56608,0
85229,0
5738,0
144213,1
41827,0
1880,0
138675,0
92454,1
91942,0
43496,0
26449,0
18512,0
113809,0
95172,0
119450,1
98134,1
31477,0
123414,0
51649,1
26237,1
6925,0
11308,0
126226,0
63089,0
75535,0
105640,0
32227,0
89959,0
34707,0
79704,1
59316,0
85934,1
60512,0
126713,1
75717,0
132217,0
71095,0
42245,0
23694,0
20822,0
68138,0
130574,0
53027,0
124315,0
112531,1
20410,1
130098,0
53222,1
127050,0
52491,0
35802,0
19917,0
8785,0
28660,0
60869,0
113292,0
29240,1
131110,0
98254,0
142628,1
143231,0
64444,0
10671,0
115955,1
114047,0
141618,0
54294,0
129038,0
21429,0
33717,1
95271,0
22983,0
13868,0
114551,0
29155,0
73200,0
104942,0
73082,1
19564,0
57447,0
2716,0
88345,1
2281,1
107363,0
92979,0
111072,0
4819,0
37018,0
116784,0
127775,1
110820,0
24566,0
100551,0
49307,0
77102,1
27895,0
55727,0
111131,0
65190,0
89786,0
25065,0
28202,0
57482,0
41287,0
9740,0
84642,0
107539,0
5601,0
77404,1
116263,1
66939,1
77524,1
5880,0
24548,0
111048,0
90019,0
132076,0
65097,1
39906,1
84202,0
19278,1
14702,0
144284,1
55303,0
125955,0
35251,1
30334,0
142072,1
43030,0
140452,0
48933,1
31690,1
113602,0
79402,0
74489,0
32987,0
63782,0
105170,0
34907,0
139295,1
84293,1
66603,1
138233,0
8836,0
49800,0
80155,0
133023,0
136353,0
76897,1
1636,0
86238,0
131441,0
7302,0
4144,0
127587,0
2789,0
52733,1
80889,0
130428,0
81501,0
43910,0
67163,1
100574,1
78926,0
7985,0
93300,0
137483,0
17725,0
41163,0
9909,0
52538,0
117639,0
145430,0
145017,0
11237,1
90204,0
41331,0
90669,1
125477,1
135514,0
38388,1
82610,1
30392,0
111354,0
119360,0
104757,0
63255,0
13076,0
108651,0
94695,0
43843,0
84179,0
38421,0
112772,0
89850,1
97405,0
111951,0
134844,0
25759,0
81633,1
125683,0
72333,0
114783,0
55158,0
121924,0
86702,1
100749,0
106452,0
140443,0
25453,0
85116,0
139027,0
132909,0
2195,0
23214,0
92045,0
22890,1
102773,0
25505,0
91977,1
94600,0
1140,0
64799,1
90758,0
67612,1
58298,0
123859,1
139327,1
143553,0
60598,0
137646,0
40666,1
75003,1
124586,0
9365,0
33098,0
121604,0
39355,1
95316,0
29074,0
82479,0
128703,0
80743,0
713,1
129391,1
21906,0
57142,0
61553,0
83665,1
91273,0
45269,0
105368,0
106399,0
138457,0
48547,0
88030,1
6136,0
43275,1
8234,0
45865,0
91198,0
30630,1
13090,0
139004,0
62792,0
103611,0
24801,0
103764,1
91653,0
92154,0
132321,0
69409,0
6300,0
67775,0
67550,0
79471,0
16696,0
16719,0
7683,0
132130,0
38318,0
83332,1
104243,0
118917,0
34780,0
134674,0
12258,0
64420,0
55988,0
47172,0
51200,0
39515,0
75247,1
23833,0
86667,0
37319,0
87214,0
124161,1
27146,0
120086,0
81268,1
23595,0
2686,0
99425,1
56376,0
53318,0
18953,0
114568,1
12732,0
95538,0
28138,1
92885,0
136361,1
138901,0
124251,0
141108,0
42765,0
119397,0
40347,0
2722,0
113736,0
48247,0
33882,1
28451,0
87552,0
13060,0
56488,1
122674,0
72795,0
38265,0
57435,0
111038,0
54587,1
35046,0
8996,0
48860,1
16991,0
140503,0
144315,0
108241,0
60202,0
32201,0
7261,0
80546,0
15338,0
144254,0
38783,0
9138,0
120611,0
62045,0
65661,0
44727,0
99702,1
61829,0
105622,0
85365,0
100741,1
60272,0
33645,1
123289,0
126098,1
25835,0
93445,0
80989,0
92283,0
51736,0
99016,0
14079,0
16585,0
112807,0
114227,1
64405,0
18907,0
44718,0
27337,0
94943,0
82832,0
141865,0
127329,1
2557,0
115472,1
86261,0
89073,0
93152,0
102109,0
136123,0
95793,0
95925,0
9542,0
53631,0
113047,0
65679,0
64983,0
105743,0
104646,1
31657,0
8548,0
74572,0
84500,0
123399,0
91534,0
18650,0
23685,0
105029,0
106261,0
101917,0
101062,0
126024,0
32140,1
35360,1
115847,1
12717,0
137599,0
91833,0
88687,1
128039,0
77537,0
40931,0
102704,0
97283,1
29760,0
7061,1
142578,1
123598,0
52672,1
92300,0
40980,0
83504,0
72046,0
115050,0
36216,0
98294,0
96306,0
45221,0
6303,0
17169,0
46503,0
11865,1
132096,0
123944,0
12633,0
110661,1
59457,0
91357,0
119704,0
6782,0
45852,0
140144,0
39752,0
69007,0
74476,0
113172,0
11907,1
133016,0
2259,0
64464,0
27478,0
17710,0
93982,1
103090,0
20068,0
129443,1
138076,0
51442,0
8961,0
36101,1
35191,0
71553,0
139236,0
88428,0
98505,0
8620,0
135571,0
30155,0
83337,0
66326,0
116624,0
72836,0
144040,0
21198,1
114195,1
145241,1
4814,0
142101,0
86588,1
30019,1
133403,0
75902,1
133909,0
69082,0
106780,0
34096,1
79563,1
29621,0
31960,0
115350,0
49638,0
73723,0
102322,1
61127,0
95900,0
128339,0
62141,0
75107,1
104315,0
21729,0
37803,1
145070,0
128507,0
46442,0
46363,0
38059,0
41364,1
109725,0
6076,0
78121,0
48609,0
25624,1
111526,0
3774,0
3407,0
138966,0
108974,0
38457,1
21177,1
105251,0
22528,0
107023,0
78055,0
77613,0
122815,0
128128,1
48662,0
145040,0
46911,0
131034,1
31342,0
131085,0
60885,0
105512,0
141846,1
104683,0
86910,0
38498,0
22240,0
109438,1
63797,1
20929,1
110162,0
118765,0
3913,0
88529,1
41327,0
65696,1
60678,0
90978,0
50629,0
26858,0
78408,0
16521,0
141037,1
43698,0
137447,0
67175,0
72492,0
96620,1
62501,0
3116,0
29199,0
29371,1
127283,1
82183,0
36561,0
128155,1
25198,0
8380,0
49446,0
4494,0
68456,0
26041,0
16760,0
78966,0
130475,0
65220,0
62863,0
48650,1
67717,1
128989,0
23144,0
81486,1
121187,0
7714,0
16930,1
30386,0
48996,0
88080,0
81117,0
116939,0
93570,0
10766,0
21565,0
3290,1
20981,1
120414,0
133731,1
50245,0
50289,0
91683,0
14756,0
43581,1
120713,1
22844,0
49107,0
71201,0
87530,0
40920,0
123334,0
123820,0
73197,0
879,0
20729,1
5344,0
74437,0
51164,0
98345,0
108011,0
117771,1
119978,1
103945,0
21037,1
99520,0
139536,0
44127,1
6574,0
92625,0
15126,0
86394,0
103358,0
121399,0
85566,0
141375,1
26687,0
5856,0
61001,0
84160,0
67120,0
3565,0
144671,0
85841,0
31617,1
130950,0
44862,0
53772,0
39396,0
27160,0
21899,0
130180,1
105177,1
79627,1
104539,0
126579,0
60436,0
121070,1
137707,0
141649,0
53615,1
37535,0
67170,0
88788,0
69177,0
100946,0
122778,1
21616,0
113649,0
52739,0
27567,1
15193,0
124476,0
141860,0
34679,0
95747,0
25868,0
28453,0
115562,1
64594,0
25857,1
63705,0
4941,1
68303,1
41616,1
58668,1
35196,0
137585,0
15563,0
40946,0
98247,0
92963,0
50145,0
127399,0
128246,0
15842,0
35209,0
144185,0
88741,1
13701,0
124059,0
93049,0
104968,0
78123,1
38632,0
72663,0
6118,1
101658,0
5050,0
51295,0
44514,0
75390,1
40590,0
53690,1
24069,0
29775,0
96982,0
9453,0
11011,0
124567,0
67994,0
63343,1
139616,1
28650,0
129679,0
87601,0
10050,0
70840,0
93245,0
66342,0
33301,0
67675,0
100454,1
26789,0
54444,1
27689,0
56044,0
17521,0
124007,0
84793,1
112274,0
4750,0
139913,0
67886,0
23618,0
116705,0
56762,0
123931,0
95639,0
7667,0
25008,1
36,0
16344,0
75017,1
69992,0
67238,0
84381,0
107198,0
90018,0
81771,0
54247,0
42834,0
91048,1
89682,0
45261,1
46257,0
115191,0
92776,1
67194,0
141749,1
86175,0
37339,1
25970,1
106406,0
13469,0
28839,0
67512,0
99229,1
4811,0
81008,0
23674,0
128896,0
91618,0
24482,0
44821,0
7601,1
82897,1
26817,0
37647,0
106595,1
112068,0
80777,0
110855,0
69248,0
114406,0
127263,0
108686,0
83903,0
75076,0
37863,0
42976,0
122792,1
132105,0
132738,0
90648,0
96704,1
15185,0
105301,0
100123,1
112990,0
29967,0
89823,0
126186,0
116853,0
128373,0
95658,0
122868,0
106274,0
11123,0
40121,0
133152,0
119930,0
137191,0
90323,1
74087,0
116975,1
35671,0
23596,0
86049,0
45190,0
32049,0
14738,1
121006,0
34036,1
101336,0
91571,0
120008,0
14340,0
10196,0
74618,0
28035,0
115060,0
145197,0
72301,0
51038,0
134016,0
100010,0
108451,0
51155,0
89054,1
96230,0
15781,1
31941,0
101711,1
34810,1
61978,0
22772,1
19901,0
24939,0
133989,0
98033,1
52294,1
84597,0
116663,0
127478,0
101774,1
79594,1
128782,0
134752,1
6913,0
128970,0
129819,0
29123,0
113343,0
5992,0
92615,0
15343,0
57138,0
32622,0
41807,1
112745,0
79388,0
34967,0
119103,1
115369,0
126523,0
116680,0
115337,0
132068,1
4382,0
49292,0
62193,0
32491,0
46138,0
20993,1
46467,1
6866,0
144750,0
65488,0
53397,1
110702,0
40561,0
23572,0
46302,1
134301,0
100822,0
136384,0
15227,0
132405,0
33969,0
67300,0
54443,0
130110,0
101554,1
10475,0
56303,0
78009,0
65733,0
28645,1
29827,1
17627,0
77897,0
70047,0
89535,0
16211,1
100019,0
143866,0
86222,0
5626,0
55446,0
36999,0
77664,0
89121,0
103184,0
101326,1
127781,0
27517,0
60610,0
3228,0
142793,0
31224,0
47805,0
23165,0
94282,0
130897,0
141924,0
48688,0
37546,0
58146,0
15128,0
118299,0
79737,0
138495,0
10396,1
52640,1
76213,1
12034,0
31868,0
71672,0
49091,0
87455,0
103208,0
109836,0
71761,0
25196,1
36544,0
90838,0
130187,0
61116,0
143805,0
83938,0
24884,0
56373,0
52503,1
142219,0
120883,0
45386,1
12795,0
37648,0
67589,0
72723,0
95746,0
145092,1
20764,0
13211,0
26686,0
74781,0
118812,0
130646,1
40169,0
91444,1
30328,0
54559,0
60037,0
45195,0
121446,0
30968,0
68845,1
31969,0
102393,1
116675,0
108526,0
31485,1
138880,0
5353,0
327,0
107251,0
108068,0
142940,0
137387,0
28436,0
67231,1
16625,0
24037,1
43937,0
112819,0
122954,0
10132,1
87505,0
34752,0
85315,0
85925,0
24964,0
61956,0
110421,0
10417,0
139136,0
60225,0
63747,0
39079,0
17241,0
82518,0
57319,0
143671,0
52744,1
22582,0
77370,0
135370,1
91253,1
69729,0
69415,0
29719,0
38453,1
30316,1
100857,1
41503,1
29627,0
26095,0
123393,0
26201,0
99408,1
143164,0
32312,1
100310,1
110341,1
132154,1
35832,0
122914,0
8192,0
75186,0
76414,0
3953,0
46446,1
22930,0
51356,0
136065,0
113558,1
61523,0
140652,1
145244,0
124317,0
99250,0
67462,0
23513,0
126502,0
17557,0
59276,0
139843,0
25702,0
64189,0
92147,0
41800,0
138404,0
35908,1
59211,0
24896,0
88057,0
13771,0
89903,0
52281,0
41489,0
116991,0
67940,1
17279,0
111533,0
36386,0
75538,0
7028,0
54590,1
106346,0
104922,0
124160,0
124504,0
114169,0
24369,0
74607,0
41072,0
110769,0
77677,0
7702,0
101998,0
36888,1
41797,0
47510,0
38544,0
94355,1
132838,0
18447,0
31521,0
56015,0
123309,0
77584,1
70817,0
94395,1
121296,0
86534,0
55535,0
9970,0
126627,0
25669,0
13669,0
97507,0
105361,0
66228,1
73262,0
92316,0
9558,0
144069,0
1316,0
109481,1
90927,0
40032,0
83608,1
143046,0
9751,0
58699,0
110057,0
97637,0
202,1
92647,0
39466,0
127207,0
109755,0
89517,0
88222,1
5233,0
19383,1
113012,1
88327,0
126804,0
69962,0
140629,0
68052,1
112337,0
110000,1
70942,0
133861,0
132975,0
134464,0
55313,1
46919,0
113010,1
29570,0
120100,0
35983,0
118614,0
50715,0
65872,0
94721,0
59595,0
32961,0
58905,0
79197,0
3242,0
137465,0
134762,1
130530,0
76084,1
41268,1
101762,0
115253,0
141665,0
85086,0
56572,0
73187,1
114933,0
73116,0
71772,0
120749,0
37115,0
106424,0
102759,0
94873,0
71990,0
22864,0
53888,1
86722,0
116565,1
72749,0
3378,0
47450,0
34193,1
76305,1
40399,0
9802,0
78057,0
122786,0
117020,0
94514,0
25261,1
89635,0
33193,1
24677,1
15976,0
31598,0
38348,0
28750,0
38519,0
10830,0
44119,1
106570,0
30504,1
119388,0
28890,0
77291,1
42410,1
119130,1
12735,0
84208,0
101284,0
43833,0
84761,0
134471,0
71354,0
66032,0
8051,0
134267,0
104065,0
133700,0
118992,0
94455,1
142546,0
83494,1
130166,0
133069,0
86575,1
86247,0
139828,0
86931,1
73473,0
104831,0
24394,0
13543,0
88257,0
138048,0
24446,0
44613,1
126856,0
73774,0
20603,0
105300,0
62703,0
18315,0
40017,1
124114,1
143378,0
122970,0
127813,0
48678,0
117344,0
54060,1
32429,0
20089,1
140996,1
34114,0
98691,0
141308,0
8023,0
140984,1
31401,0
126611,1
145018,0
94462,1
141464,0
144751,0
72798,0
121655,0
26585,0
117767,0
68007,1
82658,0
1765,0
14248,0
140017,1
79850,1
100445,0
20362,0
126874,0
15636,0
61309,0
43248,1
118311,0
122424,0
144996,0
73561,1
69366,0
121429,1
66192,0
62459,0
21234,0
57628,1
133609,0
14162,0
102355,0
66859,0
134682,0
27068,1
115330,0
8602,0
70133,0
75260,0
142431,0
99955,0
23042,0
76885,0
124304,0
108754,0
32042,1
143932,0
106157,0
122145,0
84138,1
40816,1
135864,0
130229,0
34332,0
34069,0
104596,0
54707,1
19393,1
136958,0
141646,0
5,0
122060,0
82511,0
91470,0
109601,1
77562,0
127802,0
69414,0
79114,0
112397,0
124993,0
103121,0
78384,0
82032,0
107384,0
82286,0
109552,0
118975,0
143454,0
81642,1
99889,0
59468,1
97015,0
57780,0
77911,1
140545,0
29322,1
133385,0
28170,0
81661,0
32021,0
137506,0
65466,1
29610,0
136815,0
83813,1
114305,1
83230,1
95648,0
118370,0
140390,1
42219,0
66476,0
4821,0
100588,1
69426,0
76915,1
72690,1
44223,0
3470,0
21508,0
70431,0
25931,0
139389,0
94190,0
95180,0
120529,0
117734,0
75320,0
122211,0
109839,1
81748,0
13564,0
35021,0
129557,1
131007,0
3898,0
27199,0
40782,1
20978,1
73429,0
25423,0
31006,0
143723,1
136174,1
61990,0
108869,0
43902,0
6503,1
54369,1
125124,0
133988,0
3484,0
116516,1
87978,1
114354,1
41470,1
4281,0
4052,1
69925,0
126890,0
59018,0
119520,0
119216,0
8092,0
126752,0
72207,0
71704,0
39911,0
18266,1
10170,0
20167,0
24182,0
20435,0
42686,0
41239,1
87999,1
66162,0
94582,0
103051,0
139572,0
42131,0
49775,0
110726,0
41651,1
63172,0
15725,0
87895,0
135364,0
79420,1
65400,0
145091,0
124851,0
48311,0
7969,0
98082,0
109880,1
58843,0
101157,1
11322,1
9204,0
39636,1
94693,0
130159,0
27446,0
56713,0
92063,1
20773,0
65970,0
40847,0
56276,0
78466,0
1652,0
91553,0
100375,1
69781,1
5758,0
63260,1
78982,0
461,0
81808,1
24516,0
34482,0
78245,1
68331,1
10655,0
99873,0
29120,0
61775,1
128235,1
40985,0
21272,1
78668,0
77603,0
32450,0
30407,0
136969,0
108607,0
74208,0
22364,0
85686,0
21702,1
87757,0
45692,1
63219,1
80378,0
65363,0
88987,0
130827,0
65248,0
94035,1
72498,1
136939,0
20424,0
55508,0
116910,1
28183,0
75523,0
74143,0
88362,0
78323,0
33505,1
30577,0
123394,0
89560,0
85298,0
36320,0
88813,0
81869,1
125694,0
110657,0
83688,1
45398,0
60558,0
5833,0
138673,0
48667,0
110418,0
29254,0
20136,0
49097,0
137014,0
103436,1
91496,0
6371,0
315,1
64126,0
31381,0
63537,0
47454,0
24573,0
6440,0
31681,0
136436,0
120069,0
117149,0
64786,1
38422,0
109168,0
88195,0
45491,1
35906,0
107832,0
70551,0
139239,0
38250,0
14042,0
12105,0
24910,0
90781,1
22669,1
90901,0
120761,0
137424,0
110841,1
53758,0
62353,0
143929,0
32509,0
23880,0
16817,0
17707,0
97155,0
102520,1
10090,0
45868,0
123167,1
107718,0
111069,0
67046,0
117655,0
47470,0
143690,1
47130,0
117678,0
81556,0
124669,0
63840,0
14994,0
117131,0
4700,0
35605,0
115591,0
49798,1
134013,0
77743,0
72245,0
121810,0
39780,0
33554,0
99789,1
72474,0
49842,1
3195,1
136489,0
126041,0
53291,0
109786,1
40083,0
94865,0
57061,1
130537,0
129595,1
9903,1
142030,0
43363,0
125400,0
83247,0
58165,0
104392,0
124064,0
15672,0
108214,0
104878,1
129046,0
1190,0
135604,0
5891,0
127730,0
121353,1
34179,0
86337,1
103280,0
56253,0
73434,0
38296,0
24951,0
8170,0
82262,1
99621,0
119344,0
4564,1
30891,0
117642,0
35020,0
8826,0
94999,0
115276,0
64381,0
31672,0
107163,0
26567,1
103880,0
25496,0
127117,1
103854,1
93210,0
119123,1
131054,0
69228,0
87046,0
39168,1
54626,0
135443,0
126202,0
15952,1
64344,0
15830,0
63548,1
86928,0
20865,0
38946,0
73758,1
32225,0
46161,0
103486,0
123172,0
91340,0
141727,1
52247,1
47753,0
54287,0
17709,0
123254,0
22046,0
142377,0
65841,0
42335,0
25221,0
109731,0
71220,0
81834,0
107796,0
138055,0
116517,1
109155,0
24713,0
33907,0
21404,0
55024,0
53968,0
136084,0
26387,0
32119,0
32289,1
77071,0
24444,1
123661,0
137653,0
98223,0
62893,1
89287,0
44304,0
84976,0
59212,0
95541,0
131634,0
112715,0
138846,0
101412,0
139223,0
86515,0
5538,0
27030,1
76218,1
91687,0
118772,0
125935,0
71878,0
74130,0
89109,1
137888,0
41594,1
111816,1
141004,0
101547,0
144649,0
48859,0
114038,0
68262,0
109745,0
124333,0
6220,0
113956,1
28275,1
7138,1
79955,0
91853,1
128583,0
107938,0
73761,0
73406,0
47888,0
82201,0
80899,0
38267,0
75189,1
112243,0
135137,1
27108,0
40953,0
45050,1
109516,1
17750,0
95453,1
77792,0
133447,0
41242,0
121365,0
73250,0
80875,0
76651,1
987,0
9962,0
108937,0
16163,1
1406,0
63034,0
61513,1
102099,0
57382,0
64525,0
76867,0
119373,0
33448,0
114563,0
65612,0
56190,0
20486,0
37077,1
78322,1
73606,0
128425,1
80217,1
3430,0
139867,0
121088,1
5846,0
67897,1
119570,1
142681,0
16923,0
104475,1
86853,0
143896,0
33804,0
78090,0
60094,0
50847,0
107457,0
11319,0
56014,0
55398,1
139899,0
100255,0
62610,1
9996,0
88982,1
58798,0
142486,0
137907,0
64229,0
138292,0
120464,0
137992,0
6015,0
17175,0
24367,0
103471,1
31166,0
116484,1
86336,0
33089,0
99622,0
9879,0
96268,1
125318,0
84912,1
52561,0
45577,0
57472,1
110465,1
88958,0
120820,0
101836,0
51681,1
106271,0
125889,0
116758,0
85797,0
50505,1
101347,0
144080,0
104324,0
51522,0
117114,0
56827,0
128408,1
97449,0
109235,0
645,1
73056,0
84461,0
26893,0
28760,0
80425,1
10577,0
46482,0
114907,0
71416,0
74248,1
6152,0
58276,0
54100,0
20281,0
76572,1
43007,0
52615,0
52003,0
127194,0
31443,0
90236,1
83417,0
44012,1
96327,1
17538,0
54277,1
4605,0
643,1
61918,0
61220,0
138132,0
138565,0
103873,0
106482,0
29982,0
90296,1
117278,1
137688,0
51724,1
50105,0
52668,1
34877,0
91971,1
106191,0
64640,0
95528,0
106636,0
99545,0
70282,0
121878,0
14299,0
74261,0
139427,0
96580,0
44299,1
130916,1
6634,0
86314,1
41271,0
68572,1
111469,0
109551,0
14121,0
66166,0
97227,0
76859,1
8751,1
121390,0
128381,0
12188,0
90130,0
119540,0
49662,0
100004,0
71921,1
13780,0
126323,0
68076,0
17836,1
114750,0
46205,0
3338,1
8086,0
76064,0
131614,0
107831,1
99949,0
129225,0
2059,0
122656,0
104417,0
6405,0
84703,0
32930,1
5088,0
38426,0
68297,1
109135,1
2784,0
29927,0
114756,0
99916,0
143790,1
3557,0
10792,0
89182,0
141192,0
23818,0
62025,1
25617,0
70494,0
11204,0
141063,1
98473,0
44310,1
2631,1
117110,0
62391,0
40517,1
73881,1
53851,0
51591,1
81733,0
65919,1
106743,0
68060,1
79874,0
37779,0
63651,1
135107,0
40415,0
102859,0
12529,1
115741,0
66668,0
77673,1
81250,1
106833,0
14681,1
23169,0
84175,0
41434,1
5402,0
16815,0
47429,0
25171,0
136829,0
8966,0
129672,0
82704,0
18833,0
132708,0
14536,0
127935,0
36157,1
28590,0
78994,0
26073,0
12890,1
58445,0
41152,0
46187,0
134701,1
10374,0
140682,1
15737,0
138709,0
55466,1
34766,0
9486,1
108954,0
21164,0
69705,0
30221,0
118418,0
13724,0
78010,0
3714,0
63379,1
117792,0
75373,0
34663,1
53079,0
3805,0
28418,0
61074,0
24178,0
44910,0
113980,1
86197,0
41664,1
97821,0
108699,0
26805,0
68199,0
140762,0
94178,0
102860,0
116240,0
111151,1
107087,0
30165,0
100556,1
76776,0
39125,1
63235,0
70867,0
141025,1
53386,0
128686,0
18047,0
127934,0
120689,0
87462,1
98673,0
6570,0
103928,1
95350,0
18479,0
44716,1
9094,0
138950,0
24166,0
133488,0
98625,0
65103,0
118125,0
96171,0
2610,0
49126,0
50692,0
70587,0
11158,1
17850,0
120280,0
128151,0
36122,0
118702,0
70420,0
10734,0
42953,0
98380,0
84250,0
67647,0
42789,0
11600,0
34040,1
127372,0
29055,0
101719,0
37466,0
144640,0
24761,0
39432,0
92829,0
67162,0
95423,0
97739,1
95207,1
100403,1
10458,0
110036,1
130741,1
70938,0
33024,0
55417,0
93232,1
67719,0
117015,0
26451,0
40369,0
116026,1
60401,1
110965,0
18367,0
401,0
30743,0
86494,0
114975,0
134746,1
52043,0
35421,0
30840,0
69566,0
110414,0
76562,1
38379,1
144373,0
13525,0
42684,0
139793,0
75820,0
12163,0
102586,0
101896,1
63794,0
103209,0
98352,1
46726,0
133912,0
62032,0
109740,0
86478,0
90810,1
19819,0
120770,0
116148,0
83647,1
51224,0
52109,0
87,0
46178,0
11762,1
109861,1
106843,0
45782,0
22342,1
57968,0
122643,0
124964,0
25463,0
4509,0
85645,0
38066,0
144655,0
87547,1
39097,0
117071,0
46572,0
121178,0
88101,0
30556,1
39726,1
83442,0
125116,0
142505,0
50871,0
95563,0
33076,0
132411,0
133752,0
144595,0
5630,0
60073,1
41903,1
40200,1
5113,1
5132,0
15819,0
38394,0
70757,0
128083,1
90929,0
83265,0
115836,0
19935,1
124600,0
16223,1
2514,0
64035,1
16958,0
44750,0
26579,0
50603,0
30511,0
111438,0
127053,0
66337,0
38078,0
87348,0
8932,0
67249,0
131309,1
130936,0
6822,0
64167,0
90743,1
38776,0
93439,0
74487,0
79324,1
1742,1
104647,0
127312,0
124238,0
128509,0
114600,0
134945,1
136805,1
138791,0
125623,0
120938,0
72123,0
83437,0
34021,0
54193,1
87488,0
66450,0
23982,0
121478,0
25647,0
132075,0
140217,0
39742,0
109387,0
55455,0
94314,0
14661,0
96012,0
97639,0
16885,0
27615,0
50271,0
98091,1
99005,0
113435,0
79138,0
71144,0
43157,0
134697,0
109631,0
99963,0
10943,0
5220,0
111850,1
15614,1
36391,1
134396,0
92295,0
106202,0
107174,0
72021,1
22577,0
1109,0
74378,0
86824,0
2624,0
69932,0
123174,0
66572,0
20652,1
28412,0
40213,0
113540,1
776,0
125947,0
111894,0
145318,0
18872,1
130082,0
12753,0
117886,1
23948,0
63418,1
28424,1
104992,0
63982,0
14986,0
70686,0
107401,0
121141,0
32005,0
80312,0
33359,0
132949,0
87789,1
65329,0
17003,1
122912,0
80028,0
98350,0
105695,0
127470,0
145285,0
6424,0
143287,0
110390,0
37615,0
124729,0
2735,1
96899,0
145057,0
34081,0
4635,0
12326,0
62734,0
132607,1
143297,0
212,1
88307,0
87170,0
40041,1
107039,0
34737,0
121634,0
30869,1
108657,1
53611,0
85361,1
62361,1
123219,0
59213,0
104109,0
121249,0
39220,0
6331,0
138793,0
55318,1
87187,0
43743,0
6063,0
26846,0
86044,0
137210,0
104955,0
114062,0
75888,0
23859,1
70652,0
30543,0
53337,1
4940,0
583,0
81317,0
43611,1
133885,1
83736,0
34051,0
51001,0
126010,0
143590,0
25207,0
71518,1
35289,0
53672,0
120371,1
22266,0
50073,0
26407,0
63455,0
68616,0
126695,1
97012,1
33267,0
133214,0
36875,0
88126,0
140899,0
137341,0
2892,0
10006,0
144721,0
102954,0
61515,1
97756,0
759,0
123001,0
42670,1
137043,0
115283,0
58160,0
15465,0
94868,0
34270,0
39859,1
19537,0
29466,1
76118,0
115757,0
65280,0
99164,1
123603,0
34103,0
137088,0
108971,0
51548,0
93661,0
68116,0
47227,0
131293,0
40411,0
85072,1
128338,1
103056,0
3249,0
98859,0
137120,0
140776,0
55058,0
40039,1
42337,0
140585,0
48956,0
102503,0
77941,0
62697,0
73032,0
136000,0
90765,0
99077,0
11831,1
72315,0
144090,0
116786,0
97991,0
81017,0
72389,0
72754,0
78436,0
114941,0
119358,0
31419,0
78087,0
58884,0
43659,0
107366,0
87325,0
112908,0
2684,1
115768,0
82852,0
38712,0
58361,0
42945,1
60175,0
74147,0
112971,1
94739,0
17282,0
100655,0
135585,1
27524,0
59930,0
56075,0
140567,0
33507,0
71823,0
18787,0
135976,0
17395,0
36255,0
25268,1
107946,0
6364,0
125969,0
75845,0
77651,1
72607,0
105955,1
94756,0
76757,0
25482,0
129333,0
113352,0
7708,0
85157,0
13465,0
119868,1
137066,0
50362,0
49318,0
135895,0
92436,0
121888,0
110534,1
118052,0
11491,1
9194,0
78356,0
54093,0
16019,0
24763,0
69456,0
4860,1
84915,1
11063,0
79557,0
76827,1
32765,0
69032,0
98283,0
18105,1
101614,0
2063,0
15538,0
115535,1
85449,1
34050,0
60155,0
109937,1
111962,0
102069,0
48551,0
62329,0
9899,0
35245,0
29722,0
61472,0
116029,0
67384,0
52796,0
49135,0
85374,1
115874,0
6916,0
3808,0
39493,0
143730,1
108912,1
19733,0
75002,1
107741,0
127911,0
84502,0
88852,1
5767,0
94322,0
130830,0
12073,0
11422,1
94867,0
136506,0
72831,0
111125,0
7654,0
97480,0
395,0
112247,0
118606,0
122,0
13880,0
40923,1
99681,1
62315,1
62484,1
127188,0
37205,0
122300,0
109793,1
132112,0
75509,0
114165,0
46400,0
97250,0
80792,0
20341,0
80265,0
119664,0
43244,0
31217,0
111953,0
35154,0
124593,0
65756,0
3215,0
119878,0
5583,0
111657,0
62380,0
72203,0
13328,1
98272,0
38210,0
81985,1
41546,0
57726,1
9123,0
94586,0
73193,0
68598,0
130198,1
869,0
110247,0
7118,0
3696,0
35350,0
58796,0
116541,0
119651,0
39091,0
43949,1
109749,0
10586,0
39612,0
26136,0
83073,1
103298,0
112042,0
38601,1
113925,1
129681,0
39705,1
4394,0
88580,0
39181,0
28197,1
82179,1
140334,0
68983,0
56818,0
41830,0
82044,0
52323,0
37663,0
43172,0
28247,1
91555,0
66184,0
127186,0
4732,0
31259,0
127687,0
93922,0
86600,0
40880,0
113412,0
94955,0
26218,0
47798,1
111236,1
122242,0
129329,0
94812,0
51003,1
85504,0
30358,0
60848,1
125587,0
125263,0
1026,0
1821,0
137029,0
89022,1
86820,0
125078,1
52638,0
42293,0
38670,0
12867,0
131135,0
91443,1
55678,1
30140,0
18121,0
125081,1
70089,0
86747,0
115353,0
98335,0
93342,1
10165,1
135914,0
114988,0
136368,0
17866,0
32343,1
52482,0
135354,0
96449,0
97472,0
6556,0
95259,0
99082,0
51961,1
60689,0
130060,1
857,0
40464,1
31632,0
83754,0
71205,1
7965,0
105709,0
129266,0
128053,1
67860,0
141535,0
14520,0
25288,0
33151,0
116241,0
32757,0
83289,0
92329,0
54268,0
35146,0
104499,1
25684,0
60967,1
48112,0
102134,1
112121,1
90990,0
86358,1
130580,0
50660,1
59866,0
134413,0
59500,1
123545,0
105911,0
41325,1
64370,0
3368,0
137945,0
109170,0
12495,0
123030,0
27905,0
64984,0
83298,0
72737,0
103885,0
50046,0
108791,1
73167,0
34944,0
14826,0
48833,0
103182,0
11418,0
101772,1
67812,1
99945,0
77077,0
118518,0
77207,1
45031,0
131771,0
61257,0
135620,0
29951,0
27472,0
106492,0
80905,0
86548,0
51564,0
75545,0
21680,1
121652,0
43324,0
139016,0
141235,0
139805,0
77470,0
92294,0
10151,1
79967,0
92666,0
121383,0
89333,0
8416,0
80664,1
127125,0
40757,1
127856,0
101682,0
43773,0
123337,0
24328,0
37378,0
135149,1
66527,0
130867,0
84602,0
127828,1
128815,1
53702,0
128663,0
34872,0
132297,1
90447,0
62708,1
119567,1
72522,0
45402,0
6730,0
58311,0
28552,0
22697,0
119355,0
113977,0
131312,0
66780,0
122969,0
9883,0
58366,1
141748,1
431,1
48597,0
4400,0
1362,0
14110,0
52783,0
43506,0
41135,0
4765,0
73345,0
70762,0
28407,0
141527,0
68192,0
125050,1
119937,0
50054,0
129321,0
17954,0
110551,0
73946,0
133229,0
64863,0
33420,1
39487,0
104953,0
45962,0
48730,0
38342,0
104819,0
8681,0
79413,0
87560,1
7782,0
108591,0
33157,1
101750,1
105952,0
21723,1
9132,1
26332,1
144235,0
60818,0
40576,1
116781,0
33688,1
39581,1
78473,0
63026,0
81323,1
85468,0
109596,0
81997,0
30671,0
115200,0
76591,1
112400,0
143694,1
16879,0
92565,1
39422,0
96432,0
79301,0
7391,0
42174,0
48683,0
87374,0
36719,0
14469,0
126398,0
56617,1
25972,0
71889,0
127345,0
109404,0
9139,0
47945,0
133033,0
78443,0
70057,1
52044,0
51433,0
101846,0
16354,0
81181,1
27873,0
131576,0
92683,1
119511,1
64295,0
141251,0
4751,1
5107,0
78515,0
26076,0
6499,0
73365,0
41277,0
81612,0
108045,0
43834,0
35600,0
51877,0
19904,0
72978,0
42160,0
73823,0
52038,0
125257,1
115202,0
136698,0
48813,0
8933,0
6443,0
60725,0
124608,0
127506,1
10384,0
18238,1
79302,0
5744,1
124022,1
141478,1
1492,0
402,0
107826,0
34901,0
397,0
78231,0
85255,1
70550,1
14145,1
39295,0
125928,0
49602,0
100577,1
108638,0
111433,0
83071,0
16756,0
66210,0
144305,0
69478,1
28845,0
79125,0
3117,0
129695,0
85168,0
96393,1
129347,0
73605,1
32419,0
88977,1
93675,1
95414,1
76073,0
13362,0
4110,0
12558,0
108573,0
144899,0
86219,0
126699,1
38142,1
15497,0
139998,0
124868,0
101319,0
134513,0
126104,0
119000,1
92668,0
14832,0
86100,0
19299,0
125565,0
74416,0
136306,0
92918,0
90906,0
59218,0
33855,0
43371,1
141141,0
14040,0
48593,0
102625,0
17360,1
21350,1
50125,0
141490,1
99264,0
88340,0
81617,0
99608,0
83318,0
132830,0
58806,0
98088,0
4105,0
92362,0
119761,0
143627,0
28575,0
122117,0
81271,1
103866,0
20183,1
62569,0
114861,0
23896,0
75851,1
120930,1
64319,0
28194,1
86720,0
101328,0
120139,0
35648,1
1127,0
60571,0
58496,0
28117,0
109525,0
65601,0
39547,0
126392,0
30431,0
133696,1
21041,0
28120,0
40288,0
59645,0
41476,1
102665,0
46864,0
551,0
141883,1
8746,0
62873,0
51506,0
36394,0
78933,0
15088,1
1842,1
3462,0
53232,0
141460,1
89359,0
46495,0
133266,0
29170,0
126562,0
46289,0
88545,1
98674,0
52389,0
38333,0
5800,0
129338,0
9411,1
69624,1
124100,0
100986,0
69762,0
118568,0
83701,0
88643,1
52420,1
101601,0
142312,0
143475,0
70854,1
131119,0
96246,0
6139,0
64293,0
113025,0
77774,0
87672,1
79445,0
11089,0
140956,0
117669,0
4604,0
35362,1
133576,0
126500,0
127173,0
51365,0
35511,0
63501,1
4734,1
21698,1
70451,0
106507,0
89612,0
121608,0
8954,0
70965,0
18913,0
28698,0
89239,0
106015,0
128315,0
14271,0
84031,1
66811,0
16415,0
64870,0
43948,0
103585,0
44118,0
82847,1
34922,0
25613,0
77369,0
24315,0
39054,0
57701,0
23345,1
88038,1
39938,1
92355,0
78677,0
46569,0
21270,1
101146,1
114266,0
47727,0
141913,0
82365,0
14477,1
89816,1
118037,0
125557,0
95421,0
134158,0
70899,0
59826,0
144330,0
58684,0
64091,0
126209,0
84994,1
49614,1
113555,1
58716,0
9457,1
17690,0
65945,0
54815,0
34989,0
142532,1
83550,0
126484,0
93635,0
62543,0
103556,0
132931,0
91445,1
108898,1
23606,0
73489,0
127698,1
19114,1
31839,0
131086,0
9318,0
131401,1
57529,1
130728,1
8881,1
89753,1
34429,0
43011,0
135335,0
119844,0
79152,0
118427,0
104225,1
318,1
20678,0
30819,1
46592,1
55560,0
65930,0
106626,0
64597,1
142703,0
61888,1
97232,0
128698,1
108345,0
134575,0
141381,0
78886,0
114424,0
105829,0
126180,0
84191,0
27652,0
15755,0
78503,1
59722,0
144175,0
124109,0
20032,0
72263,0
108362,0
78707,1
98037,0
74481,0
53458,0
27423,0
119221,1
131808,0
93995,0
120699,0
103130,1
133789,0
29454,0
124712,0
8444,0
53046,0
53523,0
134790,1
119752,0
54359,0
61520,0
18356,0
49884,0
93026,0
96678,1
134971,1
18126,0
106564,0
18815,1
92721,0
33937,0
48174,0
114672,0
61835,1
107966,0
120688,0
111872,1
11780,0
196,0
129700,1
110372,0
22462,0
94253,0
126491,0
123053,0
24980,0
83623,1
113657,0
108179,0
55393,1
31229,1
99888,1
97496,0
23224,0
26588,0
126397,0
18432,0
57183,0
126737,1
115299,1
112659,0
59214,0
90016,0
1791,0
67816,1
133144,0
137067,0
43357,0
9995,0
67099,0
38331,0
91616,0
61748,0
44191,0
140634,1
67028,0
111222,0
143202,0
140235,0
85581,0
79705,0
125792,0
111650,0
62774,0
76145,1
7105,1
75258,0
125000,0
65575,0
144156,0
79983,0
58293,0
54973,0
31711,0
57165,0
145421,0
62568,0
59936,0
57157,1
121904,0
71612,0
58395,1
88540,0
55389,1
99698,1
33215,1
87420,0
139897,0
90071,1
51481,0
120775,0
31207,0
99467,0
112474,1
36040,0
49451,0
28864,0
69568,1
82882,1
115347,0
71076,0
15670,0
38877,1
102720,0
112961,0
63174,0
30077,1
5617,0
62634,1
19439,0
82724,0
77727,0
29083,0
26705,0
60441,0
87148,1
109632,0
121696,1
28087,0
74909,0
140676,0
24154,0
50632,0
26501,0
29695,0
109110,1
94890,0
125731,0
69524,0
855,0
38115,0
90244,1
130805,0
51157,0
2797,0
52848,0
129473,0
37281,1
43274,0
43209,0
11033,1
13862,0
95091,0
142354,0
4825,0
129622,0
130958,0
46375,0
670,0
57434,0
73048,0
118603,1
6900,0
13922,0
72138,0
134094,0
43461,0
56085,1
78761,1
122293,0
48152,0
125973,0
103906,0
44732,1
78537,0
113692,0
142239,0
99299,0
24829,0
109656,0
4473,1
100649,0
37284,0
25914,0
24955,0
31345,0
75612,1
145357,0
2732,0
20409,0
91186,0
81800,0
124869,0
65544,0
46658,0
21660,0
17614,0
47535,0
91312,1
11752,0
44840,0
12025,1
84109,1
83498,1
112470,0
13520,0
114962,0
119118,0
139907,1
10994,0
114712,0
60146,0
68635,0
46120,0
104046,0
130345,0
125012,0
74904,0
90065,0
12820,0
100260,1
17246,0
14987,0
85770,0
144886,0
140588,0
86590,0
18531,0
3172,0
37361,0
42497,0
58213,0
91750,0
99869,1
121630,0
102324,0
83892,0
77660,1
73508,0
17657,0
63299,0
34539,0
122481,0
93673,1
45645,0
23658,0
66962,1
81448,0
126423,0
118595,0
28187,0
125993,0
22472,0
67523,0
128839,0
42653,0
17189,1
28543,0
136223,0
127995,0
70226,0
22375,0
82391,0
10133,0
108525,0
77181,0
63322,0
76357,1
82243,1
101676,0
134354,1
92170,0
110596,0
119044,0
37515,0
96255,0
19118,1
53060,1
77523,0
49857,1
12504,0
55213,0
121851,0
439,0
42075,0
119952,0
136637,0
47967,0
80788,0
77616,1
118221,0
13548,0
33825,0
133070,0
129882,0
8342,0
142597,0
125080,0
91546,0
68388,0
65523,0
89357,1
14935,0
80285,1
19222,1
104665,1
32378,0
15060,0
12620,0
105740,0
47630,0
124352,0
109862,0
7413,0
122281,0
122885,0
5394,0
9509,0
33221,0
108461,0
129127,0
111481,0
17591,1
77364,0
117135,0
94802,0
53574,0
126657,0
64336,1
64716,1
124357,0
128400,0
120599,0
63736,0
102043,0
68950,1
93672,0
42801,0
74718,0
136278,0
123577,1
119817,0
17930,0
21432,0
31722,1
95436,0
62169,0
38163,0
118662,0
86686,1
140043,1
116992,0
143762,0
113583,1
29138,0
63578,1
6032,1
117263,0
115945,0
27449,1
78358,0
109182,1
32710,0
46887,0
107651,0
51723,1
47105,1
44387,1
141024,1
54180,0
91196,0
42500,1
98131,1
83499,0
142531,0
64727,0
106557,0
105773,0
96175,1
52620,0
90348,0
22441,0
19079,0
75043,1
20757,0
52354,1
44518,0
73590,0
93471,0
36587,0
118502,0
97759,0
4275,0
71916,1
45711,0
2045,0
111491,0
55895,0
9640,0
32947,0
120690,0
115117,0
18727,1
17937,0
47212,0
83113,1
54274,0
102012,0
68554,0
97764,1
83644,0
9246,0
23288,0
120492,1
64662,0
141540,0
52967,1
17833,0
74755,1
16451,0
103549,0
130607,0
18729,0
85675,0
85875,0
129765,0
74105,0
94330,0
57611,0
110013,0
124253,0
145007,0
106431,0
141262,0
16308,0
107488,0
42334,0
144377,0
96403,0
72485,0
88859,0
93511,0
93274,1
81216,1
115667,1
55151,0
113954,1
60010,1
75253,1
124255,0
120724,1
125136,0
685,1
92532,0
124030,0
57069,0
41131,0
125989,0
21801,0
120541,0
31074,0
119099,0
114212,1
22765,0
50815,0
37428,1
54365,0
5958,1
39154,1
93254,0
77049,0
121451,0
111742,0
137054,0
73162,0
78749,0
20062,1
126239,0
15816,1
15123,0
31222,0
106450,0
82024,1
143225,0
80347,0
139725,0
143112,0
22327,0
16364,0
46035,0
28764,0
128048,0
81383,1
28677,0
39000,0
127888,0
133486,0
98593,0
75298,0
27805,0
118245,1
53525,0
125019,0
124534,0
139372,0
99161,0
140075,1
27694,0
48086,0
31503,0
93170,0
43009,0
61767,0
20770,0
114985,0
127362,1
124701,0
9040,0
78037,0
56205,1
136100,0
9339,0
128187,0
125393,1
28442,0
10817,1
95718,0
50336,0
4475,1
71795,0
28321,0
106678,0
118457,0
128633,0
34080,0
132801,1
114904,0
58263,0
48314,0
4199,0
138546,0
121148,0
131958,1
76284,1
60519,0
75565,1
123953,0
100391,0
19455,0
68706,1
139683,0
132553,0
136141,0
14725,0
73972,0
127936,0
30595,0
54449,0
140544,0
94119,1
37911,0
49145,0
48164,0
94220,0
69387,0
113650,0
63896,1
36809,0
106292,0
45194,1
138918,0
21166,0
136407,0
31139,0
28415,0
88594,1
22019,1
122595,0
134525,0
60369,0
86626,1
82349,1
52358,1
113750,0
17163,0
79183,0
110088,0
30923,0
65920,0
78074,0
480,0
59965,0
113178,1
64104,0
12600,1
98882,0
52208,1
68712,0
7284,0
49187,0
69850,0
129274,0
38963,0
51022,0
109746,0
138303,0
80177,0
18850,0
140846,0
14895,0
25780,0
79751,0
109699,0
112584,0
21422,0
135667,0
111784,0
18597,0
129400,1
26562,0
4130,1
44146,0
18330,0
118381,0
38126,0
91931,0
110371,1
22401,0
125483,0
63604,0
14617,0
47810,0
73544,1
105358,0
26138,0
84909,1
22072,1
103014,1
112214,0
60721,0
93352,1
73395,0
130711,0
36006,0
40918,0
41602,1
116403,0
47410,0
61858,0
95927,0
41757,0
64780,1
16234,1
90403,0
26060,0
5287,0
79506,0
80098,0
28972,0
41934,0
113041,0
134811,0
82412,0
122096,0
31763,1
71471,0
90115,0
138667,0
94063,1
8589,0
82557,0
73487,0
134356,1
53911,1
97862,0
51527,0
19136,1
125793,1
27224,0
85297,0
36612,0
128263,0
24946,0
76283,1
64852,0
97599,0
121784,0
7644,0
85424,0
64959,0
2503,1
58159,1
16276,0
98833,0
98812,1
145434,0
45297,0
43769,0
1785,0
122061,0
669,0
10677,0
114075,0
51041,0
142118,1
117033,0
60062,1
143,0
138321,0
53042,1
105326,0
24776,0
8955,0
105727,0
4982,0
142769,0
82230,1
108229,0
41003,1
92360,1
78261,0
133638,1
105619,0
18087,0
88259,1
115774,0
81601,1
4533,0
69535,0
5535,1
137301,0
103207,0
102813,0
138173,0
78154,0
107640,0
112915,1
54534,0
78810,0
50222,0
111972,0
113195,1
63225,0
43122,0
74366,1
65903,0
31016,0
135988,0
122520,0
140220,0
34182,1
100318,0
49641,1
4753,0
95570,0
14132,1
79978,1
17186,1
75832,0
68227,1
23079,0
45509,0
125476,0
61071,0
25494,0
22319,1
81958,0
37659,0
15628,0
144020,0
118357,0
23293,0
35927,1
45350,0
115229,0
139433,0
45838,1
72646,0
33094,0
43992,0
127893,1
113746,0
68421,0
617,0
96148,0
30472,0
23564,0
46420,0
105171,0
111980,0
19859,0
138740,0
22531,0
99385,0
43731,1
104952,0
28279,0
125286,0
108382,0
6235,0
116629,1
44695,0
130714,0
17455,0
22947,0
46458,0
55491,1
65572,0
144707,0
84285,1
140651,0
136043,1
84283,1
111931,1
39963,1
102047,0
48225,0
108635,0
81246,1
17733,0
21503,0
49720,0
64994,0
59035,0
55739,0
19870,0
106930,0
92818,0
53292,0
128912,0
102056,0
132911,0
106847,0
92731,0
131124,0
14305,0
78796,0
19517,0
129989,1
6838,0
18750,0
59272,0
108464,0
88954,0
134728,1
50123,0
39704,0
19894,1
120054,0
88747,0
37843,1
21762,0
109743,0
24970,0
25636,1
96751,0
99052,0
67378,0
64583,0
45274,0
115972,1
25575,0
140808,0
57663,0
18743,0
43842,0
137200,0
12869,0
110144,0
31600,1
100799,0
78600,0
123595,0
990,0
47475,0
107507,0
93099,1
37271,1
82402,0
100480,0
141967,0
27335,0
26880,0
137323,0
69868,0
127390,1
96607,0
15783,0
26515,0
15502,1
30635,0
138041,0
16145,1
65160,0
23451,0
100755,1
145207,0
34008,0
41640,0
120200,0
50949,0
90015,0
35719,0
135577,0
122529,0
130538,0
29895,0
27485,0
9289,0
30482,0
22256,0
80725,0
78471,1
91960,0
100130,0
36502,0
73155,1
69644,1
144757,0
51231,0
50796,0
65407,0
77408,0
138315,0
26883,0
82042,1
77878,0
104453,1
40796,0
121546,0
72814,0
59353,1
141675,0
120742,0
101527,0
78175,1
130032,0
76751,0
118485,0
47696,0
90968,0
138912,1
36838,0
76438,1
21065,0
112784,0
49255,0
102888,0
110507,1
78666,0
67273,0
26965,0
113241,0
136475,1
92591,0
91386,0
108371,0
25225,0
73295,0
19610,0
2133,0
124398,0
140823,0
69797,0
105165,0
35653,0
125885,0
105043,0
65804,1
50026,1
1517,0
133903,0
15042,0
774,1
122600,0
19261,1
113739,0
111601,1
110473,1
10889,0
97675,0
39999,0
109319,0
61045,0
43278,1
136638,0
96504,0
25588,0
135310,0
132609,1
27854,0
102155,1
70542,0
139958,0
107057,0
43144,0
128831,0
43410,0
120427,0
123213,0
61643,0
74974,0
2111,0
18055,0
91766,0
2877,0
2862,1
107587,0
60652,0
115840,0
91172,0
127694,0
120140,0
91462,0
876,0
39929,0
22606,0
78895,1
138505,0
98929,0
6934,0
141655,0
43584,0
133218,1
117715,0
134596,0
57272,0
102310,1
83934,0
12854,0
40085,0
43994,0
86200,0
110607,0
23296,0
37867,0
72566,0
82969,0
51074,0
138122,0
91294,0
68733,0
145282,0
136589,0
26779,0
73931,0
20850,1
31725,0
144241,0
66381,0
41170,0
23894,0
44769,0
65758,1
63518,0
85731,0
26242,0
24753,0
7432,0
44963,0
66130,0
76704,0
109277,0
128351,1
123946,0
96521,0
15394,0
85183,0
110448,0
105609,0
60962,0
119890,0
43489,0
68985,1
91428,0
37907,0
38002,0
1280,0
75785,0
77590,1
42869,0
3726,0
96324,0
15466,0
116866,0
36933,0
109337,1
138118,0
21808,0
22261,1
54506,0
81860,0
65664,1
101139,1
51964,0
117574,0
136086,0
70783,0
8851,0
68119,0
33545,0
89790,0
18929,0
108913,0
23466,0
115521,1
63435,0
87026,1
27219,1
1450,0
95721,0
39025,0
2738,0
91848,0
100526,0
36050,0
49582,0
29042,0
112270,0
45551,1
133081,0
23274,0
123351,0
111008,1
135035,1
97935,0
124019,0
134499,0
115432,0
85283,1
55191,0
22645,1
117048,0
55856,0
100505,0
90583,0
141338,0
57054,1
60182,0
31327,1
27921,0
89811,1
43805,0
54055,0
115884,0
34339,0
13420,0
94354,0
58994,0
108406,0
98553,0
94169,0
134135,1
11662,0
59369,0
74157,0
43053,0
95760,0
10457,0
72503,1
68352,0
23758,1
65256,0
134510,0
53273,1
121724,1
133351,0
56013,0
3211,1
88948,0
74524,0
35677,0
20490,0
51712,0
103239,0
108201,0
18411,0
133057,0
59846,0
47016,1
81829,1
14462,0
110915,1
110295,0
109191,1
132031,0
137842,0
14475,0
107950,0
62796,0
75943,0
76328,1
142534,1
50154,0
86909,0
142938,1
92674,1
63409,1
3510,0
83220,0
39495,0
43364,0
101492,1
3796,1
139448,0
99836,0
112738,0
32691,0
68748,1
137008,0
48797,0
32056,1
142014,0
87162,0
46565,0
687,0
32146,0
39687,1
82127,1
31551,0
43947,0
143357,0
102049,0
3479,0
48752,0
44924,0
63704,0
3300,0
25175,0
112433,0
16655,0
56895,0
78941,1
55524,0
82841,0
114573,0
140296,1
109975,1
78288,0
124976,0
119474,0
75837,1
94714,0
38680,0
49722,1
65829,1
10327,1
78461,0
130062,0
55069,0
113326,0
128271,1
6093,1
105890,0
88851,1
94774,0
17912,0
93853,0
89608,0
86245,0
40689,0
109885,0
75947,0
121485,0
34958,0
4294,0
136134,0
29799,0
115515,0
50089,0
1038,0
68686,0
50989,0
120746,0
46091,0
34849,0
125752,1
104581,0
143720,1
32386,0
95983,0
31339,0
56427,1
134103,0
134756,0
55744,1
141403,1
31653,1
130002,0
110754,0
137364,0
12169,1
141127,0
81784,0
79958,0
27661,0
26912,0
122009,0
55225,0
40758,1
39144,0
86631,0
36922,0
2495,0
90461,0
78462,0
27629,1
94179,0
9081,0
103488,0
31957,1
70739,0
65583,0
51622,0
85749,0
96964,0
43570,0
18412,0
58001,0
25367,0
136158,0
133339,0
86004,0
32755,1
29435,0
62513,0
124288,0
28349,0
49901,0
46834,0
19139,0
94509,0
33673,0
82077,0
39391,0
58634,0
113242,1
122223,0
121432,0
79425,0
97175,0
78763,0
85790,0
12275,0
116728,0
15305,1
106915,0
73117,1
103941,0
19469,0
131586,0
111808,1
12623,0
24779,0
101870,1
97386,0
64723,1
112319,0
136713,1
140875,0
84646,0
65640,0
144596,0
141495,0
27659,0
95077,0
78988,0
78159,0
70062,0
43975,1
12971,0
63708,0
24999,0
70928,0
12766,1
122667,0
10881,1
139934,0
105969,1
50197,0
100762,0
101562,0
65694,0
117077,0
5659,1
72421,0
64834,0
95354,0
21898,1
89778,0
105678,0
72612,0
134906,0
137119,0
62933,0
125363,0
108600,0
98962,0
20128,1
28534,0
93705,1
88981,1
90316,1
119154,0
95675,0
103172,0
50398,1
3715,1
31919,0
71939,0
80294,1
37883,0
139329,1
134167,0
25757,0
72045,0
43717,0
133118,0
79077,0
101598,0
51279,1
121002,1
97609,0
135650,1
32115,0
118736,0
30948,0
75330,0
115966,0
123871,0
8161,1
119390,0
107998,0
132394,0
108861,1
109940,0
110811,0
109309,0
48898,0
80018,0
94788,0
94816,0
58971,1
68895,1
135853,0
61207,0
29772,0
130625,1
65973,0
42375,0
115395,0
136961,1
6698,0
10152,1
89446,0
5549,0
90870,0
43779,0
71504,0
50709,0
20697,0
48928,1
65597,0
76652,0
99261,1
26290,0
26916,0
120217,0
12552,0
11075,0
111264,0
94168,0
78693,0
52364,1
310,0
24290,0
70350,0
61429,0
135527,0
106756,0
26344,0
47201,0
35469,0
9936,0
137422,0
35704,1
123014,0
127643,0
98063,1
89016,0
4393,0
44075,0
144606,0
28480,0
71005,1
74029,0
130998,0
124363,0
123581,0
137627,0
126572,1
31638,1
142062,1
75375,0
62730,0
4796,0
47677,0
60479,0
138067,0
71905,0
133124,1
67928,0
44382,0
12306,0
123625,0
122823,1
52525,1
64520,0
46564,0
36148,0
26529,0
138992,0
95153,0
99911,0
137791,0
75135,0
80445,0
135942,0
53338,1
101912,0
65301,0
18923,1
80054,1
37763,0
123185,0
24076,0
56164,0
29821,1
23395,0
51435,0
98314,0
2572,0
26093,0
27896,0
125647,0
73183,0
47270,0
138222,0
68094,0
85861,0
88978,1
136217,0
93965,0
62681,0
124796,0
79654,0
77199,1
54517,0
115192,1
85757,0
49681,0
123949,0
90619,0
114835,0
142611,0
27418,0
6470,0
81285,1
19391,0
106366,0
112056,0
62090,0
64689,1
54447,0
43493,0
104642,0
60550,0
92459,0
33477,0
100141,1
91580,0
141553,0
90967,0
117906,0
122563,0
37367,0
121219,0
39224,0
93728,1
142813,0
41866,0
80128,0
135285,0
50833,0
131612,1
131360,1
128025,0
30954,0
108927,0
131740,1
4729,0
101289,0
127590,1
20672,0
142863,0
24913,0
131778,0
42604,0
68633,0
84891,1
139450,0
31570,0
94272,0
20371,0
106653,0
53017,0
67592,1
8075,0
143944,0
12177,0
104918,0
115250,0
25406,0
128679,0
81427,0
88331,1
26808,0
2073,0
61192,0
104282,0
144012,0
26556,0
98270,0
70801,0
94797,0
30097,0
54112,0
60387,0
131840,0
73690,0
71477,0
139808,1
17496,0
92079,0
119315,0
140325,1
48679,0
10450,0
92991,0
38052,1
132990,0
108951,0
93553,0
80418,0
94620,0
33921,1
140086,1
93485,0
55269,1
31730,1
104099,1
60901,1
26442,0
54763,1
95514,0
69692,1
41882,0
34438,0
97125,0
125740,0
89917,0
94913,0
18146,0
109830,1
139086,0
19072,0
66149,0
65379,1
137097,0
72193,0
78033,0
30931,0
14650,0
16341,0
124072,0
13567,0
18501,0
31863,0
126667,0
34469,0
8677,0
38512,0
95238,0
113388,0
115717,0
19031,0
14793,1
112537,1
84722,0
83335,0
128416,1
61762,0
125800,0
81149,0
117876,1
91745,1
3988,0
17248,0
44273,0
61882,0
51035,0
38774,0
25583,0
106387,0
74127,0
129507,1
91063,1
83074,0
145275,0
105200,0
121287,0
128488,0
141590,0
82771,0
84955,0
62921,0
104146,0
74118,0
46322,0
25153,0
1896,0
135563,0
99666,0
58574,0
60432,0
131278,0
124269,0
2777,0
118513,0
141349,0
21543,0
94732,0
97668,0
49468,0
30252,1
58598,0
132357,0
4375,0
126146,0
50337,0
30168,0
54811,0
139304,1
59544,1
88934,1
115987,0
38487,0
91506,0
129032,1
112460,1
13646,0
78758,0
62874,0
42839,0
25750,0
12005,0
66211,0
57599,0
18608,0
110509,1
38034,1
103965,0
17873,0
74933,0
28261,0
88501,0
50980,1
24197,0
117315,1
30465,1
44549,1
115912,0
78963,1
26160,0
32590,1
117618,1
78434,0
118935,1
97509,0
34966,1
55544,0
45411,1
25536,1
115852,1
83048,0
69867,0
7444,0
104917,0
32842,0
144892,0
140447,0
139904,0
122574,0
121364,0
72391,0
125519,0
18184,0
28312,0
88410,0
121163,0
60791,0
13483,0
19355,0
98554,0
108843,0
126887,1
103412,0
34803,0
126515,0
36239,0
94568,1
35560,0
56770,0
35685,0
21701,0
32879,1
62664,1
28048,0
9657,0
47387,0
2509,0
103057,0
13798,1
46845,0
89418,0
143663,0
55752,0
19654,0
5138,0
63715,0
69120,0
135052,1
127713,1
40714,0
91928,0
125322,0
12408,0
115851,1
66467,0
96029,0
67109,0
142450,0
114684,0
118135,1
43691,1
111947,0
137578,0
138363,0
9761,1
30914,1
107028,0
8601,0
72225,0
130601,0
11242,1
55583,0
6696,0
90650,0
113479,1
107280,0
59828,1
6529,0
9275,0
117100,0
55052,1
115178,1
52479,0
90456,0
71429,0
126217,0
21394,0
73164,0
135087,0
20808,0
44018,0
38140,0
66916,1
12372,0
334,0
116803,0
65077,1
1705,0
70188,0
45921,0
128724,0
16647,1
108210,0
27595,0
67802,0
116445,1
136257,0
40526,0
113402,0
24899,1
87168,0
108582,0
108590,0
16228,0
80283,1
138211,1
121489,0
47887,0
72008,0
106093,0
69873,1
31770,1
35189,0
1373,0
128773,1
130591,0
137420,0
33990,0
120613,0
11534,0
32355,0
140564,0
35859,1
125677,1
15515,0
13578,0
91079,1
22656,1
81982,1
113801,0
90377,0
111409,0
72367,0
54315,1
86744,0
62278,0
100050,0
75826,0
135433,0
77824,0
102845,0
23027,0
134161,0
141197,0
143639,0
55571,0
68796,0
58438,1
46408,0
34673,1
119125,0
58585,0
65595,0
86983,0
125175,0
103789,0
14300,0
128662,0
139071,0
56689,0
97415,0
13088,0
48686,0
82397,0
18881,0
51148,1
99895,1
95161,0
136986,0
24656,0
134996,1
82553,1
51050,0
51212,1
94583,0
75804,0
31256,1
32994,0
68522,0
91841,0
89926,1
125948,0
141173,0
86302,0
144646,0
6204,0
84937,0
108567,0
65455,0
48894,0
87211,0
144456,0
141386,1
92107,0
115146,0
8876,0
80893,1
104336,1
101148,1
141031,1
6368,0
21648,0
63344,0
138674,0
18276,0
104197,0
34109,1
86955,0
145460,0
126169,1
11862,0
113401,0
21133,0
27490,0
82573,1
60384,0
21060,0
52049,0
18839,0
116286,0
86078,0
140683,1
145,1
26977,0
53796,0
14344,1
89405,1
37064,0
57450,0
12515,0
112799,0
114932,0
64633,0
35913,0
90953,0
71871,0
99219,0
59178,0
38953,0
100242,0
124793,1
69008,0
105946,0
17090,0
118783,0
95904,0
95588,0
111352,1
129388,0
35405,0
32585,1
53389,0
32212,1
33812,0
112370,0
54714,0
40605,0
118532,1
95193,0
129653,0
78678,0
43350,1
10931,0
134831,0
98927,0
115991,1
93823,0
91480,0
93528,0
67942,0
77844,0
13280,0
105835,0
60285,1
79591,1
100339,0
142174,0
13679,0
81049,0
64692,0
141379,0
105032,0
35303,1
138994,0
73460,0
47271,1
75981,1
124802,1
42741,0
125466,0
40558,1
131877,0
141939,0
108252,0
12601,0
92871,0
66971,0
27736,0
74992,0
85603,0
84769,0
32833,0
115517,0
103663,0
8541,0
109873,0
67139,1
128853,0
97824,0
31466,0
126040,0
74027,0
84466,0
6049,0
14559,0
32034,0
88446,0
117646,0
88011,0
10502,0
69996,0
103770,0
128147,0
33878,1
105298,1
29788,0
32910,0
96108,0
22676,1
18046,0
141030,1
28667,0
16758,0
84798,0
22859,0
14129,0
103514,0
121349,0
4469,1
101798,0
76060,0
15443,0
19218,1
58392,0
21073,0
46174,1
58026,0
47947,1
104311,0
22409,1
140935,0
58078,0
136659,1
127812,0
98414,1
76606,1
122528,0
70760,0
25522,0
94667,0
108302,0
85744,1
110637,1
114690,0
41999,0
19067,1
92344,0
115452,0
64944,0
6251,0
80924,0
26204,1
30201,0
59110,0
7300,0
18520,0
135152,0
118671,0
67810,0
135739,0
138961,0
124657,0
137426,0
43991,0
138023,0
127211,0
40042,1
81000,0
142204,1
115323,0
89874,0
44966,1
47739,0
2993,0
7050,0
29508,0
92631,0
1685,0
33483,1
9464,0
71182,0
89019,1
78381,0
83250,1
126760,0
1683,0
137541,0
79815,0
98092,1
70919,0
17416,0
69055,0
56943,0
121064,0
112081,1
115577,0
73506,1
28597,0
87769,1
107077,0
48153,0
23638,0
42781,0
35203,0
140243,0
91995,0
138781,0
54606,0
120261,0
97728,0
47234,0
132644,0
48214,0
116948,0
69865,0
27984,0
10400,0
62793,0
31986,0
53439,0
144540,1
5625,0
13846,0
107954,1
114126,0
43351,1
128297,0
65361,0
27094,0
34666,0
52760,0
86042,0
123463,1
101138,0
94953,0
70885,0
46814,1
62899,0
129966,0
130812,1
18823,0
125244,0
79921,0
92096,0
107222,0
69956,0
115377,0
125387,0
63786,0
56221,0
50741,0
32825,0
104327,0
118974,0
99846,0
54275,0
60804,0
42979,1
115287,0
13632,0
45717,0
106283,0
17347,1
138047,0
30603,1
57635,0
26911,0
36041,0
43739,0
34454,0
95801,0
81374,0
29669,0
31304,0
101813,1
87292,0
6121,1
54850,1
86465,0
118514,0
107026,0
119994,0
138349,0
18766,0
115817,0
103402,0
63622,0
52928,0
133063,0
42063,0
139106,0
39320,0
30648,0
24370,0
96616,0
102022,0
71708,0
90663,1
115804,1
69954,0
139638,1
98023,0
72269,0
134933,0
134903,0
35637,0
75935,0
107694,0
78774,0
77281,0
57876,1
15833,1
65055,0
143474,0
37232,0
112827,1
87811,0
33621,0
2655,1
32855,0
35979,0
38643,0
119468,0
56953,0
120622,0
120129,0
68073,0
60338,0
58204,0
102238,0
96990,0
95926,0
142428,0
141310,0
3236,0
69647,0
15111,0
2875,0
15276,1
116367,0
92700,1
56119,0
129654,0
98097,0
100896,0
105643,0
118176,0
83585,1
105917,0
99085,0
92822,0
24203,1
31756,0
137706,0
137649,0
1389,0
143996,0
635,0
86402,0
131540,0
25846,1
9164,0
955,0
97938,0
44386,0
140024,1
70947,0
29789,0
118490,0
128708,1
134763,0
101282,1
110090,0
127914,0
93033,0
110900,0
79182,1
35241,0
69516,0
86845,1
67909,1
129759,0
12187,0
14425,0
7835,0
117456,0
141836,1
117804,1
112719,0
30445,0
143215,0
98419,1
28721,0
49209,1
122098,0
36652,0
57707,0
5468,0
132325,0
133702,0
59186,1
129207,0
95064,0
74752,0
26775,0
82111,0
112525,1
111837,1
25145,1
22933,0
77308,1
43112,0
62148,0
7106,0
41414,0
63843,1
124013,0
63665,0
132712,1
81263,1
133476,0
108956,0
112848,1
119835,1
119004,0
20041,1
124382,0
23244,1
82708,1
81195,1
4084,0
102942,0
119906,0
40372,0
139056,0
119904,0
26689,0
18543,0
127019,1
20189,1
27749,0
128704,1
45497,0
65254,0
97521,0
79406,0
37923,0
29183,0
131721,1
90548,0
129869,0
62389,0
29142,1
18491,0
117000,0
49883,0
57458,1
142693,0
108329,0
92253,1
46119,0
99039,0
10064,0
37829,1
43045,0
111062,0
62778,1
94186,0
83078,0
135713,0
75157,0
49896,0
135006,0
50915,0
113331,0
141214,0
136964,0
75124,1
124184,0
64774,0
101826,0
125025,0
98423,0
55978,0
94197,0
138064,0
143101,0
97922,0
104615,0
93458,0
120214,0
114771,0
69659,1
62801,0
78570,1
28598,0
131678,1
8778,1
20613,1
13665,0
105345,0
29035,0
74953,0
22963,1
120573,0
5939,0
93067,0
122728,1
95412,0
54308,0
21607,0
33111,0
37765,0
5762,0
68604,1
65515,0
88517,0
90251,1
21852,0
113161,1
40626,1
6392,0
35804,0
94488,0
55094,0
42038,0
81923,0
59746,1
68168,0
53164,0
117305,1
16623,0
40727,0
138517,0
142631,1
106136,1
35348,0
101712,1
61362,0
51437,0
117721,0
33740,0
144145,0
11947,0
132839,0
124797,0
116748,0
63433,0
115100,0
75854,1
15292,0
109586,1
95192,0
97879,1
133648,0
63182,0
42800,0
21505,0
25348,0
5096,0
64208,0
2449,1
17859,0
2041,1
69367,0
17931,0
81485,0
54133,0
15241,0
98734,1
72216,0
127002,1
111229,1
11314,0
40942,0
3311,0
21380,0
5956,1
79852,0
60936,0
42672,1
119057,0
40661,0
35158,0
79595,1
68019,1
110886,0
58389,1
144547,0
53841,0
95208,1
101296,0
1802,1
36676,0
14328,0
41910,1
6289,0
75023,0
39598,0
61564,0
13036,0
73865,0
19549,1
7834,0
68546,1
87910,0
103901,0
139780,0
111417,0
68954,0
24126,1
136454,0
102252,0
50748,0
144936,0
80248,0
11896,1
5795,0
50555,0
15963,0
44772,1
183,1
80531,0
18444,0
130463,0
74420,0
74793,0
36341,0
75682,0
138238,0
86998,0
10903,0
5882,0
26142,0
41441,1
53399,0
139174,0
131195,0
66123,0
20339,0
3293,0
99730,0
136699,0
28989,1
39413,0
26831,0
20690,1
36615,0
44400,1
1583,0
48453,0
52549,1
136627,0
103126,0
120487,0
37594,0
492,0
61510,0
144015,0
38349,0
70514,0
12036,0
4244,0
138146,0
9829,1
61252,0
83757,1
80081,0
11294,0
125808,0
43457,0
23946,0
95952,0
98321,0
139787,0
85984,0
77631,1
46246,0
22262,1
134303,0
29277,0
19758,0
6937,0
20934,0
97539,0
59181,0
38147,0
116047,0
100215,1
648,1
64602,0
39146,0
122938,0
110260,0
75431,1
21672,0
122739,0
20217,1
101227,1
61035,0
9625,0
49543,1
20442,0
94947,0
5967,1
53010,0
113721,0
59899,0
14005,0
131178,1
128288,0
101894,0
136970,0
137757,0
130947,0
95627,0
138933,0
108225,0
36429,1
132908,0
51892,0
71879,0
81757,0
71131,0
70927,0
31254,0
11335,0
39609,0
23326,0
50267,0
56338,0
126408,0
136074,0
17479,1
54550,0
145178,0
92135,0
89168,0
140193,0
94008,1
103884,0
117355,1
75222,1
105419,0
97832,1
4560,0
95305,0
135802,1
128978,0
71924,0
68169,0
1593,0
5639,0
5467,0
125246,1
45353,0
15347,0
60135,0
114721,0
5200,0
61736,0
71586,0
37838,0
52912,1
124726,0
130042,1
86081,0
36934,0
76268,0
31691,0
144331,0
40480,0
31295,0
32197,1
45321,0
41056,0
124728,0
86401,0
105264,1
31240,0
115560,0
59029,0
124641,0
43686,1
117262,0
111753,1
36212,0
57991,0
100758,1
102430,0
56465,0
41805,0
15183,0
81321,0
36074,0
87518,0
76504,1
44919,1
107672,1
49864,1
77608,1
41370,0
99905,0
52075,1
35276,1
142249,0
3427,0
35137,0
100616,0
122863,0
41250,0
107186,0
55059,0
6812,1
92012,0
16255,0
140478,0
42198,0
90954,0
115341,1
39133,0
50639,0
125390,0
11935,1
55629,0
99471,0
132517,1
71192,0
17079,1
139909,0
41357,0
29487,0
98320,0
119686,0
135999,0
133105,0
93202,1
108803,1
119622,0
12362,0
68412,0
77225,0
63326,0
127004,1
36703,0
88863,0
64372,1
16890,1
15360,0
60410,0
106876,0
40418,1
56563,0
45553,0
117935,0
11617,0
130339,0
2543,0
134467,0
39930,1
125329,0
54342,0
93764,0
118147,0
99675,0
94146,0
104122,0
56654,0
96957,0
23624,0
143075,0
50032,0
57831,1
143416,1
103974,0
94151,0
54231,0
96117,0
106069,0
112232,0
121853,0
16118,0
101694,0
30066,0
101103,1
56510,0
87003,0
61625,0
42656,0
80729,1
34900,0
143155,0
93926,0
46551,0
112355,0
61253,1
3804,0
15775,0
127448,1
101843,1
97982,0
44257,0
137105,0
22131,0
111368,1
138672,0
89599,0
26170,0
137446,0
18721,0
14786,0
101008,0
23171,0
18123,0
139510,0
127740,1
47807,0
48289,0
78792,0
50348,1
92185,0
33613,1
23915,1
104220,1
111686,0
123726,1
139636,1
124954,0
144212,0
1132,1
4546,0
85096,0
44982,0
62066,1
130268,1
117978,0
13074,0
19316,0
114470,0
76810,0
121909,0
442,0
28997,0
121235,0
6237,0
57544,1
144228,0
8927,0
99283,0
58109,0
89967,0
7488,0
86618,0
100029,0
124216,0
37778,1
8953,0
29540,0
57330,0
24644,0
118550,0
93510,0
21494,0
120853,0
48357,0
130648,1
19828,0
56891,0
46713,1
88511,0
10814,0
35858,1
78366,1
89889,0
125857,0
91768,0
91517,1
4096,0
36449,0
15339,0
29299,0
90902,0
71546,0
517,0
19056,0
74062,0
87874,0
50025,1
108022,0
138074,0
137073,0
62076,1
70371,0
142962,0
20020,0
98837,0
141065,1
9977,0
73798,0
71574,0
97259,0
108852,1
44472,1
73653,0
54808,0
9805,0
76391,0
69376,0
41481,1
54984,0
109536,1
107669,0
17976,0
6323,0
12140,0
63010,0
123392,1
116123,0
133035,0
43966,0
20351,1
37926,1
14546,0
17766,0
37148,0
52131,0
94104,0
37710,0
61871,0
30231,0
47390,1
71645,0
109236,0
134268,0
122534,0
73572,1
35872,0
123997,0
50187,1
135385,0
118430,0
104272,0
21873,0
56581,0
59629,0
111157,0
122676,1
14506,0
122352,0
62903,0
90564,0
13904,0
70463,0
72531,0
92641,0
51753,0
114485,1
68066,1
86829,1
131522,0
432,1
23049,0
84137,0
110766,0
136373,0
136739,0
59777,0
119167,1
121023,1
3050,0
116918,0
47622,0
23929,1
61635,1
120970,0
112301,0
60153,0
100306,0
128444,1
73730,0
90162,1
8621,0
42756,0
71632,1
131385,1
68195,1
100665,0
122811,1
57237,0
105628,0
136827,0
22812,1
40251,0
88207,0
84643,0
29850,1
121839,0
37287,0
55928,0
140987,1
47169,0
65780,1
72218,0
47042,0
50566,0
124917,0
58761,1
85296,0
99127,0
68811,0
71438,0
67423,0
73366,0
57771,1
114821,1
54051,0
116341,0
66317,0
129736,1
139165,0
28794,0
126943,0
633,1
61505,0
114867,1
32989,0
63962,0
79885,0
9483,1
40203,0
29377,0
75986,1
38428,0
87787,0
16595,0
86946,0
113787,1
14491,0
89150,0
121057,0
45166,0
54783,1
101716,0
66716,0
52369,1
50177,1
141301,0
50995,0
24954,0
141003,1
61568,0
104466,1
126978,0
54067,0
76634,1
143041,0
28724,0
31279,1
121322,0
131870,0
140964,1
33296,0
104776,0
41507,1
102497,1
69984,1
111553,0
118991,0
41108,0
73668,0
2325,1
144055,0
83341,0
116503,1
60291,0
110882,0
95490,0
117180,0
128131,0
20176,0
136250,0
21005,1
78970,1
65270,0
116453,0
117391,0
10825,0
106392,0
130691,1
43261,1
14593,0
39978,0
118976,0
67503,0
115647,0
38339,0
60063,0
36017,1
126153,0
76990,1
78319,1
41420,0
82635,0
88717,0
39650,0
96143,0
60043,0
42438,0
42445,1
131088,0
74246,0
111954,0
128706,1
58265,0
72319,0
2168,0
102035,0
121089,0
66892,1
2344,0
50043,0
70985,1
112524,1
100929,0
63682,1
59793,0
110155,0
11952,1
115849,1
53553,0
86973,0
8399,0
114096,1
115009,0
31666,0
145187,0
104419,1
102590,0
24206,1
43689,0
39871,0
71754,0
102925,0
113027,1
57362,1
36564,0
207,1
59975,0
45935,1
41030,1
30243,1
124225,0
50925,0
136966,0
29625,1
6246,0
35844,0
140831,0
125957,0
104060,1
50816,0
50640,0
133717,0
108255,0
47045,0
61884,0
123576,0
43923,1
24785,0
5653,0
92358,0
110568,1
133745,1
69416,0
27380,0
130147,0
143114,0
39522,0
140603,0
73876,0
3330,0
113117,0
448,1
10753,0
17150,0
38667,0
139125,0
131341,1
117737,1
99833,0
114451,0
30941,1
27862,0
94026,1
102119,0
60733,0
126906,0
127034,1
134916,0
129807,1
26570,1
49381,0
87332,1
121762,0
47040,1
105201,0
3871,0
111137,0
162,0
62155,1
30405,0
75120,0
130282,1
386,0
74969,0
50279,0
130093,0
48754,1
78419,1
66555,0
122907,0
113678,0
124895,0
1499,0
23699,0
7364,0
51857,0
31744,1
113017,0
13952,0
137466,0
41871,0
92562,1
145370,0
134589,0
115561,0
89751,1
35788,1
71725,0
117009,1
17979,0
144302,0
88516,0
134744,0
130242,0
42491,1
76285,1
131932,0
51149,0
110956,0
67076,0
117597,0
28926,1
75556,1
139423,0
78030,0
115807,0
3924,0
61236,0
39875,0
118448,0
93683,0
47376,0
32302,0
142228,1
5345,0
108928,0
141642,0
132299,0
136981,0
105018,0
131388,0
6149,1
67448,0
123579,0
86303,0
88765,1
65512,0
84233,1
77037,0
27601,0
45530,0
19621,0
83244,0
24437,1
28369,0
139306,0
65531,0
80490,1
18740,0
125945,0
103934,0
3396,0
95828,0
75066,0
128067,1
64712,1
43318,1
38374,0
99974,0
89240,0
1451,0
31135,0
80598,0
134973,1
72684,0
117904,0
9062,0
116957,0
95602,0
53937,0
62322,1
90753,0
10853,0
40146,0
126025,0
87342,0
69995,0
92131,0
137448,0
7188,0
101349,0
70981,0
115201,0
81346,0
38116,0
45972,1
67213,1
36506,1
133096,0
6756,1
59361,0
117621,0
57855,0
35195,0
130240,1
5541,0
23823,0
82857,1
50459,0
49807,0
76406,0
60210,0
87127,0
77624,0
11893,1
32341,0
82135,0
58819,0
116923,1
77442,0
117592,1
52965,0
92445,0
123007,0
47196,0
45990,0
4347,0
15393,0
112290,1
86429,1
19205,1
68253,1
137227,1
8348,0
88926,0
118630,0
111521,0
81174,1
57150,1
35507,1
130089,0
57178,0
75942,1
133221,0
14516,0
85542,0
103074,0
40949,0
50393,0
37565,0
66076,0
6362,0
115848,1
116388,0
1304,1
95672,0
36468,1
35488,1
52881,1
4230,0
72064,0
37802,1
15838,0
126849,0
53227,1
20659,1
122104,1
72688,0
32534,1
135207,0
50881,0
74792,0
85932,0
40235,0
76036,0
128913,0
121259,0
12081,0
110690,1
58694,0
107258,0
99362,0
131926,0
102674,0
12476,0
78052,1
84875,0
60444,0
134587,0
143816,0
92109,0
138729,0
55452,0
144405,0
29635,0
61190,0
28680,0
78827,0
76497,1
107333,0
135657,0
33617,0
17816,0
124291,0
73075,0
69846,0
73805,0
71925,0
28991,1
36793,0
73799,0
37295,1
112709,1
79094,0
108516,0
63120,0
18454,0
79220,1
99339,0
6844,0
134250,1
88287,0
31800,1
29269,0
77889,0
108700,0
49407,0
40348,1
32061,0
98629,0
78224,1
103392,0
107784,0
56695,0
135703,0
14787,1
121460,0
121852,0
72841,0
101219,0
111287,0
83387,0
122079,1
8839,0
139411,0
116426,0
119550,0
23002,0
140294,0
104638,0
59630,0
129009,0
118810,0
30304,0
115462,0
99090,0
129375,0
26792,0
53179,1
123212,0
29114,0
131265,0
23279,0
23189,0
63314,0
67874,0
77646,1
133513,0
74329,0
86455,1
58356,1
122267,1
68142,0
30984,0
98258,0
79656,1
11669,0
141329,0
120094,0
4338,0
106318,0
33020,0
34136,0
126276,0
141109,1
57232,0
18271,0
9198,1
131585,0
96824,0
59820,1
6807,0
3716,0
58659,0
112813,0
15851,0
610,0
97883,0
68469,0
98715,0
135998,0
105957,0
79411,0
108528,0
35530,0
129934,0
10083,0
129311,0
6469,0
97999,0
59972,0
7041,0
19999,0
89871,0
1277,1
34265,0
105691,0
21597,0
9915,0
51562,1
53478,0
8217,0
117163,0
17595,0
69855,0
7923,0
123244,0
92767,1
137296,0
78220,0
111800,1
39464,0
142232,0
138276,0
98582,0
22820,1
92711,0
33101,1
3983,0
81858,1
131661,0
11450,0
122283,0
18360,0
86953,0
98856,0
15903,0
30199,0
142448,0
22849,0
22060,1
56703,1
90837,0
106260,0
88106,0
35124,0
115133,0
110137,0
117860,1
98279,0
93325,1
113524,1
100502,0
51289,0
142635,1
7216,0
25451,0
129276,0
93484,0
50006,1
33335,0
15992,0
74967,0
81760,1
106172,0
108215,1
80350,0
31232,0
31613,0
67706,0
14456,0
119171,0
60871,0
84017,0
14410,0
111088,1
50098,0
59904,0
57218,0
66758,0
124531,0
120106,0
112248,0
81725,0
96168,1
120006,0
119255,1
56342,1
6560,1
39101,0
140387,1
117023,0
102872,0
55900,0
140672,1
30723,0
125252,0
28411,0
108076,0
4891,0
110345,0
118615,0
124235,0
46942,0
57920,0
34978,0
115542,0
36077,0
107926,0
56509,1
119797,0
121651,0
3246,0
72166,0
142791,0
131745,0
12577,1
44369,0
114942,1
69274,0
52712,0
4114,0
13615,1
60648,0
25789,1
124672,0
121149,0
21958,0
123227,0
135497,0
1225,0
17550,0
91799,0
115012,0
1398,0
144843,0
135081,1
121869,0
93309,1
27837,1
4904,0
42763,0
50663,0
27759,0
107877,0
70152,0
18388,0
20279,1
124757,1
26823,0
51683,0
82908,1
145236,0
49141,0
109377,0
14618,0
55214,0
132955,0
78943,0
113899,0
119688,0
133183,0
115236,1
128322,1
123342,0
138480,0
26828,0
54900,1
50253,0
6852,0
97179,0
138002,0
75730,0
62504,0
82652,1
66480,1
64541,0
83100,0
107458,0
95298,0
87731,0
86866,0
140824,0
94562,0
107338,0
30346,0
68587,0
27582,0
96436,0
112948,0
97664,0
119001,0
98891,0
68196,1
59231,0
69325,0
95020,0
47504,0
1619,0
77216,1
46113,0
72128,0
109340,0
99476,0
27559,0
17092,1
3027,0
28809,0
86518,0
63130,0
57958,0
84773,0
132888,0
121925,0
38047,0
10667,0
48370,0
46388,0
23281,1
15405,1
57509,0
60224,0
98886,0
115290,0
74468,0
10849,0
84726,0
73778,0
44412,1
138631,0
12545,0
19538,1
126966,0
89135,0
123439,0
58246,1
91111,1
59919,0
15200,0
28744,0
30578,1
39417,0
96533,0
55359,0
131965,0
19032,0
48237,0
39387,0
124305,0
140517,0
29668,0
88939,1
57132,0
6744,0
133227,1
126918,0
5315,0
107738,0
114800,1
28656,0
6271,0
88595,0
27085,1
9831,0
94781,0
141237,0
88940,0
41472,0
73060,0
89784,0
46931,0
98752,0
114130,0
135990,0
118787,1
58973,0
44603,1
50899,0
42527,0
109433,0
103244,0
29034,0
143143,0
9215,0
3900,0
62691,0
9026,0
23091,0
91586,0
80406,0
49244,0
138264,0
78866,0
132923,0
38523,0
128585,0
76137,0
35294,0
100321,1
47968,0
101513,0
134665,1
4450,0
88644,0
2155,0
57386,1
104695,0
97536,0
65261,0
88502,0
88451,0
44142,0
99878,0
52132,0
98170,1
113274,1
131617,1
40759,1
40009,0
123242,0
64363,1
74973,0
56429,0
127454,0
8737,0
126598,0
271,0
102894,0
7299,0
101261,0
50726,0
13843,0
131601,0
56647,0
89113,0
118591,1
3088,0
76240,1
64488,0
26307,0
103966,1
138587,0
42827,0
48396,0
127967,0
88109,1
138097,0
79616,0
56896,0
82437,0
107845,0
25448,0
27801,0
31670,0
55563,1
117924,0
78404,0
12424,0
44959,0
20091,0
107440,0
98654,0
61307,0
104686,0
59614,0
114999,0
97466,1
121467,0
121028,0
133512,0
119372,0
105522,0
39644,0
91406,0
70422,0
137573,0
108808,0
140616,0
113951,0
75241,0
86034,0
65755,0
129036,0
139621,0
33648,0
45881,0
41841,1
24984,0
90596,0
13685,0
52410,0
40763,0
24140,0
70375,0
28079,0
6981,0
96363,1
112064,0
135331,1
63882,1
111578,0
46445,1
97106,1
120171,0
88815,0
63360,0
80796,0
120589,0
91173,0
33880,1
18780,1
142877,0
143443,0
53008,0
85852,0
105333,0
22325,0
68628,0
108675,0
142473,0
25726,1
138147,0
117993,0
96052,0
24371,0
29178,0
12677,0
19266,0
61836,1
89352,1
109553,0
126076,0
120631,0
63688,0
87913,1
46239,0
56459,0
72842,0
95157,0
56165,0
71956,0
50913,1
108279,0
127169,0
16427,0
42050,0
39707,1
77143,0
17204,1
35478,0
116093,0
15549,0
14958,0
62327,0
57642,0
15312,0
26582,0
7169,0
37588,1
121459,0
115381,0
127041,0
109554,0
35346,0
76887,1
126456,1
56347,0
117841,0
98080,0
37932,0
113838,0
80582,0
110718,0
6518,0
31318,1
16210,1
47722,0
67522,0
111419,0
128742,1
61150,0
56385,0
58396,0
98621,0
136345,0
89329,0
17365,0
53226,1
110446,0
31736,0
113995,0
43835,0
129748,0
27347,0
9262,0
14890,0
66975,1
68048,0
132398,0
48433,1
111278,0
92231,0
85197,0
46833,1
44496,0
143791,1
118426,0
82781,0
99678,1
47215,0
22474,0
30913,1
94515,0
48320,1
44092,1
74816,0
112903,0
108866,1
63547,0
101353,0
140780,0
131369,0
41537,0
70425,0
91804,1
61316,0
100378,0
16603,0
51366,0
66257,0
32504,0
128393,0
59388,0
91160,0
70213,1
135552,0
35669,0
2580,0
104783,1
26654,1
58073,0
55413,0
39011,0
100286,1
126457,0
137813,0
126915,0
92076,0
37689,0
103231,0
52556,0
12678,1
7428,0
17785,0
96001,0
133680,1
82863,0
25720,0
127179,0
42199,0
56091,0
69281,0
23368,0
32359,0
4610,0
53691,0
44040,0
16511,0
89149,0
131996,0
83870,0
119562,1
18676,0
54952,0
129563,0
25675,0
22869,0
31896,0
103369,0
115002,0
144455,0
139219,0
118742,0
66238,0
117587,1
71766,0
66373,0
84371,0
45313,0
116611,0
50645,0
108647,1
120226,0
22635,1
46755,1
127810,1
123016,0
3130,1
119898,1
128856,1
13507,0
88949,1
29268,0
120846,0
22719,0
33074,0
16796,0
145235,0
127392,1
17996,0
6596,0
19806,0
93808,0
96563,0
80030,1
111984,0
53668,1
139300,1
9141,0
121419,1
108690,0
71147,0
113092,0
54595,0
100278,0
110641,1
105420,0
8326,1
66985,1
39257,1
59203,1
110349,0
54810,0
100257,0
131105,1
109883,1
137766,0
15007,0
120158,0
60790,0
10240,0
144193,0
79546,1
117932,0
38199,0
143577,0
38798,1
46285,0
137827,0
36533,0
19873,0
121780,1
47367,0
90568,0
41938,0
31236,1
60107,1
13392,0
6267,0
181,0
111129,0
6833,0
96663,1
20174,1
22380,1
68404,0
1587,0
37348,0
12648,0
105927,0
24582,1
46051,0
129881,1
116014,0
143906,0
23241,0
21363,1
131396,0
80446,0
29834,0
100757,0
93932,0
48693,0
28655,0
114791,1
32134,1
101541,0
93664,0
57101,0
105265,0
1871,0
62562,0
24360,0
55676,0
10970,0
80328,0
30352,1
7495,0
26564,0
7218,0
48725,1
59360,0
110439,0
138981,0
121712,0
34732,0
6414,1
118153,0
60374,0
99468,0
92225,0
71755,0
64668,0
112933,0
113494,1
1881,0
104464,1
77648,0
107383,0
44385,0
123980,0
52793,1
3113,1
32278,0
28168,0
28470,0
57102,0
26520,0
130085,1
20630,0
136653,1
2272,1
144412,0
77640,1
39332,0
25190,0
21732,0
102636,1
24432,0
26281,0
61788,0
62981,0
89602,0
18589,0
69423,0
19728,0
37016,0
76272,1
115387,0
31815,0
56340,0
47526,0
138474,0
52186,1
42743,0
127052,1
12538,0
68523,1
16278,1
39585,0
133180,0
46012,0
91808,0
60061,0
94315,0
7795,0
102537,0
17024,0
119955,0
86899,0
44590,0
83615,0
81418,0
63121,0
101417,0
56055,1
22400,0
19483,0
16898,0
105618,0
30936,1
7504,0
143117,0
56130,1
61025,0
88212,0
65936,0
19722,0
42639,0
37499,0
70802,0
33746,0
110375,0
54234,0
82627,0
52821,0
31879,0
108517,0
4831,0
100671,0
129434,0
12949,0
144147,1
110762,1
97904,1
139524,0
130521,0
35960,0
39457,0
142758,0
25215,1
19429,0
33498,1
53947,0
134854,0
68500,0
47486,0
56932,0
106703,0
55835,1
9315,0
66901,1
66650,0
62738,0
66295,0
22172,0
87841,0
21609,0
48250,0
23078,0
85435,1
66886,0
78355,1
85674,0
112003,0
60700,0
53718,1
70903,1
109246,0
84435,0
11315,0
96546,0
141172,0
50496,0
127632,0
33295,1
77548,1
120542,1
90340,1
62529,0
144306,0
43603,1
122854,1
67583,0
129892,0
24825,0
137414,0
64174,0
18653,1
89808,0
54541,0
101322,0
71822,0
109224,0
110768,0
42873,0
130760,1
93266,1
114849,1
20588,1
28686,0
88963,0
95092,0
65767,0
49123,0
125089,0
75263,0
116419,0
63552,0
130494,0
19931,0
114698,0
89636,0
64150,0
86195,0
9811,0
35751,0
96948,0
84888,0
10026,1
20802,0
29385,0
87056,0
75591,1
10816,0
130364,0
7634,0
62875,0
116597,0
48186,0
25615,0
77240,1
30404,0
130,0
139695,0
119633,0
46870,0
99528,0
79587,1
37189,0
120728,0
139003,0
87820,0
46337,0
4447,0
26427,1
51982,0
34553,1
54122,0
91678,0
75327,0
103195,0
80143,0
12634,0
114547,0
107394,0
14713,0
103879,0
24135,1
62330,1
117304,1
53855,0
108111,0
43976,1
89562,0
111010,0
102499,1
106484,0
89990,0
59771,1
36337,1
11800,0
29411,1
17056,0
63935,1
4065,0
125474,0
27720,0
109809,0
2451,0
79696,0
27402,0
647,0
25422,0
90384,0
37757,0
144788,0
7716,0
49822,0
123472,0
13660,0
62157,0
133615,0
70323,0
36039,1
106970,0
139896,0
134662,1
91864,0
50901,0
84184,0
12092,0
112276,1
37022,0
83693,0
12113,1
140859,0
67333,0
41669,0
80262,0
63281,0
107743,0
105120,0
16009,1
86612,0
43116,1
64160,0
104271,0
112538,1
16611,0
24864,0
140576,0
69806,0
42094,1
104903,0
60450,0
120021,0
38249,0
26187,0
138524,0
27272,0
30351,1
98195,0
61704,0
38657,0
67772,0
85462,0
118204,0
132475,0
100967,0
144050,0
25360,0
66676,0
102071,0
28293,1
17254,0
25716,0
139855,0
64147,0
97903,1
12754,1
77352,0
111567,1
112708,0
56352,0
58635,0
1864,0
18192,0
92831,0
130660,0
122148,1
23853,1
18845,0
101474,1
65947,0
60014,0
93597,0
136579,0
108804,1
32185,1
74962,0
127381,0
144166,0
108430,0
127612,0
68590,0
128980,0
19937,0
98804,0
69986,0
58526,0
29836,1
73616,1
144280,0
5740,0
104560,0
101789,0
57491,0
106879,0
139961,0
94037,1
125268,0
60712,0
55315,1
107751,0
45452,0
45950,0
31150,0
9060,1
76239,1
65689,0
66849,0
75092,0
134818,0
143028,1
5727,0
97153,0
88068,1
72508,0
69715,0
142079,0
91520,0
15297,0
33731,0
40054,1
58661,0
120657,0
6280,0
112336,0
51102,0
38884,0
72264,0
34345,0
65916,0
22999,0
64970,0
28347,0
45938,0
15356,0
30434,1
75571,1
71339,0
65929,1
68809,0
95052,0
57141,0
58045,1
16575,0
6684,0
30841,0
15371,0
129877,0
128458,1
15948,0
63094,1
144582,0
35992,1
25249,1
112366,0
72155,0
122460,1
50085,0
115464,0
121160,0
27904,0
55203,0
72074,0
76985,1
125236,0
29702,0
106964,0
101683,0
84467,0
127595,0
143347,0
104677,0
70128,1
103269,0
68129,0
19606,0
80260,0
115090,1
1939,0
56976,0
104026,0
64537,0
100748,0
32884,0
67425,0
68289,1
133102,0
41201,0
82361,1
84236,1
53040,1
126855,0
81337,0
82961,0
15912,0
10703,0
107537,0
59293,0
68953,0
92853,0
119789,0
71170,0
17786,0
96289,0
127250,0
98394,0
114677,0
20206,0
83702,0
85843,0
59683,0
10416,0
1044,1
45748,0
123052,0
68075,0
129150,1
142904,0
120596,1
112353,0
62172,0
144623,0
111516,1
30688,0
68959,1
102558,0
26064,0
135292,1
59421,1
75429,0
105632,0
7843,0
119669,0
129773,0
82431,0
134987,0
127101,0
6876,0
34461,0
42898,0
88872,0
22574,0
85105,0
101187,0
141430,1
77853,0
99316,0
133287,0
45889,0
57557,0
136629,0
88539,0
10745,1
39748,0
59407,0
105055,0
136590,0
101665,0
143672,0
94718,0
48049,0
70535,0
971,0
116172,0
118882,1
95591,0
26765,0
47585,1
80214,0
32843,0
24414,0
105226,1
8842,0
52082,0
144337,0
12347,0
138513,0
55022,0
9603,0
76021,0
78351,0
90727,1
106525,0
6010,0
24013,0
29181,0
28316,0
13742,0
29619,1
105718,1
46657,0
7909,1
60933,0
132056,1
98537,0
93139,0
120503,1
31989,1
116848,0
89927,0
23470,0
145234,0
35397,0
106502,0
142872,0
96958,0
123566,1
107392,0
77914,0
298,0
45172,0
47232,0
112812,0
141800,1
51261,0
18186,0
73922,0
131794,0
135738,0
76288,1
113357,0
23287,0
79017,0
48097,0
70446,0
67797,0
135078,1
72759,0
20456,0
123549,0
109540,1
105445,0
80944,0
109136,0
107833,0
134022,1
131928,0
87951,1
18397,1
105547,0
82102,0
56933,0
14218,0
23146,1
143273,0
7109,1
103467,0
67398,0
43701,0
87764,0
11873,0
127574,0
110627,0
91767,0
42699,0
143395,1
21082,1
78694,0
44995,1
31393,1
82076,0
31945,1
14709,1
139743,1
68068,0
125858,0
131785,0
6598,0
84953,1
39303,0
65487,1
144327,0
112942,1
58965,0
50923,0
23160,0
103242,0
124943,0
57100,1
86748,0
25487,0
76079,0
66418,1
96744,1
123505,1
122922,0
24379,0
67948,1
36219,0
133460,0
90221,0
114132,1
73807,1
30363,0
83225,1
93964,0
47917,0
33164,0
46718,0
44252,1
124689,1
73504,0
71942,0
80762,1
17692,0
25648,0
88750,1
135546,0
136129,0
71491,0
25626,0
142719,0
94908,0
125574,0
46762,0
28065,0
10027,0
28996,0
57167,0
10951,1
47422,1
129304,0
14020,0
35990,1
94618,0
53012,1
87408,0
91362,1
13403,0
57262,0
11986,1
1247,0
96773,0
30680,1
129358,0
99602,0
59115,0
51230,0
57828,0
103169,1
83758,0
24036,1
136147,0
63332,0
20363,1
64704,1
125202,0
117644,0
99754,1
104074,0
39358,0
144067,0
114450,1
19898,0
7120,0
96960,0
45952,0
47133,0
120240,1
15487,1
127341,1
21287,1
55907,0
83649,0
30175,0
26566,0
13942,0
71667,0
94937,0
141316,0
60776,0
21369,0
107552,0
128110,1
88051,1
40027,1
86975,1
114682,0
60019,0
57838,0
21418,0
19562,0
131899,0
119127,1
10964,0
94032,1
73065,1
87791,0
101809,0
103679,0
89407,0
134285,0
86216,0
40844,0
18079,0
106058,0
108555,0
117961,0
45400,0
80023,0
108299,0
65906,1
88,0
10277,1
68015,0
41782,1
80308,1
142442,0
88065,0
109468,1
1582,0
114157,0
57341,0
100112,1
122207,0
27890,0
23798,0
115878,0
129165,1
116832,0
33736,0
85261,0
63837,1
98362,0
54148,0
1065,1
143419,0
70710,0
112302,1
1657,0
73518,0
129560,0
77986,0
17532,0
13213,0
73683,0
123419,0
95182,0
79075,0
83257,0
18663,0
76317,1
49198,0
139508,0
111632,0
143199,0
124364,0
123938,0
73951,0
32497,1
117740,0
127242,0
41891,0
97441,0
21838,1
94328,0
30459,0
23912,0
118806,0
57436,0
83378,0
60628,0
104383,0
101424,1
80513,0
23298,0
24869,0
53619,0
25272,0
10419,1
69528,0
58042,0
68727,0
40998,0
107009,0
110951,1
113267,1
34620,0
92947,0
114879,0
118771,0
106046,0
109550,0
83222,1
136904,1
91233,0
38557,0
116371,0
28786,0
107673,1
55296,0
93467,0
55468,0
54977,0
132377,0
116946,0
49909,0
6419,1
82855,0
23147,1
137552,0
76709,0
68512,1
863,1
96024,0
125695,0
119077,0
16153,1
91748,0
25028,0
60254,0
142380,0
74795,0
131104,0
59422,0
2395,0
58149,0
130431,0
114769,0
103895,0
53717,0
71227,0
61229,0
34,0
35923,0
33213,1
85401,0
137484,0
109084,0
99485,1
33135,1
87540,0
79192,0
115483,0
52372,1
141555,0
44643,0
128805,1
23687,1
3480,0
6819,0
31528,0
2703,1
99120,0
40562,1
140897,0
56984,0
109091,0
65932,0
21286,1
20476,0
131321,0
52203,0
81848,0
128848,0
140363,1
141938,0
126167,0
3888,0
113858,1
122933,0
73203,0
102788,1
79085,0
74632,1
39435,0
71912,0
29574,0
20134,1
113153,0
124490,0
82906,1
117809,1
107065,0
48852,0
30987,0
132117,0
33328,1
29691,0
10117,0
98598,0
93676,1
125299,0
127615,0
114660,0
32958,0
96318,0
18067,0
10926,0
45588,0
139173,0
57221,0
42860,0
83714,0
89309,0
130529,0
126476,0
135286,1
82617,1
12576,1
91676,0
58931,0
52259,0
143575,0
20645,0
38310,0
14665,0
65115,0
699,1
13689,0
132951,0
84421,0
51601,0
144426,0
102123,1
55474,0
106337,0
18493,1
72686,0
96720,1
67409,0
126310,0
69833,0
27816,0
31685,1
60114,0
26744,0
112439,1
123780,0
73383,0
119862,0
45368,0
97182,0
100086,0
35633,1
78711,0
81649,0
25265,1
21539,1
83355,0
46421,0
122558,0
117290,1
15567,0
114294,1
110098,0
51158,0
25839,0
31079,1
3162,0
114758,0
102320,1
130486,1
35063,1
17211,0
132094,1
110567,0
62334,0
127789,1
52709,0
5123,0
31020,1
113031,0
74297,1
4752,0
113065,0
29243,1
84291,1
133554,0
46686,0
115969,0
90820,0
49289,0
24,0
92643,0
137968,0
53982,1
32337,0
109875,1
77888,0
101738,0
26626,0
131985,0
91541,0
92164,0
29979,0
81614,1
80420,1
126183,0
127327,0
87047,0
29210,0
18085,0
66517,1
97829,0
31795,0
50870,0
95918,0
131521,0
98197,0
50864,1
109178,0
145031,0
140922,0
144993,0
142935,0
48334,0
99634,0
82850,1
137025,0
127339,1
144074,0
144552,0
82403,0
143354,0
110584,1
45726,0
109541,1
133627,0
77564,0
125606,0
55270,0
136238,0
76500,0
62163,1
2833,0
79137,0
106642,0
65484,0
682,1
14806,0
52889,0
130155,0
69044,0
132846,0
44572,0
71178,0
77031,0
35729,1
78402,0
15150,1
122657,0
139908,1
119361,0
56302,0
6400,0
85961,0
31288,0
79509,0
78536,0
139394,1
110008,1
59038,0
3168,0
103558,0
91652,1
140886,0
50018,0
132943,1
47397,0
93605,0
12050,0
877,0
3114,1
91029,0
13591,1
37338,0
17388,0
6097,1
102009,0
88448,1
78504,0
70926,0
106348,0
118811,0
131056,1
51996,0
88125,0
93195,0
106303,0
72386,0
108469,0
96359,0
38855,1
81391,0
14950,0
50324,0
115356,0
139005,0
107953,0
101626,0
112650,0
70607,0
83760,1
111172,1
38972,0
121486,0
30609,0
133121,0
29008,1
74028,0
31688,0
13619,0
6764,0
122526,0
72018,0
39939,1
122172,0
64813,0
39571,0
78327,0
96476,0
96380,1
125165,0
62768,1
95951,0
61622,0
107494,0
102728,1
127747,0
6957,0
93732,1
8285,0
43397,0
16816,0
92369,1
11266,0
2392,0
64574,0
103055,0
10895,0
12128,0
16384,0
142139,1
58591,0
60018,0
144474,0
130658,1
135243,0
76515,1
114302,1
24471,1
113873,0
58436,0
128384,1
83271,0
66285,1
123913,0
32611,0
7516,0
132095,1
36171,0
81155,1
42725,1
43134,0
77299,1
103779,0
22057,1
135695,1
69097,0
55290,1
2622,0
10194,1
35249,1
35481,1
36155,0
12137,0
868,0
121811,0
108099,0
125780,0
128475,1
93630,0
119038,0
54761,1
136132,0
80867,0
139227,0
58918,0
27543,0
17325,0
60756,0
48637,1
50307,0
29752,0
50977,0
6948,0
95763,0
57313,1
107408,0
71666,0
8828,0
42616,0
40715,1
24541,0
75824,1
86977,0
72721,0
8471,0
141101,1
29893,0
130873,0
86383,0
78839,0
119748,0
102533,1
57784,1
77556,0
73029,0
93638,0
18111,0
67530,0
134363,1
79520,0
29066,0
122044,0
41044,1
95117,0
45994,0
58864,0
59475,1
144712,0
94056,1
64530,0
18143,0
67018,0
127203,0
94051,0
81043,0
71409,0
78096,0
73941,0
20852,0
144183,0
61844,0
127143,1
717,0
39941,1
81129,0
35313,0
119783,0
119460,0
108194,0
77895,0
139375,0
91851,0
30995,0
105677,0
92083,0
121024,1
41961,0
69498,0
4901,0
114710,0
21591,0
98849,0
116090,0
140833,0
139969,0
71670,0
22446,1
21356,0
128435,1
122989,0
142363,0
126828,0
122672,0
46545,0
46610,1
122262,0
44984,0
34242,1
63645,0
9070,0
38994,0
53039,0
42515,0
101218,0
72148,0
9986,1
6187,0
82078,0
106862,0
76444,1
105538,0
40673,0
3617,0
104355,0
45465,0
91614,0
113173,1
132722,1
105137,0
129738,1
99524,0
19143,1
62865,1
103214,0
94996,0
52492,0
38397,0
32817,0
9044,0
108387,1
36790,0
88320,1
130108,0
36905,0
86867,0
26822,0
12991,0
62951,0
54582,1
82632,1
50946,0
8627,0
59046,1
112233,0
75164,1
143588,0
108442,0
69370,0
9031,0
25671,0
13245,0
91665,0
83362,0
2134,0
132562,0
137858,1
17253,0
1655,1
16988,0
19204,0
140822,0
107675,1
42120,1
118471,0
46299,1
113127,0
6154,0
14778,0
88227,0
9147,1
103364,1
137961,0
44193,0
63679,1
125785,0
135573,0
36271,1
39341,0
42861,1
137435,0
25706,1
70524,0
110401,0
56893,0
48522,0
123865,0
98726,0
48840,0
137787,0
107656,0
100450,0
106368,0
21504,0
139193,0
65953,0
123601,0
36408,0
123790,1
14219,0
13814,0
62705,1
74292,0
129364,0
58301,0
85519,0
138575,0
84281,0
1729,0
121048,1
96532,0
19599,0
14810,0
10756,0
111730,0
117851,1
14152,0
20455,0
125204,0
141687,0
88695,0
128709,1
109758,0
59744,1
82795,0
13396,0
46976,0
34753,1
74603,0
61691,0
86162,1
134683,0
110749,0
21116,0
140187,0
135472,0
50320,0
115473,0
116984,0
56369,0
59775,1
142435,0
67936,0
12339,0
124633,0
2814,0
54799,0
110332,0
56595,0
120614,0
22965,0
75776,0
70779,0
86727,1
35101,0
80747,0
72462,0
105580,0
16447,0
142850,0
114571,0
117921,0
19480,0
28028,0
53773,0
144109,0
33605,1
64827,0
91701,1
115933,1
76117,0
32221,1
58512,0
5375,0
123773,0
60424,0
39058,0
120107,0
1003,1
67180,0
127243,0
138625,0
3562,0
126873,0
14748,0
136705,0
68163,0
89912,0
115605,0
141762,1
54082,1
123968,0
65069,0
48227,0
40618,0
5710,0
77939,0
46507,0
116411,0
5673,0
122282,0
112136,0
65338,0
60805,0
115402,0
89391,0
85877,0
96044,0
16963,0
128972,0
4107,0
95881,0
82563,0
14515,0
54631,1
13885,0
134357,1
138990,0
10086,1
99387,0
12485,0
131973,1
119495,1
52870,1
101425,0
135972,0
20514,0
145114,0
20300,0
46505,0
97891,0
63825,1
124979,0
74514,0
86369,0
106091,0
40799,0
7484,0
37109,0
56947,0
80061,0
132979,0
1331,1
59927,0
122640,0
80090,0
92679,0
134612,0
37075,0
84650,0
66785,0
105044,0
129571,1
31778,0
55971,0
139382,0
117285,1
58559,0
98491,0
71202,1
110794,1
5223,0
127943,0
33266,0
74004,0
67355,0
29525,0
32811,1
3846,0
50780,0
128623,0
22433,0
94270,0
36163,0
93491,0
63923,1
20686,1
53820,0
120478,0
18564,0
92968,0
79250,1
8344,1
35847,0
84779,1
101171,0
95879,0
54760,1
97451,0
2808,0
116275,0
14999,1
55987,1
115635,0
117238,0
40905,0
94883,0
103783,1
78914,0
4403,0
19808,1
68407,1
120555,0
45561,0
30318,0
79467,0
18484,0
101105,0
112647,0
73359,0
89292,0
70572,0
46811,0
17376,1
110117,0
99813,1
114716,0
125531,0
30673,0
68466,0
34619,1
88728,0
125539,0
31777,0
6086,0
71346,0
138201,0
17555,0
24470,0
126063,1
88347,1
27318,1
38581,0
45275,0
36683,1
84712,0
78523,1
42244,0
70139,0
32588,0
101887,0
61470,1
139404,0
132209,0
77979,0
39986,0
100713,0
142390,0
119546,0
107825,0
129452,1
25811,0
36796,0
140755,1
77357,0
66013,0
91578,0
96769,1
69800,0
87902,0
128245,1
114228,0
62448,0
123860,1
52190,0
65673,0
136727,1
78790,0
81406,1
10030,1
78229,1
13167,0
81701,0
43367,1
142041,0
4340,0
116601,0
143922,0
18882,1
128140,1
30441,1
15273,0
31448,0
119381,0
52499,0
3560,1
75726,0
36431,0
82493,1
114711,0
130205,1
11645,0
53393,0
137989,0
94114,0
39537,0
92351,1
2604,0
60907,0
64475,0
130236,1
38537,0
103426,1
44921,0
116808,0
80553,1
111831,1
2788,1
2570,0
137536,0
115684,0
143882,0
31558,0
67749,1
78457,0
80928,0
46019,0
98533,0
8243,0
138502,0
92312,0
26044,0
44520,0
51382,0
62080,0
93495,0
130243,1
91972,0
35911,0
115683,0
110415,0
93588,0
24158,0
72656,0
52544,0
113776,0
137943,0
99558,0
42528,1
102190,1
39288,0
118540,1
48707,0
51604,0
90731,0
137507,0
128904,0
138007,0
87557,1
32183,0
85768,0
67532,1
91368,0
16433,0
138397,0
65177,0
22495,0
140249,0
109268,1
108933,0
74010,0
40982,0
113034,0
33254,0
26539,0
112000,0
85227,0
1879,0
92449,0
58658,0
126036,0
27491,0
115273,0
42266,0
17576,0
1425,0
38359,1
68230,1
73006,1
140376,1
39595,0
121836,0
141342,0
42127,1
41653,0
19665,1
118694,0
14378,0
86074,0
134055,0
125732,1
123246,0
124083,0
78185,0
26668,0
41783,1
109331,0
26439,0
102360,0
27089,0
73535,0
98615,1
126583,0
43853,0
116914,0
100251,1
13153,0
122940,0
109616,0
101704,0
4912,0
6484,0
31470,0
107169,0
52445,0
66017,0
86997,0
120684,0
123157,1
138813,0
45141,0
87645,1
70297,1
47829,0
96966,1
69470,0
120735,0
132744,1
24752,0
63274,0
42098,0
77499,0
65820,0
137455,0
19337,1
12029,0
47845,1
128154,0
30126,0
114242,1
21468,0
21773,1
38847,0
91188,0
34545,1
122141,0
144016,0
55800,0
109143,0
112075,0
2593,0
69629,0
135261,0
41519,0
87377,1
22639,0
133315,0
119977,0
137564,0
129728,0
84436,0
34293,1
87649,1
28579,0
46154,0
137217,0
56872,0
19407,0
5965,0
88350,1
69365,1
49004,0
96612,0
98470,1
13315,0
32194,0
67401,0
31194,0
25576,0
22572,0
93624,0
19671,0
53746,0
113462,0
57878,1
20347,1
126673,0
58341,0
42103,0
100935,0
141788,0
127071,1
14292,0
13138,0
5182,0
20453,0
18527,0
136894,1
107775,0
91738,1
67525,0
100194,1
117249,1
39701,0
66292,0
51427,0
33941,0
81031,0
50283,0
40278,1
83189,0
69146,0
88353,1
74590,0
48856,0
69252,0
20016,0
100393,0
44962,0
12847,0
123658,0
102350,1
66819,0
91461,1
135898,0
28106,0
6026,0
64110,0
48837,0
77014,1
35013,1
122345,0
104158,1
85831,0
79555,1
28812,0
31591,1
41025,0
28851,0
51211,0
67898,1
114151,0
130962,1
62612,0
112019,0
99218,0
17984,0
59147,1
89284,0
86411,0
130406,0
45366,0
130221,0
18064,0
61424,0
56296,0
90599,0
78957,0
102808,1
46270,0
91814,0
2855,0
92021,0
72430,0
40409,0
88460,0
92030,0
53625,0
127912,0
10646,0
51253,0
15938,0
110636,1
4989,0
30161,1
91404,0
102345,0
32566,1
109428,0
72947,0
77596,0
101116,1
137996,0
110587,0
140268,0
44278,1
112553,1
61715,1
44373,1
141664,0
39982,0
37092,0
17948,0
69165,0
113379,0
136576,0
66147,1
14705,1
102645,0
31755,0
123495,0
122418,1
100477,0
51380,0
20950,0
102523,0
33195,1
128264,1
129499,1
47046,0
51055,0
64465,0
82025,0
112754,1
63689,0
27807,1
97768,1
102004,0
45746,0
137313,0
32463,0
57979,1
125561,0
29079,0
100201,0
87993,1
97852,0
6345,0
47997,0
4516,0
57151,0
142368,0
103985,0
111393,0
136307,0
76245,1
41815,0
129307,0
101551,0
99734,0
144176,0
103417,0
121540,0
24404,0
53296,0
84884,0
25173,0
51836,0
41157,0
38784,0
32561,0
33414,0
6426,0
144042,0
140890,0
126435,1
6980,0
12202,0
10882,1
107447,0
133067,1
62707,1
100646,1
62200,0
41289,0
65807,0
115175,1
2440,0
49609,0
46817,1
119759,0
123645,0
102673,0
31648,0
69048,0
71077,0
65852,1
87261,1
71002,0
10948,0
3899,0
130816,0
8346,0
132042,0
16582,0
84858,0
120591,0
1274,0
66863,1
66461,1
41340,0
55409,0
89094,0
126948,0
98775,0
49787,0
36642,0
134084,1
52552,0
117506,0
94485,0
108308,0
80711,0
20323,1
84284,1
136582,0
26749,0
28047,1
46849,0
15132,0
127421,1
21990,1
68234,0
47650,0
54961,0
33988,0
54836,1
40849,0
85494,0
134851,0
49966,0
77490,0
40466,0
144092,0
139343,1
45090,0
121997,0
7508,1
41419,0
39360,1
144036,0
58966,0
99704,1
76543,0
59303,0
2751,1
58774,1
55540,1
71126,0
51009,0
106071,1
129683,0
63033,0
110335,0
44161,1
15284,0
42661,0
46671,0
18545,1
99415,0
127127,0
10056,0
52107,0
142231,0
55543,0
59251,0
77976,1
32319,0
115045,0
52468,0
83604,1
84266,1
87745,0
125447,0
134157,1
97822,0
127293,1
69563,0
56009,0
112900,0
134257,1
61228,0
107617,0
62131,1
60745,0
71892,0
104440,0
10628,0
4245,0
16523,0
39730,0
138226,0
100995,0
94664,0
54542,0
60904,0
13102,1
131949,0
59160,0
120860,0
90392,0
89176,1
82211,0
46323,0
127150,1
94085,0
35860,1
90971,1
674,0
29128,0
129048,0
77588,0
86305,1
103460,0
144502,0
1310,0
85814,0
49569,1
66442,0
80829,0
5969,0
86085,0
7351,0
104833,0
24073,0
43557,0
32999,1
967,0
123632,0
24804,0
85275,0
3956,0
109957,0
4507,1
80459,0
105693,0
119481,0
88657,1
103375,0
27390,1
124500,0
39291,1
57160,0
135159,0
59624,0
62592,0
109261,0
55364,0
136479,0
18829,0
54989,1
3358,0
80903,1
58089,0
785,0
77733,1
25680,0
99671,0
50752,0
18599,0
42097,0
118636,1
22393,0
53814,0
61387,0
74210,0
78444,0
41637,1
83481,0
82266,1
63847,0
85404,0
132880,0
88290,1
86351,0
138033,1
75650,0
88381,1
132814,0
125584,0
93128,0
119015,0
133703,0
79160,0
18399,1
22282,1
104542,1
37919,0
117578,0
77594,0
6718,0
43081,1
105814,0
68024,0
54773,1
109116,0
84403,0
79717,1
68573,1
22603,0
110177,0
119936,0
122446,0
75755,0
4376,0
104943,0
93410,0
144681,0
1973,1
49371,0
5511,1
65205,0
108905,0
104663,1
52767,0
137046,0
80981,0
19836,0
82546,0
133843,0
60348,0
136234,0
30015,0
36334,0
135600,0
54049,0
67024,0
1177,1
862,0
21745,0
93818,0
127946,0
89235,0
48179,0
86818,0
7337,0
45534,0
127308,0
83663,0
131916,0
99785,1
50321,0
33640,1
77125,0
41123,0
139600,0
138413,0
91697,1
66380,0
110369,0
11125,1
1231,0
119970,0
29190,1
29600,0
87396,0
3698,0
84946,0
83158,0
55220,0
7599,1
138535,0
86531,0
132425,0
106092,0
140185,0
135905,0
51550,1
46959,0
1002,1
108603,0
88850,1
88211,0
56722,1
49579,0
2038,0
85379,0
74417,0
32164,0
76054,1
99288,1
27897,0
145126,0
97145,0
43158,1
24700,0
4398,0
93997,0
88923,0
118609,0
90466,0
50992,0
43783,0
96054,0
14421,0
52934,0
87780,1
31334,1
101451,1
101802,1
65025,0
25032,0
33177,0
59870,0
37023,0
15175,0
31176,0
89533,0
129192,0
55566,0
140715,1
18778,1
92087,1
134565,0
13,1
17819,0
17383,0
74597,1
1200,0
26913,0
6651,0
42349,0
102017,0
41628,0
28054,0
45159,1
99623,0
15726,0
7882,0
139456,0
103930,0
23446,1
59955,0
121806,0
116357,0
107605,0
70970,0
99825,0
101616,1
140161,0
22126,0
136031,0
100570,0
96241,0
73122,0
52882,1
136297,0
48371,0
72375,0
132215,0
137271,0
1483,1
98165,1
114675,0
71934,0
107396,0
21610,1
135447,0
15907,1
68455,0
1471,0
55228,1
98746,0
4780,0
14399,0
544,1
63384,0
78014,0
25376,0
132878,0
4080,0
133526,0
63654,0
45063,0
43712,0
81736,1
44344,0
28497,0
28957,0
29998,0
21039,0
51521,0
18685,0
131305,1
15977,0
117444,0
32182,0
40234,0
28255,0
126838,1
14174,0
24218,0
131645,0
94682,0
47988,0
92584,0
42655,0
115705,0
34593,1
99985,0
123386,0
31983,0
107176,0
40749,0
63446,0
108935,0
27546,1
118796,0
107803,0
68332,0
97647,0
120936,0
6291,0
140614,0
11598,1
134551,1
129196,0
143777,1
98785,0
139706,0
35811,0
50727,0
67698,0
104178,1
52466,0
135361,0
45591,0
103816,0
71741,0
22794,0
132227,0
65910,0
32435,0
25333,1
139879,0
94690,0
16405,0
72654,0
141558,0
96299,0
130367,0
131435,0
132149,1
134948,0
40544,0
26482,0
27813,0
123143,1
11729,0
11736,0
135073,0
126363,0
100485,0
138140,0
80427,0
142329,1
97242,1
128840,0
110485,1
103667,0
6987,0
82062,0
144290,0
5650,0
19530,0
144614,0
30854,0
36932,0
81504,0
66626,0
66090,0
5550,0
145328,0
5951,0
106921,0
95830,1
80342,0
65625,0
127129,0
61199,0
79674,0
138488,0
99912,0
127682,1
42917,0
51647,0
99163,1
35168,0
106078,0
49789,0
34961,0
116755,1
61758,0
129172,1
52324,1
100052,0
100919,1
74888,0
107130,0
82604,1
40192,0
66400,1
3138,0
107242,0
112592,1
122616,0
26857,0
21255,0
86746,0
20860,0
44469,0
133004,0
116645,0
36662,0
9452,0
117167,0
138311,1
32996,0
122856,0
47846,1
37630,0
115931,1
3131,1
92575,1
118878,0
31907,1
115788,0
99331,0
42493,0
91328,1
39568,0
56527,0
53485,0
95832,0
108581,1
60670,0
70102,0
43082,0
45185,0
115329,0
72183,0
140732,1
31952,0
140664,0
15985,0
135236,0
94691,1
113593,1
65684,1
22322,0
102806,0
54557,0
43054,0
50610,0
71866,0
120521,0
28601,1
66072,0
38474,0
72246,0
63223,0
43319,1
90718,0
23539,0
116351,0
88281,1
108551,0
94997,0
46131,0
7292,0
145384,0
102246,1
15823,1
127358,0
42782,1
89956,0
66479,0
90166,1
44956,0
56989,1
142909,0
13801,0
143120,0
107208,0
47859,0
96085,0
72298,0
114917,1
131901,1
119500,1
92669,1
48414,0
69549,0
117349,1
15440,0
73378,0
60886,1
25764,0
45413,1
47745,0
78176,0
121304,0
117074,0
73790,0
86077,0
35310,0
36481,0
2363,0
38151,0
133469,0
58727,0
98839,0
83131,0
78899,0
107828,1
110947,1
15873,0
144995,0
21487,0
56207,0
44807,0
53024,1
69190,0
22893,1
59227,0
26430,0
98483,0
34218,1
123523,1
89756,0
33770,1
8498,0
7008,0
67033,0
93087,0
17806,0
33363,0
135209,1
5327,0
105832,0
44253,0
26741,0
3534,0
42985,0
73726,0
52751,0
29886,0
28147,1
120203,0
46180,0
16029,0
77422,0
84027,0
53037,0
31244,1
124004,0
59853,0
21742,1
101179,0
34191,1
2089,0
22182,1
120093,0
102559,0
69649,0
57031,0
29992,0
95607,0
93437,0
72757,0
9066,1
90657,0
8944,0
144755,0
79697,0
105539,0
116658,0
140431,1
11052,0
22177,0
40621,0
92384,1
58626,0
129699,0
5844,0
28351,0
24660,0
28050,0
11388,0
121356,0
21676,0
58282,0
112401,0
3297,0
66943,0
70932,0
24281,0
51262,1
140191,0
44420,1
36859,1
54162,0
21828,0
128638,0
58749,1
62286,0
11060,0
143626,0
30182,0
108897,0
58509,0
33652,0
99687,1
85627,1
122524,0
88184,0
14087,0
86161,0
87743,0
96675,1
57390,1
40126,0
136452,0
126555,0
91401,1
91014,0
69801,0
91170,0
11687,0
113315,0
34616,1
36718,0
57962,1
65355,0
132252,1
43696,0
128103,0
116950,0
2108,1
3096,0
8852,0
122011,0
980,1
52469,0
141784,0
126355,0
116019,0
69208,0
108010,1
142386,0
126774,0
49155,0
22287,0
46368,0
68490,0
52494,1
45121,1
37750,1
116838,0
15503,1
55361,1
38950,0
131890,0
99902,1
73017,0
51823,0
60743,0
141185,0
88279,0
25654,0
101079,1
30944,0
75871,1
83582,0
126111,0
116393,0
99303,0
11154,0
74877,0
114058,0
4664,0
52387,0
75085,1
66537,0
112490,1
142198,1
25841,0
8441,0
142090,1
62404,1
9750,0
95829,0
64410,0
90088,1
25328,0
142346,0
19109,0
118853,1
4511,0
49930,0
117551,0
93550,0
113892,0
19273,0
35138,0
19037,0
139316,1
132128,0
113637,1
44213,0
141245,0
65061,1
80205,0
52433,0
70503,0
13910,0
144209,0
134053,0
101190,1
21155,1
22962,1
63417,0
67701,0
72681,0
110207,1
20270,0
28384,0
67980,1
594,0
34633,0
93236,0
813,0
21706,0
36811,0
14452,0
73841,0
117208,0
81592,0
90522,0
68557,0
39153,1
114281,1
142790,0
11036,0
22899,0
68203,0
115786,0
52918,0
100908,0
115731,0
88185,0
54123,1
10013,0
53182,0
40824,0
90007,0
46645,0
5407,0
115450,0
130649,0
111425,0
103657,0
33201,0
48013,0
73046,1
141620,0
110802,1
129327,1
4041,0
133442,0
89175,0
6749,1
104468,1
128751,1
36079,0
40112,1
11700,0
42070,0
55861,0
19824,0
477,0
13898,1
88390,0
90319,1
24586,0
20402,0
145374,0
18112,0
65731,1
118634,0
82613,0
109164,1
76396,0
48948,0
4644,0
138144,1
14876,0
78884,0
85423,0
92124,0
48245,0
41759,1
94808,0
18022,1
103835,0
38184,0
29920,0
82315,1
42028,1
94921,0
122075,1
68656,1
94142,0
43800,1
111964,0
105561,0
136658,1
52696,1
46103,0
86679,0
65225,1
131306,1
83205,0
126834,0
38477,0
119760,0
93256,0
113448,0
74898,0
130882,1
15281,0
27785,0
132199,0
6053,0
49504,0
51958,0
120893,0
67288,0
64020,0
57437,1
4082,1
21190,0
41855,0
123895,0
77171,0
60570,0
136586,0
34411,0
77715,1
94857,0
61793,0
96111,0
88277,0
59732,0
31249,0
79826,1
35753,0
21083,1
7668,0
72769,0
118492,0
2573,0
2358,1
80752,1
111084,0
66272,0
96016,0
22388,1
55081,0
21518,1
125522,0
122307,0
128269,0
127503,0
42855,1
144893,1
141900,0
110771,0
127332,0
31622,0
24992,0
132683,1
54770,0
28491,0
53411,0
142527,0
83933,0
48172,0
15558,0
142350,0
14903,0
135597,0
40524,0
7446,1
137169,0
116300,0
84345,1
139282,1
102762,1
132452,0
121481,0
70647,0
143549,0
138141,0
69012,0
42166,0
138208,1
69512,0
64156,0
137638,0
98872,0
55328,1
127251,0
91654,0
73360,0
83955,0
71152,0
3976,0
57383,1
84005,1
22253,0
137818,0
82232,1
17993,0
134576,0
144102,0
85666,1
21595,0
2368,0
115332,0
50396,0
1950,1
25984,0
55694,0
84447,0
36825,0
106061,0
140766,0
125872,0
126634,0
41338,0
121011,1
124510,0
7731,0
96413,1
31509,1
139874,0
70902,1
33585,0
107900,0
39569,0
120463,0
65081,0
13084,1
71056,0
55916,0
122071,0
37238,0
120858,0
20789,0
45272,0
112861,0
2723,0
129932,0
115568,0
12910,1
82471,0
56546,0
19626,0
66473,0
89031,1
128465,1
67004,0
107732,0
125195,0
104164,0
35956,0
143386,0
226,1
126431,0
74057,0
95337,0
34328,1
122622,0
111629,0
96812,0
88273,0
81650,1
49169,1
2386,0
136977,0
140215,0
78640,1
86474,0
117948,0
93207,0
111493,0
35324,0
46875,0
33604,0
124221,0
51635,0
55173,0
39970,0
99726,1
24857,1
84594,1
133363,0
101558,0
122896,0
57446,1
125829,0
66903,1
36402,1
13283,0
72215,0
30535,0
70474,0
126443,0
120571,0
117790,0
53382,0
41848,0
74879,0
14091,0
36571,0
73532,0
137293,0
44676,0
116449,0
93430,0
4225,0
76451,0
117607,0
50790,0
60969,0
66465,0
100014,0
107013,0
81825,0
114175,0
4624,0
43338,0
116205,0
80959,0
124779,0
143366,0
76815,1
119825,0
46583,0
19950,1
20067,0
58540,0
107415,0
40406,0
129608,0
31507,0
125228,0
23390,1
67591,1
79379,0
91872,0
17386,0
67329,0
29412,0
40190,0
70400,0
17235,1
58675,0
28510,0
39931,1
27521,0
79244,0
143800,0
91775,1
78301,0
83496,1
61500,1
107218,0
125515,0
59794,0
4442,0
32902,0
109066,0
21921,0
108520,0
38611,0
125724,0
11186,0
116211,1
142500,0
26928,1
113074,0
117976,0
25467,0
69375,0
142718,0
57983,0
14155,0
62507,0
71650,1
94260,0
132870,0
26695,0
44763,1
28509,0
63199,1
87344,0
75300,0
124742,0
57818,0
131702,0
5993,0
46797,0
89745,0
3420,0
101201,0
122891,0
71300,0
69019,1
107416,1
98303,0
52417,1
70146,1
54706,0
86459,0
103729,0
51324,1
64610,0
83297,0
131001,1
66815,1
26045,0
125554,0
22630,1
124177,0
53828,0
127307,0
17681,0
136634,0
130162,0
10164,0
27435,0
94988,0
65792,1
63334,0
41142,0
21628,0
126833,0
103573,0
27548,0
124525,0
115810,1
121035,0
145256,1
116289,0
97949,0
37393,0
13668,1
122987,0
112420,0
108714,1
90412,1
40961,1
135067,0
27188,0
131812,0
86868,0
120695,0
112430,0
96235,0
49534,0
8081,0
66071,1
89774,1
3981,0
108333,0
7165,0
118416,0
107873,0
98200,0
23527,0
145109,0
131156,1
56602,0
90674,1
16134,1
59175,0
17294,0
11804,0
8219,0
145081,0
56536,0
14147,1
39539,0
36629,0
41118,0
25331,0
137854,0
66726,0
68056,0
134465,0
135309,0
61271,0
67313,0
136494,0
98307,0
57449,1
123341,0
109790,0
81959,0
115769,0
84771,0
60282,0
85537,0
301,1
122149,1
127123,0
106221,0
139092,0
1214,0
102330,0
1166,0
67957,0
59507,0
2286,0
125134,0
130374,1
11382,0
13291,0
64809,1
142537,0
117645,0
45887,0
1942,1
33141,0
9985,0
79728,0
27169,0
119684,0
85260,0
134389,1
109233,0
65668,1
90998,1
33556,0
96346,0
8687,1
61612,1
21896,0
52661,0
62848,1
47191,0
75442,1
61613,1
143714,1
35556,0
81730,0
97274,0
2410,0
4514,0
37508,1
115496,1
114919,1
52172,0
104564,0
96446,0
115326,0
116505,0
97969,0
25507,0
84940,1
7526,0
6387,0
56406,1
123428,0
132113,0
68468,0
144897,1
51802,0
81925,1
97693,1
111944,0
130765,1
4578,0
46857,1
122911,0
114977,0
22385,1
10410,0
116768,0
48871,0
83752,0
127429,0
35292,1
25135,0
7829,0
81917,0
13203,0
14011,0
12321,0
109581,0
35001,0
41138,0
18001,0
63934,0
20335,1
7272,0
4022,0
108115,0
48570,0
122419,1
98391,0
27883,0
68545,0
77381,0
140280,0
132049,0
66003,0
52998,0
105014,1
37408,0
124854,0
142006,0
82256,1
136617,0
138922,0
81137,0
100368,1
31242,0
93574,0
88537,0
133461,0
141730,0
57570,0
118479,1
130772,0
17444,1
122859,0
89216,0
51069,1
119786,0
97324,0
124522,0
15622,0
72154,0
21368,0
5191,0
38751,0
101853,1
100769,0
96793,0
48783,0
77845,0
131773,0
19649,0
131122,0
68509,0
17338,0
29006,0
50411,0
116198,1
118936,0
66950,1
141337,0
75678,0
113305,0
72346,0
67098,0
123838,0
139775,1
97343,0
75265,1
74202,1
36292,0
19578,0
83346,0
91755,0
37916,0
109639,0
28062,0
113441,0
124246,0
31842,0
2819,0
35712,1
112096,1
129828,0
94074,1
40,0
141264,0
139321,1
121941,0
38773,0
130261,1
61572,0
95066,0
96116,0
2770,1
86698,0
86965,0
42954,0
66583,0
50824,0
23073,0
30529,0
106011,0
86446,0
53783,0
83862,0
106686,0
137672,0
58519,0
73054,0
33944,1
39046,0
85094,0
19069,1
27891,0
136187,0
68302,1
38162,1
7157,0
89558,0
6200,1
62442,1
72102,0
79564,0
109662,0
32541,1
97743,1
136640,0
53660,1
92685,1
19767,0
101824,0
55704,0
124668,0
59439,0
20977,1
83897,0
63486,0
13236,0
113790,1
16380,0
67353,1
80957,0
133705,0
129298,0
130321,0
52041,0
82638,1
110664,1
21775,0
7503,0
109348,0
22497,0
95774,0
77930,1
22571,0
117319,1
44653,1
45554,0
120067,0
97604,0
77830,0
126548,0
34400,1
33017,0
121224,1
145252,0
84730,1
75519,0
42437,1
45627,0
46093,0
119281,0
2617,0
58348,0
112010,0
69898,0
84383,0
85498,0
58902,0
27287,0
60349,0
129747,1
57275,0
66947,0
98217,0
116967,0
102287,1
119257,1
126800,0
39305,0
73728,0
111361,0
9591,0
49024,0
104394,0
19664,1
86475,0
115827,0
66427,1
23038,1
9025,1
32686,0
109142,0
110672,1
1388,0
55858,0
34352,0
28979,0
133184,0
77140,0
38444,1
96005,0
55633,0
85806,0
54179,0
115481,0
12071,0
29631,0
34768,0
58310,0
57473,0
932,0
116461,0
24012,1
135416,0
133951,1
84663,0
49333,0
34066,0
82174,0
131081,1
15751,0
2558,0
59577,0
133309,1
58100,0
101610,0
107615,0
40160,1
32448,1
7741,0
72472,0
121274,0
99481,0
71481,0
80887,0
80884,0
131593,1
107767,0
14311,0
16381,0
102076,0
135645,0
80716,0
48823,0
64847,0
77269,1
18851,0
27421,0
79271,0
38269,0
49676,1
106947,0
94892,0
82195,0
12422,0
105840,0
2376,0
96548,0
42358,0
75907,1
55090,0
3866,0
102048,0
102227,1
105116,0
45913,0
3625,0
8099,0
89541,0
42977,1
9731,1
127836,1
982,0
58753,0
127918,0
142247,0
7589,0
53158,0
62266,0
144700,0
81653,1
11766,0
35212,1
7195,1
126917,0
137475,0
110543,1
136039,0
17652,0
132954,1
39977,0
132776,0
17584,0
138648,0
78024,0
7202,0
48590,0
63775,0
130927,0
44698,0
118409,0
74547,0
123064,0
109808,0
116504,1
99431,0
35799,0
17091,0
76312,1
79211,1
113084,0
34200,0
3012,1
133674,1
94588,0
145224,0
86318,0
139825,0
36069,1
116183,0
19420,0
74928,0
105456,1
100187,0
123970,0
13769,0
136243,0
114173,1
83132,0
108148,0
37895,0
122871,0
133999,1
13073,0
58904,0
458,0
139673,1
112044,0
113011,0
66648,0
144162,0
129206,1
45942,0
19920,0
23372,0
14443,0
88964,0
48697,0
36879,0
95561,0
97514,0
34828,0
57245,0
5053,0
141717,1
2341,0
78412,1
140038,1
68486,0
116774,0
138171,0
136596,0
87286,1
114619,0
84673,0
6035,0
141095,0
93859,0
7912,0
95114,0
16743,0
27186,0
114102,0
121770,0
34979,1
142590,0
49083,0
2747,0
2688,1
51927,0
11542,1
78047,0
101360,0
81634,0
91927,0
143311,1
108080,0
56107,1
66540,0
92015,0
82569,1
123132,0
86501,0
12111,1
52603,1
121679,0
24493,0
62451,0
98743,0
885,0
89754,0
54090,1
104720,0
109580,0
75345,1
59179,0
94046,0
29441,0
87962,1
93573,0
138177,0
69350,1
54455,0
143756,1
22258,0
70583,0
113681,0
6048,0
72237,0
2247,1
101297,0
116113,1
113886,0
130915,0
130690,1
70940,0
2260,0
74038,0
34424,1
143417,1
70869,0
68527,0
34154,0
75557,1
3914,0
123983,0
44209,1
97915,0
73715,0
13621,0
65148,0
24302,1
92915,0
43399,0
55516,0
134129,0
86051,0
70233,0
7301,0
40651,0
53120,0
3569,0
93536,0
42858,1
29720,0
40818,0
126413,0
52852,0
51116,0
12683,0
108681,1
54568,0
515,0
91166,0
106732,0
46750,0
26989,0
5552,0
122627,0
49962,0
13223,0
128441,1
7021,0
11528,1
84667,1
61535,0
132392,0
82994,1
141398,1
33681,0
97616,0
9778,0
142777,0
143360,1
115135,0
44063,0
67609,0
13783,1
29962,0
5866,0
24184,0
121123,1
59520,0
129214,0
15248,1
118082,0
15997,0
70201,0
3326,0
84230,0
91021,0
119202,0
92833,0
19754,0
2187,1
72271,0
135716,1
116671,0
132161,0
41904,0
58713,1
34273,0
112683,0
80526,1
87545,1
52037,0
59825,0
86816,0
108077,0
71991,1
143484,0
48877,1
4081,0
113323,0
119487,0
66640,0
90879,0
51424,0
56200,0
127664,0
83535,1
40785,0
116510,0
33046,0
102501,0
37716,0
16188,1
82043,0
33834,0
89997,0
106708,0
34859,0
95301,0
102348,0
35941,0
15055,0
142764,0
54738,0
61196,0
30080,0
71716,0
80620,0
2876,0
111639,0
75185,1
47833,0
97669,0
59174,1
124497,0
82251,0
132678,0
112751,0
137510,0
96414,0
87223,1
42339,0
80656,1
140105,0
48205,0
44172,0
138583,1
3734,0
103736,0
30791,0
52280,0
88947,0
54259,0
27412,0
122492,0
124414,0
80816,0
16770,0
144124,0
114535,0
136266,0
49300,0
64232,0
71298,0
48253,0
1156,1
65302,0
133976,1
15436,0
34441,0
30562,0
35889,1
67743,0
94432,1
97200,0
57981,0
128562,0
24774,0
6195,0
109775,0
127683,1
124543,0
6538,0
6330,0
22715,0
41762,1
99087,0
44434,0
126107,0
58667,0
60372,0
4061,1
6786,0
60201,0
17563,0
2938,0
116158,1
47268,0
87767,0
2644,1
103953,1
8019,0
7032,0
41028,0
20071,1
81940,0
21886,0
50537,1
70565,0
125854,0
3077,0
1575,0
58462,0
141896,0
95631,0
30171,0
82277,0
86339,0
125115,0
33105,0
72679,0
39119,0
109107,0
24148,0
122368,1
56101,0
127544,0
145302,0
72016,0
75273,1
26331,0
101649,0
114603,0
4705,0
66867,0
134781,0
14683,0
90719,0
68790,0
36734,0
92433,0
42502,0
61512,1
22750,1
133027,0
131077,0
132108,0
64798,0
49792,0
86292,0
109664,0
12909,0
46954,0
97379,0
49637,0
96333,1
61124,0
8307,0
120145,0
71459,0
13115,0
64601,0
137704,0
101494,1
113895,0
68255,1
126122,0
82650,1
87271,1
145415,0
98093,1
84207,0
137876,0
22254,1
22215,0
100826,1
73201,0
141086,1
90787,0
116235,1
84508,0
142543,0
80413,0
10255,0
59145,1
130534,0
25975,0
103063,0
102317,1
127120,0
4479,0
124077,0
28309,0
12247,0
107868,0
46441,0
83264,0
128193,0
63107,0
42218,0
67100,0
138291,0
104435,0
89122,0
131009,0
67613,0
84811,0
72805,0
67467,0
68768,0
142218,1
134447,0
114410,0
134646,0
86878,0
135141,0
143349,0
43738,0
56062,1
37314,0
106726,0
126663,0
118469,1
81660,0
118483,0
138589,0
239,1
12052,1
135663,1
145188,0
120850,0
91962,1
24098,0
7396,0
33192,0
6433,0
69169,0
23374,0
143219,0
35638,0
112953,1
37333,0
108137,0
67514,0
76797,1
15198,1
130422,1
118926,0
566,0
96731,1
126821,0
120061,0
92430,0
49764,0
138003,0
82796,0
18368,0
97672,0
96821,0
97316,1
36093,0
53087,0
40499,0
81830,1
142277,0
50209,0
4059,0
114215,1
78433,0
13434,0
108260,0
25389,0
100854,0
134290,0
24729,0
46147,0
120410,0
10107,0
60898,1
18470,0
113740,0
46349,0
43133,1
108150,0
73090,0
107843,0
142640,1
140002,0
36326,0
134204,0
3055,0
5477,0
10923,0
3183,1
109644,1
61344,0
15153,1
121934,0
114196,1
136676,0
126576,0
45828,0
16832,0
59536,0
33271,0
73816,0
72129,0
67406,0
102517,1
96131,1
41019,0
46933,1
141541,0
140893,0
9190,0
20110,0
43226,0
89053,1
16560,0
91176,0
122334,0
126755,0
133899,0
46311,0
83949,1
56874,0
106086,0
91223,1
867,0
87375,0
80473,0
54700,1
13736,0
65066,0
79000,0
120777,0
73375,0
134986,1
43372,1
16444,0
77678,1
8035,0
25256,1
43113,0
71372,1
97665,0
30807,0
88160,0
21225,1
52856,1
99808,1
125018,0
119106,0
69085,0
9176,0
94963,0
131825,0
115370,0
21,0
4549,0
10183,0
47001,0
43681,1
125971,0
127877,1
103685,0
114734,0
44150,0
57743,0
133511,0
143772,1
120781,1
53590,0
138725,0
74215,0
93421,0
130845,0
70113,1
35528,0
4746,0
116530,0
18072,0
49619,0
89493,1
39187,0
47171,1
117318,0
29418,0
138612,0
70575,0
60345,0
11526,0
64997,0
8242,0
131659,1
37145,0
110054,0
91831,0
47143,1
49683,0
33906,0
141268,0
28044,0
101063,0
44693,0
23311,0
132820,0
69924,0
78985,0
57190,1
136863,1
20036,0
58407,1
48080,0
70178,1
91348,0
52729,0
141404,1
112415,0
52340,1
102408,0
50636,0
139900,0
109149,0
15009,0
35270,0
123956,0
98291,0
67644,1
80498,0
142266,0
120364,1
84660,0
142539,0
112097,0
32307,1
68483,0
144780,0
39831,0
92954,0
138984,0
78889,0
59138,0
7876,0
74014,0
16784,0
96137,0
103443,0
67796,0
116088,0
93222,0
45696,0
33047,0
29933,0
117295,0
16668,0
15103,0
85862,0
11287,0
86593,0
100148,1
102251,0
119801,0
73754,0
111550,0
1763,1
73133,1
2998,0
1853,1
119035,1
119240,1
80969,1
25900,0
38478,0
118197,0
121619,0
74528,0
47588,0
27594,0
11104,0
124301,0
100334,0
3843,0
62136,0
91161,0
16608,0
13823,0
29490,0
50077,0
10783,0
28641,0
40076,1
12561,0
143596,0
131038,0
126664,0
20684,0
121932,0
34625,0
40834,0
128667,0
106806,0
77150,0
25782,0
41558,0
23995,0
26211,0
63676,1
93402,0
111239,0
140800,0
143351,1
126747,0
131918,0
4661,0
59675,0
140811,0
60861,0
65408,0
115082,0
58755,0
128944,0
98202,0
107980,0
129902,0
110602,0
111325,0
19243,1
13837,0
97506,0
114869,1
32508,0
79458,0
104723,0
49541,0
26165,0
58363,0
37135,0
97349,0
93320,1
114630,0
38046,0
79347,0
88735,1
20504,0
9601,0
64067,0
5465,0
128307,1
123509,1
17649,0
9689,0
8777,1
55060,1
139891,0
134819,1
74926,0
76708,1
15885,1
38159,0
86015,1
106025,0
103204,1
122353,1
22101,1
3119,0
55240,0
110103,1
114437,0
92671,0
33782,0
136478,0
52978,1
139359,0
1414,0
52125,0
143065,0
130275,0
112210,0
64945,0
70862,0
121067,0
119422,0
90396,0
40208,1
103095,0
56453,0
1631,1
102257,1
103590,0
143837,0
79486,0
51938,0
121314,0
4962,0
86005,0
101231,0
140357,0
91881,0
14386,0
16896,0
65032,0
78,0
139458,0
16971,0
42614,0
4405,1
47175,0
109333,0
107301,0
92697,0
937,0
142182,0
99968,0
59689,0
73560,1
97074,0
128413,1
141385,0
12470,0
117393,0
135719,0
127566,0
113202,1
67616,1
104354,0
1458,0
30303,1
49763,0
127090,0
42406,1
65480,1
70210,0
23418,0
122478,1
116081,0
22887,0
96765,0
68489,0
116927,0
58842,1
58212,0
33234,0
89047,1
143822,0
23125,0
106600,0
98820,1
19648,0
88009,0
86555,0
1333,1
94839,0
100383,0
93043,0
108373,0
143342,0
18601,0
6966,0
29934,0
116928,0
50164,0
87450,0
97265,0
36622,1
124188,0
71690,0
12800,1
41416,0
36457,0
90425,1
123110,1
75055,1
49162,0
44876,0
65316,0
26028,0
23629,1
16317,0
81901,0
103868,1
76541,1
16413,0
67456,0
74339,0
51785,1
53068,1
133797,0
144404,0
143643,0
112258,1
33142,0
134207,0
84638,1
25110,1
13514,0
106534,0
73527,0
83357,0
133484,0
138849,0
79931,1
31678,1
86522,0
86145,0
98282,0
128899,0
109474,0
77574,0
28110,0
142133,1
106701,1
106654,0
19084,1
86059,0
13813,0
105134,0
69483,1
102934,0
89401,0
44096,0
104557,0
145368,0
20308,0
17861,1
124785,0
138972,1
38092,0
79700,1
4176,0
106917,0
32990,1
37579,0
81562,1
33821,0
109535,1
93360,0
60864,0
40394,1
61163,0
57877,1
94415,0
35616,1
126056,0
33790,0
98802,1
122901,0
47029,0
28181,0
21431,0
48341,0
118424,0
110040,0
131789,0
14637,0
128017,0
20052,0
36836,0
78518,0
8312,0
106084,0
85964,0
113989,1
93896,0
14137,0
105676,0
60193,0
57913,0
75742,1
51514,0
66216,0
81746,0
113753,0
97812,0
34725,0
97254,0
28132,0
71850,0
90112,1
108632,0
63072,1
82787,0
30398,0
71509,0
126637,1
100764,1
98488,0
133983,1
29276,0
62179,1
55471,0
62487,0
44443,0
108246,0
97543,0
71,0
88322,1
104785,1
136807,0
40371,0
11169,0
48694,0
101212,1
123892,1
42928,0
9482,1
14043,1
86193,0
129019,0
136706,0
138400,0
100379,0
21090,0
128803,1
80254,0
134373,1
1165,0
104676,0
3834,0
14113,1
82314,1
13601,0
27762,1
82800,0
32539,0
91798,0
90320,1
67312,0
115770,0
52939,0
49803,0
121132,1
48238,0
24675,0
57146,0
31588,0
91905,0
51310,0
26622,0
138543,0
64048,0
66389,0
34855,0
35534,0
3582,0
124356,0
70807,0
42545,0
110274,0
105019,0
92202,0
2741,1
34777,1
94428,0
77668,0
118868,0
79208,0
35459,0
74983,0
138354,0
90592,0
43993,0
27888,0
35796,0
1541,0
57593,0
11548,1
61329,0
138750,0
18695,1
31184,1
78379,0
85755,0
120949,0
128453,0
90666,1
74204,0
93419,0
38376,0
100897,0
139170,0
88906,0
140907,0
43539,1
133120,0
32748,1
92290,0
71826,0
45516,0
72561,0
139620,0
124470,0
7477,0
19011,1
118456,0
96628,0
89549,0
115538,0
102950,0
3008,0
97406,0
37377,0
20948,0
119553,1
27460,0
117724,0
2969,0
31745,0
177,0
101050,1
80925,0
122764,0
69033,0
94591,0
13738,0
5668,0
122111,1
7524,0
60428,0
46741,0
5169,1
69950,0
83240,1
73986,0
48953,0
15895,0
114194,1
81926,1
139522,0
75391,0
27577,1
92060,1
101989,0
142475,0
124982,0
72964,0
92717,0
128991,0
123908,0
142826,0
49932,0
41262,0
11000,0
65053,0
8518,0
104751,1
10158,0
118173,0
72644,0
30904,1
82285,1
107307,0
47668,0
61839,0
112616,0
78684,1
85595,0
46511,0
127790,1
104948,1
100885,0
126668,0
138295,0
3995,0
60166,0
97628,0
129894,0
57939,1
20357,0
90738,0
40355,1
106270,0
117065,0
33392,1
54141,0
118958,0
90677,1
26760,0
21033,1
14342,0
25143,0
104407,0
125982,0
130457,0
129516,1
62869,0
133444,0
49231,0
85764,1
75131,0
102562,0
25677,0
29203,0
95446,0
53531,0
45774,0
11887,0
98468,0
125379,1
53548,0
114634,0
36659,0
124818,0
125495,0
28291,0
104143,1
67110,1
56444,0
6685,0
98438,1
117848,0
118597,1
108164,0
60603,0
68322,0
49000,0
36926,0
137100,0
132643,0
2448,0
71933,0
45980,1
129126,1
113936,0
47034,0
85950,0
42048,0
27699,0
11270,1
117197,0
52807,0
18752,0
2231,0
66509,0
69150,0
59285,0
92238,0
53737,0
126678,0
132685,1
47089,0
23320,0
97532,0
60438,0
43841,0
83804,1
62203,0
47124,0
39536,0
66586,0
31682,0
110512,1
68853,1
1590,0
124771,0
27992,0
22761,0
30024,0
120838,0
100789,1
77047,0
61539,0
52969,0
18348,1
81503,0
115291,0
135184,0
10973,0
116314,0
12117,0
87572,1
118601,0
16127,1
136764,0
11470,1
87063,0
105551,0
121681,0
86562,0
80179,0
275,0
115505,0
140986,1
145077,0
58737,0
133147,0
142297,0
46534,0
921,1
4282,0
56985,0
115352,0
136498,0
76939,1
54768,1
80455,0
116829,0
89829,0
107265,0
107897,0
57865,1
68928,0
136140,0
29790,1
88573,1
136360,0
52030,0
42092,0
62716,0
110142,1
46225,0
84008,0
74811,0
88014,0
62354,0
136375,0
38270,0
29849,1
55300,0
115385,0
121431,0
36972,0
65010,0
83564,0
50622,1
61737,0
117498,0
96971,0
4646,0
26868,0
136154,0
105010,0
81449,1
54459,1
60668,1
17438,0
98191,0
135321,1
29881,0
112167,1
27317,1
36865,0
96374,0
132436,0
130551,0
122402,1
14622,0
86807,0
111733,0
83476,0
87221,0
59445,1
116652,0
64127,0
53403,0
128283,0
3941,0
102608,0
57214,0
38005,0
113285,0
138239,0
35419,1
57107,1
59207,0
142860,0
36281,0
36884,0
98789,0
100016,0
23356,0
2329,1
14766,0
95049,0
35135,0
73818,0
57052,0
120714,0
48580,0
144450,0
48362,1
85526,0
54701,0
103415,0
103787,1
60191,0
120143,0
79368,0
1955,1
118362,0
77656,1
30691,0
28608,0
61708,0
6055,0
30736,0
128043,0
35495,1
30850,0
125022,0
117739,0
110148,1
18844,0
93844,0
96253,0
1090,1
82234,0
20035,0
135293,1
27742,1
64660,0
109410,1
97300,1
74863,0
59021,0
42918,0
90794,0
11797,0
44303,0
126729,0
144611,0
36522,1
74401,0
17820,1
129636,0
27599,0
40165,1
43957,1
120005,0
72776,0
132018,0
10455,0
20428,0
68854,0
10777,1
100987,0
109225,0
18302,0
71285,0
101709,1
144153,1
32774,1
1206,1
99390,0
123298,0
42164,0
12278,0
39252,0
44880,0
54574,1
42189,0
23122,0
120450,0
1412,0
60105,0
17173,1
79807,0
89989,0
127051,0
123804,0
37158,0
41290,0
20766,1
86376,0
12602,0
4094,0
89438,1
108325,0
39148,0
64241,0
121945,0
8685,1
69587,0
41864,0
111960,0
109844,0
6577,0
18160,1
61144,0
31568,0
111486,0
110610,1
84365,0
122573,0
132000,0
8704,1
78413,0
24934,1
41927,0
7244,0
62471,0
54777,0
84037,0
34926,0
139150,0
31410,0
16764,0
76691,1
60399,0
6583,0
113140,1
93972,0
90465,0
22140,0
128064,1
19795,0
36404,0
60560,0
138479,0
126345,0
125674,0
22161,0
10763,1
92463,1
8487,0
139792,0
71000,0
37819,0
40907,0
128232,1
134751,1
15795,1
72762,0
58992,0
57005,0
46882,0
100271,0
98656,0
58351,0
131471,0
34973,1
33987,0
23026,0
133673,0
105195,1
26370,1
54820,1
134658,1
115989,0
88498,0
108621,0
98408,1
132711,1
71015,1
30224,0
120223,1
63257,0
16512,0
45154,1
139850,0
132754,0
104338,0
4659,0
100150,0
59907,0
42154,0
115789,0
143016,0
76236,1
136911,0
113554,1
114789,1
72060,1
74671,0
84349,0
19188,1
67285,0
40865,0
23792,1
38536,0
40502,0
11923,0
65850,1
139848,0
125208,0
22768,1
48811,0
25986,0
74935,0
11720,0
51282,0
81006,0
120986,0
24848,0
74023,0
45555,0
48300,0
145053,0
71810,0
109295,0
86894,0
45587,0
102745,1
6101,0
78862,1
49674,0
76726,0
99195,0
23958,1
99112,0
119144,0
31877,0
130988,0
142895,0
31296,0
20507,1
15580,0
111593,0
86032,1
109465,0
114208,0
40360,1
101767,0
128577,0
28348,0
42886,1
61872,0
82753,0
98031,0
120889,0
61739,0
41821,1
120366,1
18902,0
35571,0
35426,0
116335,0
24636,0
119322,0
138389,0
132362,0
89800,0
93016,0
101440,0
57009,0
95761,0
62488,0
53092,1
94481,0
113752,0
7551,0
101909,0
62702,0
139046,0
84091,0
43829,0
46848,0
91310,0
87710,1
53535,0
134631,0
42140,0
109628,0
97840,0
76687,1
114856,1
38897,0
5885,0
16529,0
62043,0
101911,0
14325,0
88783,0
20519,1
36839,0
93618,0
43100,1
25004,0
81105,0
129445,1
80499,0
118570,0
7231,0
69381,1
14318,0
130787,0
4117,0
7548,0
87383,0
21147,0
122327,0
16548,0
15416,1
100528,0
91698,1
131458,0
28273,1
94050,1
17390,0
30372,0
124112,0
22226,0
83654,0
13822,0
22080,0
142619,0
48041,0
46790,0
129813,0
58886,0
74142,0
7739,0
73342,0
28952,0
63137,0
35385,0
141516,0
74379,0
63947,0
134668,1
83799,0
108342,0
31385,0
136477,1
76102,0
109472,1
121491,0
27350,0
6668,0
96748,0
17223,0
67293,0
7982,1
56718,0
58939,1
65368,0
135736,1
81470,0
88458,0
67176,0
6970,0
124302,0
40474,0
123843,1
128355,0
37194,0
60719,0
40784,1
74484,0
42514,0
130637,0
121080,1
3996,0
137650,0
2169,0
28720,0
74610,1
75156,1
98641,0
25574,0
2340,0
32535,1
135306,0
7278,0
7181,0
52929,0
14055,0
15644,1
42037,0
116427,0
29227,0
130484,1
140779,0
75634,1
123135,1
1182,0
58837,0
137015,0
18492,0
143534,0
50456,0
56096,1
84468,0
133225,0
111627,0
108247,0
114555,0
108833,1
104528,0
65438,0
129928,1
46127,0
32821,0
2873,1
7925,0
118451,0
114155,0
83629,0
2802,1
111221,0
131236,0
61181,0
77560,0
7327,0
58491,0
126386,0
129780,0
91145,0
14954,0
136976,0
123585,0
29113,0
71769,0
23508,0
126102,0
41174,0
39307,0
119146,0
1349,0
29917,0
144668,0
97575,0
94237,0
92755,0
77742,1
47897,0
124883,0
30638,0
36075,1
138588,1
25800,0
4873,1
29815,0
104578,0
112284,1
131955,1
48343,0
87152,1
72456,0
132760,0
6457,1
121620,0
9960,0
132605,0
142512,0
26734,0
78213,1
42620,1
55523,0
49220,0
141225,0
42004,0
105295,0
32893,1
61773,0
27851,1
44066,0
89603,0
26708,0
23494,1
79693,1
13558,0
76809,0
29117,0
63793,0
52627,1
27965,0
128723,0
100956,0
109037,0
72467,0
144748,0
45132,1
50266,0
69335,0
25814,0
78059,0
65278,0
72013,0
71705,0
144987,0
17990,0
106186,0
6904,0
9653,0
134474,0
6511,1
127820,1
54672,0
114376,0
46406,0
117912,1
31505,0
90616,1
144472,0
22429,1
74093,0
52318,1
84531,0
2039,1
79277,1
22513,0
110919,0
126038,0
1035,0
68783,0
128778,0
142891,0
8272,0
44019,0
80567,0
68354,0
19265,0
7824,0
29239,0
135262,0
94744,1
61113,0
90358,1
132439,0
55005,0
77585,1
21455,0
35695,0
77349,0
41696,0
127432,1
67014,0
2545,0
80468,0
32723,1
138506,0
13739,0
81217,1
56078,0
83249,0
68662,0
78183,1
50147,0
104880,1
78788,0
49496,0
98829,1
55689,1
115023,0
40797,1
6527,0
70874,0
53408,1
43321,1
15114,1
36883,0
90961,0
58833,0
71383,0
35183,0
79847,0
134196,1
10295,0
99280,0
119357,0
135177,0
19493,0
141608,0
20049,0
36841,0
98826,0
136268,0
85890,1
66750,0
71771,0
24112,1
118744,0
134623,0
144961,0
121771,0
4422,0
34318,0
2556,0
37782,0
17515,0
78522,1
65915,0
60835,0
127374,0
33061,0
5147,0
50447,0
120461,0
53666,1
30911,1
33524,0
49345,0
55974,0
47074,0
103080,0
16383,0
127124,0
121268,1
55854,0
81906,0
137140,0
34842,1
142280,0
16002,0
123017,0
116097,0
15210,1
6192,0
93415,0
97522,0
92357,0
57572,0
83117,0
12790,0
41038,0
91643,0
19374,1
107578,0
129768,0
75848,1
51431,0
122831,1
101786,1
119577,0
75060,0
128795,1
81191,1
38988,0
60221,0
6853,0
3072,0
15125,0
143372,1
88289,0
62065,0
105239,0
15863,0
39897,1
104064,0
2708,0
90121,1
11573,1
125890,0
5028,0
29963,0
80697,0
138029,0
140475,0
124696,0
73988,0
66477,0
49948,0
1748,0
5931,1
53354,1
11015,0
26589,0
66550,0
17606,0
93075,1
14530,0
130436,0
59954,0
108351,0
81956,1
50746,0
50467,0
23516,0
102669,1
140071,1
144218,0
143824,0
10794,0
97409,1
123214,0
32244,0
127542,0
34882,0
140570,0
1585,1
53971,0
55261,0
93240,0
21855,0
55729,1
132862,0
63144,0
80401,1
104351,0
134085,1
46171,1
30721,0
93433,0
32291,0
5822,0
133858,0
18776,1
141493,0
14595,0
58184,0
71620,0
142723,0
72299,0
11516,1
20497,1
39426,0
83969,0
110901,0
104215,0
42303,0
42751,1
20574,1
131180,0
30127,0
129054,1
3886,0
126675,0
57716,0
33903,0
133816,0
37286,0
103961,0
21795,0
134380,0
19738,0
51154,0
67318,1
103148,1
46602,1
38396,1
61947,1
74503,0
43798,1
141792,1
31642,0
121521,0
91736,1
1762,0
22018,0
145411,0
47797,1
43343,0
98150,1
104536,0
134908,0
10146,1
11856,0
122706,1
75510,0
38989,0
116112,0
139464,0
36680,0
23752,1
136410,0
103675,1
97475,1
12951,0
79998,0
90091,0
130133,0
56466,1
20597,0
85956,0
58683,1
27102,0
93074,1
124133,0
107633,0
19915,0
101181,0
10514,0
103981,0
39145,0
1808,0
119993,0
16618,0
11406,0
28766,0
119965,0
126812,0
80329,0
67350,1
10965,0
133050,0
93872,0
20319,1
109625,0
172,0
73735,0
95372,0
21821,0
123382,0
77932,1
21226,1
127037,1
77452,0
62805,0
57750,0
50707,0
88049,1
34662,1
87887,1
109574,0
26147,0
142774,0
84907,1
120243,0
114259,1
69419,0
95074,0
33955,1
43356,1
25769,0
58371,0
18413,0
138777,0
25014,0
48579,0
1257,0
86670,0
91446,0
89259,0
60327,0
67352,0
36256,1
44702,0
43547,0
4256,0
59506,0
142036,1
130416,0
63788,0
132736,1
7065,0
18093,0
138421,0
44467,1
120751,0
19916,0
53556,0
98179,0
59480,0
12456,0
50926,0
16689,0
100317,0
10941,0
74996,0
119573,1
705,0
40891,0
103665,0
26277,0
129094,1
126283,0
117540,0
20331,1
39587,1
36054,0
82586,1
55658,1
23664,1
69373,1
142903,0
11426,0
101213,0
129342,0
90326,0
91366,1
17139,0
91144,0
75461,0
107068,0
53090,1
11492,1
96885,0
13997,0
16459,0
127965,0
13901,0
46492,0
122752,0
143293,1
22006,0
101119,1
28622,0
46140,0
7449,0
41301,0
68580,0
123260,0
113187,1
27864,1
257,0
34133,0
103136,0
113324,0
100349,0
52676,0
56128,1
142911,0
109608,0
92975,1
67621,1
48472,0
11446,1
20079,1
82338,0
85154,0
86481,0
22059,1
113192,1
50255,0
143849,0
126387,0
125842,0
100983,0
39296,0
65285,1
123621,0
119830,1
6144,0
82891,0
142170,1
124865,1
111843,1
98642,0
41218,0
131247,0
120137,0
8618,0
50845,0
32576,1
90165,0
11618,0
114085,0
37419,1
17782,0
103676,0
74871,0
111767,1
65873,0
8465,0
127604,1
119153,0
127845,1
29246,1
53285,0
128479,1
103162,1
15113,0
941,0
30788,1
134319,0
117336,0
53155,1
25228,0
2582,0
35091,0
58022,0
32517,0
79497,1
6292,0
26335,0
11506,0
97845,0
55883,0
59349,0
95784,0
32850,1
46684,1
8853,0
46056,0
72642,0
144527,1
55667,1
54020,1
39925,0
91457,0
110655,0
71749,0
136032,0
63029,0
113455,0
56187,0
135033,0
9401,1
111465,0
41080,1
42008,1
63549,1
22851,0
144617,0
12809,0
81991,0
90772,0
98719,0
26119,0
110293,0
117235,0
87147,0
11705,0
12934,0
81580,1
46885,1
25174,0
113449,0
8351,0
32988,0
117010,0
672,0
94601,0
5172,0
135279,0
30636,1
69157,0
59336,0
45213,0
34014,0
121393,1
11131,0
89059,1
7150,0
65358,0
52845,0
104835,0
119710,0
41806,1
107086,1
35836,0
51290,0
118107,0
26487,0
133165,0
90943,0
96164,0
14115,0
28514,0
5954,1
141169,0
142284,0
25859,1
8774,1
116037,0
100533,0
107114,0
100845,1
70737,0
70080,0
4420,0
137382,0
111016,0
38111,1
135984,0
6697,0
74648,0
128843,1
111867,0
70706,0
62683,0
33009,0
128655,1
71351,0
41629,0
8860,0
132996,0
2159,0
6293,0
72861,0
85048,0
109776,1
102003,0
30415,0
21635,1
2138,0
28946,0
46943,1
39409,0
99940,0
71782,0
50572,0
25644,0
90960,1
57498,0
89618,1
58119,0
44185,0
21397,0
29014,0
82856,1
91220,0
67567,1
69733,0
139543,0
76977,1
80614,1
32009,0
13199,0
138965,0
20945,1
102571,0
118731,0
20687,0
11904,1
102999,0
31732,0
104660,0
137064,0
9912,0
68295,0
102869,0
135508,0
117399,0
21715,0
88789,0
116415,0
83828,1
15511,0
75309,0
21143,0
108082,0
121008,0
23137,0
124341,0
139398,0
79235,1
47273,1
46950,0
10221,0
85793,0
128486,0
54724,0
116936,0
119815,0
54139,0
20480,1
51873,0
77670,1
89809,1
113865,1
30083,0
67669,1
47170,0
84833,0
89173,0
143438,0
35957,0
80286,1
29980,0
92825,1
126194,0
67094,0
29759,0
121370,0
113325,0
99994,0
124471,1
30946,0
70605,0
39787,0
111616,0
21786,1
97718,0
5504,0
73400,0
20512,1
47373,0
114934,0
137949,0
129956,1
6324,0
140455,0
77572,1
4051,0
70968,1
49483,1
3687,0
71712,0
100743,1
89393,0
112328,0
41076,0
94992,0
80157,0
127255,0
115406,0
28295,0
29725,0
117438,0
66786,0
118272,0
73264,0
51131,0
128337,1
70574,1
142100,1
52457,0
25965,0
106295,0
46646,0
34155,1
92446,0
57620,1
18572,0
20159,0
140609,0
36729,0
103449,0
96939,0
52262,0
11164,0
68442,0
49205,0
30821,0
85360,1
66907,0
84490,1
57425,0
568,0
119857,0
123364,0
97025,0
31141,0
17795,0
106252,0
8225,0
81515,0
92899,0
47922,0
88385,0
86826,0
73235,0
75830,0
104784,0
8545,0
50597,0
134422,0
140851,0
80140,0
96222,0
573,0
76025,0
87196,0
54592,1
45720,0
123774,0
48421,1
98919,0
144388,0
93693,1
43591,1
131337,1
82622,1
133267,1
97361,0
8761,1
64495,0
19419,0
75527,1
42139,0
286,0
126429,0
21405,0
14728,0
67821,0
23444,0
32328,0
78022,0
144520,0
80652,0
106043,0
578,0
33753,1
19394,0
138679,0
17554,0
58470,0
61876,1
18371,0
103010,0
78191,1
42350,0
99816,1
83625,1
79207,0
67833,0
118339,0
26979,0
79081,0
28815,0
13717,0
143514,0
107512,0
26848,0
70239,0
74872,0
85369,0
112535,1
114957,0
18422,0
32376,1
107357,0
59709,1
64707,0
6489,0
141948,0
63638,1
78595,0
72785,1
66111,0
71401,0
123802,0
42212,0
9563,0
81431,0
126681,0
100438,0
29442,0
36466,0
33549,0
101588,0
132403,0
191,1
116052,0
141152,0
77955,1
114197,1
110359,0
116086,0
12259,0
29452,0
28145,0
27894,0
141259,0
46395,0
124526,0
110312,0
71952,0
24146,0
28500,0
4254,0
74566,0
60449,0
107331,0
37056,0
11575,0
111180,0
75040,0
15694,1
74650,0
47779,0
66704,0
60408,0
26194,0
66966,0
79238,1
47862,0
129743,1
86111,0
75633,1
40930,0
21349,1
9264,0
68319,0
32547,0
19792,0
74672,0
68220,0
99561,0
35475,0
57781,0
16409,0
120960,1
31169,0
49035,1
111441,1
139451,0
58708,0
94696,0
49172,0
113667,0
143030,0
36342,0
15728,0
124024,1
121956,0
17007,0
70618,0
135847,1
50081,0
74095,0
16346,0
111967,0
20901,0
91795,0
11582,0
97791,0
141820,1
2491,0
118032,0
137472,0
129080,0
9465,0
44164,0
17046,0
130201,0
35925,0
83645,0
139421,0
81678,1
137550,0
72534,0
133092,0
81621,1
54710,0
121583,0
107007,0
27328,0
131665,1
96365,0
21195,0
701,0
5134,1
109320,0
21514,0
45740,0
63539,0
38501,0
66366,0
31518,1
49673,0
94545,0
56047,0
68497,0
15208,1
48455,0
52115,1
20115,1
89051,1
7434,0
122589,0
116969,0
48573,0
5355,0
100504,1
11067,0
67676,0
49006,0
141798,1
19903,0
84215,1
77772,1
10721,1
6418,0
145098,0
23963,0
113396,0
121194,0
66843,0
49894,0
100055,0
52631,0
92266,0
114472,0
9256,0
41654,0
120078,0
92288,0
60130,0
15698,0
14253,0
1599,1
10904,0
128691,1
5980,0
105047,0
12351,0
44462,0
104070,0
106030,0
122865,0
33310,0
66960,0
13576,0
18309,0
26321,0
36306,0
66793,0
106145,0
18927,0
85892,0
80493,0
92896,0
39106,0
115514,0
52899,0
71594,0
21981,1
21592,0
105065,0
105919,0
64769,1
36210,0
11336,0
40843,0
126427,0
27557,0
57445,0
13753,0
5760,0
11459,0
7383,0
78811,0
24481,0
33476,0
97997,0
74198,1
19019,1
114624,0
106414,0
44536,0
69102,0
5829,0
52025,1
130573,0
96791,1
88164,0
76670,0
72838,0
129785,0
38648,0
140856,0
85561,0
108364,0
45572,1
45635,0
104238,0
8654,0
18784,1
122936,0
46878,0
116479,0
94040,0
108230,0
45948,0
14267,0
2339,0
91236,0
93856,0
130276,1
57633,0
99972,0
24097,1
62609,0
82133,0
132410,0
92928,0
49934,0
112006,0
102275,1
71208,0
84210,0
17918,0
100520,0
38247,0
134963,0
97335,1
63458,1
63513,1
20587,0
15695,0
112958,0
125882,1
130316,0
18117,0
69901,0
32973,1
82417,0
36401,1
124935,0
87406,0
89025,0
41978,0
75374,0
78239,1
72396,0
20253,0
81968,1
107923,0
73477,0
113426,0
21766,0
125376,0
49752,1
105912,0
30036,0
16914,0
12284,0
121044,1
30098,0
73101,0
22096,1
97593,0
13758,0
39789,0
27784,1
58202,0
36715,0
37323,0
136758,0
139188,0
71770,0
110452,0
2407,0
4149,0
136252,1
69168,0
138630,0
29439,1
91060,0
14010,0
98193,0
62199,1
19776,0
50686,0
14039,0
42646,0
17480,0
13839,0
49454,1
98851,1
36872,0
114380,1
23972,0
14180,1
123655,0
102977,0
142131,1
5865,0
135622,0
14474,0
85132,0
27773,0
144338,0
85409,1
116952,0
12701,0
31273,0
36108,0
76967,0
12830,0
70332,1
144387,0
38838,0
57352,0
134171,0
69965,0
119558,0
93984,1
71807,0
123558,0
75228,1
34455,0
8644,0
92075,0
36766,1
68982,1
138995,0
12978,0
32445,0
20199,0
41333,1
22252,0
8246,0
110529,1
124164,0
1764,0
90191,1
143811,0
116779,0
10672,0
5347,0
105855,0
135977,0
74587,0
122653,0
45525,0
121475,0
80144,0
143951,0
102163,0
27943,0
66015,0
49406,0
137368,0
121896,0
16616,0
50754,0
23966,0
130055,0
97890,0
5416,0
139779,0
38828,0
82041,0
100473,1
94663,0
17519,0
73854,1
59378,0
48260,0
66486,1
21149,0
118849,0
59743,1
70009,0
25497,0
131708,0
92696,0
119066,0
139503,0
66511,0
73553,0
88439,1
44219,0
118060,0
47681,1
108779,1
71988,0
43935,0
92849,0
87625,1
70445,0
128928,0
57890,1
133331,1
104436,1
21424,0
20139,0
44003,0
99976,1
94799,0
107323,1
34722,0
90002,0
138243,0
17184,1
90325,0
15366,0
51616,0
107795,0
53225,0
67450,0
77458,1
96247,0
112108,1
37817,0
15510,0
24453,0
101950,0
68218,1
44268,0
61393,0
122391,1
16862,0
75790,1
47611,0
78389,1
10566,0
105873,0
108678,1
23021,0
138677,0
83940,0
91023,0
43428,1
18945,1
81415,0
64012,1
122703,1
58747,1
127121,0
77969,1
63753,0
30469,1
104048,0
11839,1
117326,1
3011,1
89443,1
118984,0
20236,0
138799,0
113218,0
73255,0
98185,0
28368,0
81328,1
54393,0
130668,0
134792,0
133308,1
132953,0
55170,0
5309,1
96334,1
77863,0
34157,0
103648,0
90063,0
127628,0
125788,0
133192,0
47958,0
16579,0
20866,0
81322,1
117855,1
108352,0
40912,0
125172,0
29248,1
27520,0
109547,1
89987,1
8580,0
137502,0
86275,1
107459,0
57431,0
72537,0
125409,0
30463,0
65802,0
65175,0
122686,1
46297,0
127509,0
24995,0
73983,0
136887,0
11750,0
107403,0
118216,0
94724,0
27978,0
108312,0
118376,0
38906,0
47515,0
129320,0
29338,0
31959,0
16650,1
14949,1
50793,0
3512,0
128068,0
45540,0
82311,1
127553,1
56261,1
61314,0
118022,0
3314,0
35214,1
23862,0
2324,1
88911,0
132260,0
134710,0
71054,0
63416,1
77056,1
88090,0
83138,0
31274,0
91867,0
111759,0
34420,1
30276,0
129248,0
107719,0
59610,0
27531,0
6390,0
106500,0
144935,0
138458,0
138684,0
90357,0
83449,0
56542,0
90614,0
549,0
144208,0
64065,1
8400,0
107311,0
12609,1
58589,0
108072,0
3883,0
41375,0
41298,1
29456,0
139918,0
91384,0
124405,0
12752,1
141556,0
25883,0
107937,0
22527,0
5186,1
31550,0
4616,0
27608,0
99049,0
46956,0
88524,0
101563,0
94408,1
116421,0
141858,0
27281,0
79351,0
104175,0
38233,1
143292,1
89769,1
93522,0
70805,0
18626,1
120353,0
22397,1
114737,0
81028,0
93739,0
42753,0
129544,0
80558,0
23804,0
143123,0
97531,0
65494,0
106835,0
124003,0
127096,0
7269,1
126786,0
93546,0
36730,0
25246,0
6325,0
77822,0
66807,0
43760,0
70549,0
1319,0
34661,0
16798,0
16999,0
39040,0
8297,0
60159,0
73612,0
91624,0
58723,0
17352,1
23456,0
102235,1
83246,0
14347,0
28077,0
113417,0
57556,0
123173,0
41701,1
77379,0
42105,0
51835,0
10094,0
52584,0
100032,1
35130,0
70527,0
13947,1
44417,1
143943,0
1719,1
74486,0
43627,0
8570,0
127634,0
65685,0
81866,1
116965,1
134402,0
41015,1
66976,1
127222,0
35222,0
42585,1
139482,0
62606,0
6914,0
61842,0
53013,1
15083,0
127092,0
63122,0
79470,0
104748,0
98189,0
64828,0
10616,0
83824,0
85756,0
74298,0
61238,0
61101,0
21976,0
20825,0
31121,1
63019,1
43430,1
88507,0
17304,1
52540,0
105215,0
58729,1
29292,0
100740,0
15697,0
80751,1
37562,1
142254,0
45745,0
414,0
99150,0
140712,1
53670,0
83351,0
15646,0
33760,0
138841,1
68410,0
140169,0
26412,0
15611,1
59996,1
133966,0
2508,0
104540,0
471,0
71830,0
86252,0
40167,0
122847,0
110055,0
128985,0
113450,0
141835,1
136769,1
75386,0
88046,0
65533,0
117105,0
28827,0
109715,0
16435,0
129417,1
10360,0
65274,0
49277,1
99536,0
62827,1
71356,0
70770,1
108431,0
2277,0
105064,0
96934,1
112759,0
91398,0
35155,0
116497,1
72441,0
124241,0
47808,0
72461,0
96080,0
129814,0
130478,0
136592,0
70384,0
75430,1
90696,1
122822,0
23968,0
124383,0
86708,1
57267,0
96223,0
30496,0
29817,0
143631,0
90423,1
54452,0
50634,0
104457,1
136299,0
124092,0
30311,0
65503,0
92365,0
90495,0
99151,0
18107,1
111756,0
140037,1
70523,0
29977,0
40334,0
100007,0
47075,0
74830,0
53307,0
119913,0
123758,0
42153,0
60426,1
73408,0
79033,1
11920,0
17995,0
26495,1
136168,0
81401,0
5489,0
60770,1
143870,0
120282,0
140239,0
22174,0
46238,1
52688,1
136001,0
108023,0
21449,0
102132,1
78844,0
87381,0
6236,0
39451,0
124044,0
5706,0
125880,0
20260,0
32595,0
71969,0
91483,0
65387,0
111332,1
76660,0
115186,0
77270,0
124692,0
86825,1
54830,0
116180,0
80828,0
38461,0
75162,1
51312,0
10809,0
73519,0
61343,0
28717,0
103735,0
32793,0
87272,1
100090,1
115728,0
38418,1
105735,0
40896,0
107378,0
64437,0
130045,0
3060,0
9695,0
111367,1
80296,1
50012,0
129559,1
81738,1
136379,0
57128,0
11467,1
113507,1
70461,0
4600,0
70786,0
143702,1
95498,0
82343,0
49675,0
64164,0
122133,1
69268,1
76781,0
73049,0
51821,0
67480,0
135857,1
40438,0
47315,1
57921,0
110065,0
118535,1
87882,0
49012,0
131864,0
9501,0
88035,1
34015,0
75093,1
51502,0
125325,0
30952,0
57067,1
74395,0
118148,0
142077,0
124655,0
4690,0
54736,1
144032,0
12436,0
40433,0
81151,1
56570,0
57534,0
26455,0
45559,0
51389,0
126403,0
33000,1
109402,0
75983,0
25639,0
5176,0
68304,0
110971,0
105753,0
23477,0
98521,0
50518,0
87511,0
54258,0
117045,0
88873,0
24006,0
86794,0
39823,0
122897,0
63662,0
69113,1
94708,0
86627,1
112090,0
18191,0
114520,1
61991,0
125936,0
33881,1
85182,0
129735,1
144884,0
135478,0
95744,0
43766,0
136741,0
144723,0
55226,1
62857,0
60203,0
140687,0
27154,0
105501,1
145439,0
128617,0
99311,0
47883,0
75531,0
9419,0
1911,0
123012,0
106264,0
121747,1
22447,0
65798,1
111963,0
117606,0
14195,1
90709,1
6528,0
46233,0
9981,0
78313,1
9151,1
42623,1
12684,1
118447,0
6883,0
81772,0
91331,0
90343,1
9898,0
119650,0
132648,1
69221,1
107344,1
47683,0
53379,0
53363,0
44178,0
29217,0
77378,0
91786,0
83709,0
23318,1
106788,0
70812,0
97897,0
48749,0
31122,0
70021,1
121987,0
125508,0
125302,1
7577,0
85943,0
43341,0
55322,0
98434,0
83066,0
39524,0
39962,0
99572,0
116737,0
43918,0
20131,0
39682,0
127710,1
73280,0
87043,0
76901,1
67023,0
16875,0
1502,0
78554,0
126140,0
38945,0
57243,1
24696,1
83737,1
137981,0
91691,1
74495,0
139846,0
114283,1
15070,0
43277,1
85451,1
15615,0
138851,0
74055,0
133677,0
64604,0
57416,0
124416,0
96088,1
124849,0
16515,0
18392,0
36298,0
1082,0
59813,0
58090,0
48166,0
70143,1
80467,0
82661,0
142035,1
93752,0
134696,1
70852,0
48090,0
21011,1
106483,0
130766,1
4711,0
76220,1
92827,0
83853,0
6917,0
12125,0
60702,0
6066,0
71995,0
51265,0
62800,0
142900,0
38835,0
39950,1
115320,0
37700,0
138434,0
129213,0
62296,0
45659,0
112752,0
66167,0
108658,1
27458,0
21927,1
12197,0
123065,0
89801,0
78826,0
59641,0
91232,0
104076,1
64564,0
103992,0
8122,0
67289,0
55294,0
100408,0
50079,0
603,0
19851,0
103572,0
88552,0
56477,0
64608,0
107365,0
120522,0
31151,1
13625,0
59136,0
884,0
117382,0
25120,0
55937,0
134398,1
110011,0
134650,0
103619,0
56034,1
119090,0
97856,0
77862,0
129889,0
28268,0
39087,0
96968,1
43880,0
138613,0
85710,0
73727,0
134321,1
15084,0
87854,0
26777,0
58222,0
85859,0
90489,0
71431,0
50839,0
59281,0
99527,0
115485,1
84373,0
14026,0
78935,0
73555,0
20550,0
5580,0
78976,0
103832,0
118519,0
14598,0
58809,0
31048,1
107864,0
506,0
82276,0
122087,0
111927,1
3585,0
127266,0
66099,1
65350,0
54265,0
34228,1
84853,0
75667,0
132778,1
111247,0
86335,0
144215,0
8536,0
13865,0
116067,0
66370,0
39260,1
30651,1
77593,1
124239,0
65562,1
23370,0
126626,0
21538,0
14006,0
131281,0
47606,0
53019,0
85804,0
132491,0
113371,0
1550,0
69914,0
57274,0
58143,0
50385,0
125364,0
137156,0
99146,1
87071,0
144289,0
2548,0
7864,0
19981,0
7942,0
60318,0
63776,0
78100,0
130061,0
42541,1
12882,0
40402,1
139582,0
63800,0
138867,0
136868,1
40647,1
84973,1
145419,0
72952,0
22373,0
75702,0
136444,0
14122,0
2894,0
82273,1
107896,0
14599,0
2951,0
28332,0
101158,1
90480,0
128471,1
86954,1
23644,1
70923,0
11812,1
69941,0
26722,0
88369,1
128113,1
96047,0
102605,0
72042,0
82588,1
89865,1
108338,0
77415,0
89049,1
76416,0
138078,0
64677,0
44540,0
50524,0
79005,0
44474,0
102992,0
98923,0
44140,0
63460,0
134849,1
112154,0
20446,0
130775,0
40472,1
75384,0
14487,1
6947,1
54266,0
3366,0
12271,0
127445,0
61794,1
103328,0
81753,1
131683,1
343,0
132576,0
65135,0
31684,1
29903,0
129022,0
292,0
35367,0
127570,0
44225,0
59815,1
113900,1
121317,0
108997,0
115223,0
74026,0
118874,0
111817,0
65167,0
33722,0
63509,0
50950,0
296,1
35793,1
56467,0
139383,0
16207,1
76808,0
39891,0
13184,0
122958,0
667,0
89212,0
39708,1
11628,1
4774,0
82498,0
90534,0
3432,0
55638,0
76932,0
127205,0
72891,1
110851,0
143358,1
142738,0
139462,0
4736,0
89421,0
33012,0
88193,0
103150,1
29121,0
30934,0
127624,0
71962,0
77965,0
99596,0
37593,0
138671,0
18960,1
102286,1
69778,0
14216,0
124739,1
37527,1
80549,0
30317,0
43006,0
140068,1
6233,0
128718,1
36460,0
34911,0
12886,0
75234,1
93381,1
114097,1
10850,0
143243,0
145013,0
42963,0
103142,1
74857,0
57681,0
73827,1
55529,1
104240,0
83668,1
35783,1
144605,0
116106,0
37777,0
128517,1
40900,0
91012,1
67598,0
138664,0
37903,0
70267,1
141093,0
25048,0
21807,0
109977,1
5961,0
106164,1
11979,0
27544,1
66164,0
13775,0
52817,0
122229,1
60876,0
126997,1
21322,0
35882,0
55876,1
72946,0
106936,0
55718,0
80736,0
37073,0
56125,0
56182,0
41862,0
6849,0
20580,0
86083,0
31825,0
64676,0
111006,0
41125,0
141768,0
122120,1
6249,0
14504,1
97766,1
30325,0
1347,1
50377,0
98436,0
21312,1
8258,0
29189,0
109570,1
135342,0
13958,0
76063,0
134240,1
137814,0
63244,0
59622,0
53432,0
138534,0
88086,0
42742,0
21241,0
127606,0
19078,0
135102,1
37568,0
141414,1
125433,0
46868,0
38671,0
63317,0
87466,0
77557,0
49398,0
17385,1
14186,0
104710,0
26546,1
68710,0
39744,0
13817,0
96917,0
32875,0
109923,0
14913,0
110118,0
19201,0
122606,0
73008,1
96405,0
24908,0
12540,0
35457,1
84221,0
11460,1
133162,0
21360,0
143993,1
135148,0
79750,1
33595,0
12510,0
95500,0
13322,0
55097,0
91086,0
48085,1
81506,0
125162,0
54376,0
143204,0
91668,0
40108,1
108507,0
82823,0
79355,0
141866,0
127736,0
79188,1
80986,0
113349,0
25015,0
59951,0
27117,0
40351,0
144237,0
60787,1
135568,0
51402,0
40806,1
142371,0
50831,0
135707,0
63556,0
14476,0
120600,0
6909,0
42826,0
50009,0
51931,0
2074,0
116837,0
133695,1
60378,0
90660,0
36748,1
58427,0
109193,0
89516,0
10842,1
36874,0
91739,1
85056,0
116392,0
130509,0
140835,0
141446,0
66399,0
32779,1
38134,0
9595,0
29319,0
25771,0
110309,0
99919,0
86682,0
72414,0
97597,1
38272,0
144615,0
121980,1
69989,0
59690,0
21333,0
115742,0
85233,1
42080,0
96042,0
27603,0
7749,0
43866,0
79532,0
86172,0
92638,0
102818,1
53714,0
128642,0
12564,0
64303,0
32764,1
109762,1
137807,0
88913,0
4315,0
42907,0
109293,1
139674,1
127971,0
7996,0
98509,0
144507,0
100754,1
127567,1
11969,1
8054,0
113138,1
120323,0
124264,0
60677,0
39573,0
62591,0
38213,1
53083,0
134112,0
53200,1
108404,0
124379,0
56408,1
92456,0
114704,0
98364,0
77275,1
2212,0
26648,1
37801,1
99719,0
105091,0
105483,0
56806,1
101963,0
121330,0
85285,1
5947,1
85811,0
9890,0
99178,1
25795,0
43143,0
76083,1
131115,0
90825,0
39673,0
97837,0
61003,0
69029,1
67702,0
49706,0
11083,0
17903,0
93066,0
127256,0
117483,1
23434,0
133813,0
83977,0
91487,1
74612,1
134191,1
136960,0
33172,0
45652,0
137229,1
133832,0
71986,1
59219,0
103806,0
35965,0
125611,0
20676,1
123096,1
73684,0
93643,0
6193,0
36666,0
27639,0
134629,1
62093,0
7020,1
10244,1
6603,0
72704,0
87021,0
133800,0
45893,0
38258,1
130746,0
6099,0
103748,0
135809,0
120327,0
143251,0
120134,0
34432,0
130792,0
56267,0
35546,0
129482,0
103125,0
136102,0
98487,0
21359,1
41661,0
143282,0
23918,0
80377,0
70951,0
114419,0
110782,0
13309,0
71611,0
78216,1
83044,0
55677,0
112212,0
58420,1
67534,0
127972,0
102491,1
10758,0
131599,0
28566,0
2539,0
114543,0
144545,0
126452,1
28257,1
15115,1
128150,0
18365,1
110954,0
79474,0
105372,0
77748,0
40102,0
107811,0
20592,1
140881,0
12482,0
50275,1
121026,0
7352,0
140159,0
125718,0
58464,0
89673,0
129873,0
113800,0
126604,0
29479,0
47491,0
80684,0
35006,0
63563,0
29965,0
10215,0
16843,0
97108,0
143003,0
58346,0
79493,1
3508,0
42627,1
51302,0
47249,0
115540,1
103463,1
39446,0
138170,0
102531,0
79935,0
61058,0
142963,1
137821,0
105533,0
62726,0
84636,1
94821,0
26542,0
626,1
112463,1
35048,0
6553,0
83831,1
106203,0
56028,0
88932,1
7443,0
31155,1
131262,0
47900,0
32582,0
24813,0
69149,0
107266,0
22694,0
75772,0
135827,0
32169,0
42275,0
62820,1
81559,1
127013,1
45756,0
8106,0
40779,0
96507,0
18354,0
25098,0
38572,0
52333,0
80932,0
11779,1
73888,0
10913,1
133585,0
93782,0
142536,0
63737,0
97892,0
57602,0
39167,1
97206,0
44458,0
134750,0
32063,1
144031,0
57538,0
105698,0
59197,0
32456,0
106664,0
48118,0
64765,0
99078,0
42362,0
34653,1
131289,0
140557,0
14036,0
89841,1
132631,0
119454,1
9721,1
50753,0
32739,0
62208,0
114033,0
78625,0
72616,0
17437,0
112396,0
56180,0
67912,0
138660,0
97088,1
130696,0
101849,1
68393,0
10202,1
83790,0
62444,1
86869,0
74317,0
78128,0
68653,0
20561,0
17902,0
135026,0
112850,0
136784,0
52519,0
88773,0
113445,0
88650,1
114439,0
38807,0
75573,1
77471,0
14331,0
80161,0
61912,0
88102,0
39619,0
77549,1
6092,0
105459,0
134390,1
40207,0
5419,0
24853,0
1771,0
124182,0
67537,0
102104,0
81039,0
38411,0
55511,0
134260,1
48601,0
2232,0
111434,1
102150,1
58321,0
71277,1
79575,1
106515,0
101354,1
77462,0
89265,0
123195,0
19730,0
88317,1
9987,1
10294,0
85881,1
59437,0
79823,0
8036,0
110186,1
96119,0
107153,0
143784,1
50146,1
21935,0
10408,1
42615,0
134881,0
8341,0
109049,1
121763,0
121542,0
67707,0
32313,0
135930,0
85288,1
74076,1
93742,0
61797,0
90164,0
7769,0
12404,0
29560,0
120656,1
64453,0
93648,0
59554,0
140752,1
80045,0
125264,0
100595,1
50174,0
130435,0
95725,0
42881,0
11786,0
2972,0
93323,1
25604,1
99228,1
103601,0
86186,0
77578,1
119699,0
32222,0
68315,0
134238,1
66614,0
52408,0
96519,0
111029,0
94252,0
137686,0
141170,0
66978,0
108368,1
124310,0
78238,1
8319,1
105848,0
112153,1
88330,1
55167,0
54061,0
107560,0
128437,0
52940,0
41156,0
9992,1
67000,0
12002,1
137658,0
107412,0
33468,0
42619,1
117608,0
1186,0
47911,0
36988,0
96801,0
79308,0
47088,0
94830,0
91334,0
95335,0
25101,0
106048,0
76260,1
112194,0
72222,0
105664,0
4595,0
71929,1
76623,1
56416,1
115003,0
104056,0
99541,1
131350,0
84444,0
84199,1
35067,1
17202,1
75473,1
114554,0
61741,1
125958,0
37605,0
97868,0
111428,0
25229,0
94886,0
69787,0
109927,0
35686,0
122714,0
65287,0
44027,0
41181,1
10791,0
71608,0
81019,0
99981,0
81696,0
93328,1
71427,0
115041,0
82937,0
49101,0
106762,0
143555,0
29507,0
75099,0
142207,1
135077,0
120661,1
79124,0
48359,0
59538,0
34376,0
66871,0
68776,0
26128,0
84782,0
97071,0
53416,0
114998,0
42549,0
129027,0
87840,1
62712,1
35061,0
70529,0
42854,1
120983,1
119238,1
82091,0
41295,0
53719,0
17793,1
28493,0
133103,0
116,0
86537,0
130115,1
113591,0
111174,0
113564,0
127272,0
92761,1
2328,0
61132,0
78989,0
43830,1
30377,0
74794,0
49537,0
52309,0
1577,0
129903,0
29033,0
26421,0
117274,1
7764,0
116697,0
118484,0
37522,0
124393,0
6729,0
37101,0
1946,1
126854,0
106014,0
76716,0
20984,0
107848,0
140067,1
23547,0
87338,1
38432,0
92945,0
97107,1
22686,0
3879,0
4576,0
83110,0
79046,0
83925,0
123888,0
94292,0
14062,0
145451,0
43135,1
62499,1
101253,0
113406,0
141429,1
9182,0
79273,0
88864,0
76839,1
76018,0
95802,0
78113,1
82565,1
105209,0
127681,1
48885,0
117662,0
118296,0
66542,1
35041,0
41551,0
12733,0
116894,1
133528,1
53288,0
82191,1
60196,0
8139,0
64161,0
65576,0
96870,0
115046,0
72886,0
907,0
118284,0
7142,1
95163,0
49469,0
75671,0
64283,0
56305,0
11181,1
32983,1
103220,1
83937,0
66531,0
41881,0
138865,0
13431,0
38535,0
124174,0
26052,0
3739,1
130330,0
37602,1
141548,1
104342,0
14400,0
55251,0
105027,0
119808,0
96578,1
111331,1
111701,1
53111,0
4666,0
10214,0
41279,0
137237,0
92724,1
21863,0
97443,0
68772,0
118656,0
121737,1
95987,0
28400,1
102609,0
103160,0
125766,0
17934,0
49786,0
55337,0
137929,0
75752,1
50281,0
130489,1
24685,0
64816,0
12917,0
37091,0
25731,0
68314,0
50475,0
17498,0
65024,1
53041,1
12356,0
130094,0
124056,1
117907,0
101603,0
42519,0
124212,0
44422,0
60493,0
127431,1
27718,0
78240,1
70448,0
101502,0
133191,0
62952,0
29241,1
32026,1
4557,0
107786,0
35552,0
112054,0
3581,0
839,0
114339,0
61826,1
3485,0
31597,1
137343,0
24338,0
54034,0
65994,0
503,0
45471,0
1048,0
57533,0
115686,0
9299,1
52579,0
116410,0
39047,0
54551,0
11567,0
44705,1
13254,0
36250,0
101783,0
80492,0
82047,0
16189,0
100753,1
15845,0
113228,1
82996,0
30998,0
6058,0
135980,0
23054,0
30844,0
128442,1
126501,1
69297,1
132295,0
35057,0
67708,1
32671,0
34942,1
19462,0
37985,0
37939,0
26228,0
24180,0
12879,0
21593,0
13767,0
94796,0
133346,0
66696,0
5563,0
133594,1
13494,1
76747,0
114261,0
131270,1
8691,1
113145,0
35727,0
60831,0
133418,0
57897,0
6410,1
52703,0
136750,0
64099,0
42634,1
8290,1
305,0
107481,0
103152,0
113278,0
143655,0
10289,0
86739,1
22343,1
54483,0
132640,0
105992,0
35468,0
70906,1
74545,0
108673,0
33583,1
96314,0
29711,0
128369,1
18286,1
12587,0
82979,1
82194,0
60249,0
72244,0
130582,1
121195,0
56284,0
90282,0
11889,0
70873,0
38727,1
60464,0
70813,0
32530,0
125604,0
135000,0
27264,0
113204,1
96420,0
25044,0
93619,0
110257,0
64623,1
56281,0
80105,1
133779,0
73233,0
122980,0
82711,0
116908,1
130211,0
76242,1
101855,0
104962,0
5373,0
131751,0
13135,0
121461,0
19026,0
119666,0
136383,0
45091,0
109794,1
114402,0
25962,0
97320,0
1080,0
9493,1
117392,0
27708,0
48643,0
44920,0
28057,0
77643,1
73756,0
120011,0
141834,1
49647,1
143448,0
64974,0
2939,0
134896,0
88523,0
128880,0
106334,0
119024,0
117320,1
136714,0
46156,0
32014,0
3074,0
122977,0
14556,1
65716,1
132653,0
118194,0
4551,0
122187,0
131326,0
13505,0
73660,0
119919,1
76896,1
33721,0
121536,0
37126,0
80551,0
53088,0
69634,0
22089,1
16931,1
69421,1
144720,0
82778,0
32073,1
15178,0
144026,0
62995,0
88044,0
140648,0
14038,0
131227,0
120705,0
56368,1
105282,0
125602,1
65609,0
135888,0
60181,0
103915,0
51241,0
89125,1
79724,0
69990,0
70958,0
117561,0
2092,0
74642,1
107391,0
73220,0
18693,0
91724,1
32003,1
71762,0
60206,0
89964,1
52679,0
41345,0
124446,0
141852,0
55934,0
42948,0
41008,1
46045,0
45359,1
15696,0
134766,1
7787,0
87938,1
80872,1
76728,0
13506,0
53546,1
85792,0
105423,1
127402,0
50381,0
81313,0
80532,0
761,0
21598,0
70814,0
44612,0
89226,0
141886,1
105883,0
50927,0
139971,0
13140,0
109407,0
91810,0
145048,0
30547,0
135863,0
106444,0
69322,0
120229,0
28313,0
96658,0
94612,0
6771,0
124334,0
113876,1
32462,0
116151,0
47794,0
135581,0
33116,0
45502,0
11133,1
19592,0
53838,0
97524,0
4928,0
22156,1
102582,0
74460,1
29762,0
135492,0
89204,0
77806,0
105422,1
134164,1
36690,0
144283,0
94187,0
31459,0
69331,1
2801,0
103155,1
62563,0
49658,0
29936,1
6848,1
27170,0
74155,0
34976,0
49165,0
85004,0
121927,0
43894,0
3993,0
28562,0
71088,1
87077,0
128445,1
60882,0
68932,0
94078,1
91226,0
97590,0
96750,1
42709,0
134090,0
128242,0
42368,0
41272,0
85570,1
105160,0
79716,0
112526,1
88995,1
127144,0
38754,0
10632,0
31686,1
8364,0
106848,0
100596,1
1089,0
77447,0
24506,0
34638,0
114964,0
37619,0
128643,0
99104,1
23851,1
138385,0
49629,0
71373,0
127565,0
37519,0
132667,0
5546,0
126049,0
110604,0
119840,0
96179,1
67770,0
41318,0
27919,0
16884,0
123449,0
76371,0
121004,0
100099,0
129053,0
45403,0
32167,0
67963,1
11027,0
32283,1
799,0
107441,0
53322,1
40147,0
67041,0
82777,0
26225,0
122874,0
42248,0
82473,1
106631,0
45845,0
144866,0
55126,0
44314,0
89835,0
78326,0
109698,0
131690,1
119738,0
50631,0
115598,0
54129,0
53005,0
473,0
17412,0
76593,1
57344,0
63927,1
63006,0
12402,0
104008,0
39903,1
96920,0
142142,0
108674,0
5985,0
81529,0
5837,0
70740,0
122146,0
112999,0
23871,0
11098,0
139353,1
47226,0
29637,1
48904,0
73752,0
141956,0
139823,0
64013,1
136666,0
18322,1
20398,0
50680,0
113424,0
123689,0
53516,0
80504,1
15947,0
37177,0
122065,1
135876,0
65146,0
51463,1
17270,0
43804,0
101145,1
37599,0
101211,1
121887,0
37528,0
128415,1
114031,0
15154,0
87146,0
53248,0
10108,0
87265,1
48784,0
25544,1
65399,0
88774,0
32047,0
143705,1
55958,0
57496,0
45158,1
42796,0
26651,0
105402,0
4005,0
46961,0
37264,0
126567,0
39501,1
30350,1
96310,0
8600,0
105480,0
24546,0
26538,0
106766,0
65811,1
120894,0
3216,0
19292,0
93311,1
69598,0
108390,1
102753,0
79419,0
88572,0
79820,0
99419,0
73773,0
101071,0
138987,0
100692,1
12782,1
123497,0
127317,1
131174,0
20698,1
49553,0
126508,1
111580,1
77055,0
85282,1
75808,1
112542,1
110879,0
130764,1
126001,0
32453,0
126314,0
70563,0
73909,0
63813,0
74930,0
76868,0
126394,0
127809,1
15984,0
32006,0
44796,1
35567,0
46392,0
61255,1
66463,0
97654,0
140174,0
23233,0
17713,0
109917,0
31562,0
33562,0
109856,1
53904,1
77087,0
85120,0
68001,1
105869,0
119902,1
12724,0
70407,0
19182,0
28416,0
73708,0
35623,0
81091,0
96900,0
66911,1
55805,1
4148,1
91549,0
27830,0
53808,0
19768,0
7696,0
79682,0
64342,0
7844,0
56680,0
53183,1
70994,0
31010,0
46061,0
9999,1
96618,1
10826,0
105245,0
34044,0
46160,0
101168,1
82292,1
122756,0
63065,0
17410,1
3803,0
131154,0
40691,0
92128,0
75897,1
90770,0
74325,0
24238,0
117120,0
37415,1
37326,0
139728,1
32423,0
31124,0
109648,0
31382,0
65794,0
127959,0
88312,1
54624,0
74536,0
33032,0
33724,0
78336,0
83023,0
115241,0
103131,1
43709,1
51277,0
139539,0
84547,1
37696,0
3016,0
99950,0
75555,1
135785,0
104260,0
16982,0
91547,0
18691,1
86605,1
106775,0
123407,0
125297,0
89831,0
94159,0
92024,0
21612,1
20154,0
7048,0
108336,0
55288,1
5105,0
96305,0
22088,0
101075,0
22995,0
22900,0
47057,0
121595,0
112137,0
34992,0
79662,0
91295,0
141431,1
132173,0
44993,0
78508,0
107689,0
54142,0
89224,0
75743,0
111884,0
41579,0
57489,0
89254,0
105067,0
62096,0
1967,0
117768,0
74154,0
68837,1
82956,0
120852,0
5685,0
68751,0
116500,1
124748,0
92336,0
119938,0
6466,0
107764,0
55048,1
107589,0
45862,1
48283,1
27879,0
27499,0
114409,0
45122,0
132938,0
131788,0
123985,0
87085,0
76542,0
24764,0
83755,1
126070,0
82869,0
52843,0
131821,0
99550,0
111344,1
120609,0
132705,0
78918,1
79333,0
20895,0
96925,0
12457,0
144143,0
127531,0
117563,0
120736,0
120476,0
19752,0
34894,0
72936,0
132957,0
58951,0
81766,0
4146,1
106667,0
119601,0
59696,1
3837,0
16250,0
21836,1
125755,1
63163,1
127472,1
69794,1
98657,0
46620,0
63658,0
121410,1
87930,0
80428,0
6701,1
55488,0
76921,0
95975,1
48692,0
108047,0
93819,0
76366,0
102576,0
33904,0
144976,0
91860,0
11119,1
119131,1
96938,0
105821,1
60112,0
81988,0
86544,0
22956,0
126288,0
106859,0
89177,1
79488,0
34439,1
115710,0
45646,0
51011,0
2144,0
124724,0
111000,0
75492,0
49322,1
100612,0
72580,0
75368,0
50463,0
29420,1
16267,0
121010,1
106683,0
16517,0
68520,0
51186,0
91826,1
15902,0
127927,1
21430,1
5996,0
90194,0
28409,0
67155,0
107532,0
115985,0
75636,1
29414,0
127264,0
79610,0
133900,0
44026,0
97865,0
29386,0
90923,0
72553,0
119336,0
93626,0
87590,0
21274,0
64975,0
26154,0
307,1
72168,0
7133,0
135427,0
52249,0
105004,0
75868,1
25831,0
29846,0
82983,0
43933,0
11651,0
7868,0
56768,1
114765,0
61465,0
56198,0
85922,0
101129,0
110698,0
38627,0
107851,0
108326,0
18419,0
56618,0
136701,1
67857,0
83413,0
79683,0
59640,0
126051,0
33262,0
126983,0
102361,0
88128,0
141290,0
121616,0
52406,0
77410,0
138759,0
60320,0
77400,0
57217,0
106640,0
141376,1
29007,0
31541,1
142976,1
52139,0
59780,1
118137,1
28666,0
4739,1
40156,0
78281,0
80066,1
99359,0
138341,0
82849,0
71607,0
103870,0
39250,1
60463,0
126232,0
56824,0
97041,0
73011,0
142807,0
61345,0
126378,0
15246,1
62040,1
18613,0
111214,1
45397,1
60054,0
136007,1
176,0
70485,0
82554,0
138690,0
111648,0
10610,0
120480,0
34706,0
103419,0
21193,0
119227,1
47809,0
144393,0
92652,0
109077,0
41887,1
49459,0
137964,0
2106,0
21791,1
101280,0
71006,0
26149,0
123909,0
134768,0
99639,0
97173,0
83613,1
59162,0
7341,0
88342,0
94376,0
71512,0
11602,1
24654,0
132547,0
55950,0
93468,0
122602,0
133213,0
102496,0
21758,1
144278,0
73836,0
23156,0
118402,0
50719,0
75916,0
130986,0
13492,0
80041,0
53644,0
59643,0
9790,0
7330,0
123548,1
87812,0
23945,0
27859,0
31004,0
78415,0
55896,0
1264,1
86387,0
91074,0
40211,0
102398,0
15836,0
65104,1
81707,1
8564,0
6298,0
88147,1
143962,0
94170,0
103434,0
57885,1
90356,0
44597,0
50867,0
128707,1
26719,0
32411,0
89657,0
99375,0
29353,0
16607,0
61533,1
20415,0
44433,0
44315,0
84820,0
55549,1
137530,0
98259,0
56087,0
93895,0
41178,0
40238,1
57065,0
140556,0
21338,1
90201,1
105707,0
84051,0
56982,1
37106,1
30391,0
143565,0
107126,0
116430,0
103944,0
28178,1
116294,0
27301,0
36806,0
89194,1
49472,0
31963,0
133140,0
79449,0
138707,0
11251,1
90723,0
84397,0
143267,0
125254,0
17736,0
74620,1
143344,0
15139,0
2842,0
126514,0
12899,0
94795,0
81088,0
58616,0
62142,0
55106,0
104294,0
35415,1
103776,0
118468,0
13292,0
18433,0
81838,0
27369,0
26059,0
37331,0
40774,0
111480,0
5300,0
112132,0
75064,0
67630,1
129551,1
66371,1
34749,1
2828,0
76666,0
133995,0
67342,1
101677,0
94278,0
15108,0
50056,1
27976,1
101060,0
133722,0
16996,0
134689,0
124493,0
110930,0
8406,0
113634,0
115747,0
83130,0
2112,0
43863,0
2114,0
44230,0
76837,1
103576,1
138593,0
94128,1
66408,1
8181,0
49245,0
103724,0
50428,0
137003,0
86742,0
48435,0
142356,0
103818,0
19773,0
24139,1
49423,0
9617,1
77868,0
121236,0
37248,0
80611,0
4288,0
56104,1
2652,0
97918,0
91204,1
91847,0
1106,0
21398,0
143726,1
27086,0
429,0
35747,0
85023,0
69997,1
21588,0
54895,0
142275,0
124273,0
126776,0
19779,0
53685,0
116091,0
120955,0
59953,0
122035,0
29756,0
36557,0
55527,0
72930,0
125,0
13321,0
142193,1
38885,0
122536,0
63302,0
74931,0
60829,1
68875,0
81509,0
46134,0
49050,1
107541,0
120989,0
79579,0
46125,0
143148,0
23331,0
129761,0
32662,0
128725,0
117205,0
114784,0
9490,1
12359,0
37830,1
119694,0
115212,0
127436,0
93304,0
35590,0
66838,0
14606,0
15721,0
665,0
30116,1
69618,1
3154,1
93701,1
117025,0
71671,0
30576,0
122751,0
26292,0
84222,0
124349,1
8526,0
105348,0
72835,0
143788,0
50828,0
21040,0
1413,0
13193,0
29901,0
32371,1
17445,1
44938,0
32907,0
37558,1
19444,0
126009,0
70547,0
111306,0
31663,0
71880,0
121033,0
78300,0
12891,0
52770,1
117195,1
131822,0
92738,0
7059,1
70612,0
79384,0
123290,0
140315,1
50268,0
97063,1
44466,0
27023,0
118042,0
53053,0
129536,1
12651,0
113685,0
21770,0
95794,0
48959,0
96557,0
140692,0
15087,1
97980,0
38437,0
75989,0
88087,0
52270,0
43491,0
93086,0
69698,0
94123,0
28447,0
35494,0
50875,1
103990,0
136421,0
100048,0
53072,0
28456,0
119267,1
139391,1
44061,0
24171,0
85393,0
20249,0
143151,0
143755,1
38979,0
137253,0
110163,0
132238,1
60690,0
42068,0
119586,0
42897,0
67932,1
33298,0
81523,1
9642,0
5998,0
141351,1
20474,1
67712,0
125336,0
81283,1
142489,0
144627,0
81813,0
93291,0
131960,0
15045,0
13675,0
107557,0
124811,0
75646,0
64884,0
12591,0
58241,0
75735,1
72668,0
18251,0
141731,1
123460,1
27228,1
73330,0
66748,0
11217,1
36066,0
105166,1
4920,0
81279,0
88172,0
131261,0
57259,0
95783,0
40977,0
24462,0
31017,0
107279,0
70632,0
145173,0
94621,0
75572,1
128352,0
64098,0
19125,1
137891,0
64357,0
52816,0
138384,0
30991,1
72991,0
92197,0
95905,0
81171,1
29824,1
93429,0
14334,0
119884,1
1780,0
80945,0
136080,0
15528,0
109533,0
2620,0
134451,0
95813,1
143502,0
94100,1
102694,0
103553,0
39043,0
123833,0
78578,1
128938,0
60396,0
132422,0
49291,1
69114,0
54210,0
97454,0
63337,0
25866,0
102570,0
28554,0
44898,0
139290,0
68951,1
10217,0
11279,1
20232,1
30920,1
76187,1
95671,0
85490,0
50199,0
84708,0
135106,0
140668,1
56884,0
125385,0
132043,0
58681,0
128223,0
87736,0
51533,0
71996,0
132503,0
8276,0
88655,1
21042,0
97775,0
8063,0
25899,0
95439,0
54978,0
106389,0
400,0
2634,0
113198,0
25469,0
19687,1
67437,0
27384,0
29953,0
60220,0
33601,0
30527,0
74750,0
17472,1
105924,0
41975,0
49235,1
17381,0
85736,0
73697,0
82085,0
80735,1
75246,1
63883,1
98782,0
34499,1
30338,0
134698,1
1147,1
69773,0
88753,1
2757,1
56476,0
35016,0
30419,0
35910,0
42767,1
21080,0
38407,0
86758,0
88571,0
48406,0
12729,1
102415,0
144966,0
76011,1
97307,0
135453,0
18683,1
102057,0
17804,0
83154,0
35413,1
1279,1
121996,1
49368,0
16294,1
93283,0
36638,0
42169,1
129492,1
41997,1
16537,0
17109,0
44741,1
65195,0
42966,1
47649,0
25130,0
138486,0
67453,0
106326,1
57822,1
10983,0
45492,1
95242,0
81935,1
122861,0
84049,0
133235,0
7265,0
89129,0
59819,1
43807,1
142519,0
40382,0
104114,0
71751,0
44699,0
136051,1
70276,0
69734,0
93059,0
98639,0
121597,0
163,0
41409,0
69955,0
118750,0
30740,0
83774,1
98290,0
30486,0
92373,0
53293,0
75045,0
130720,0
59910,0
45634,0
109542,1
97708,0
139226,0
36235,0
70929,0
110746,0
98513,0
103441,0
22482,1
9749,0
62882,0
140688,0
11213,1
73195,0
49088,0
25025,0
101638,0
111138,0
62343,0
98690,0
26619,0
67915,0
60293,0
103103,0
51374,0
37798,0
1285,0
121553,0
4570,0
89463,0
59459,1
46425,1
48117,0
108642,0
78705,1
37347,0
49781,0
132322,0
112252,0
15791,1
7124,0
104491,0
12480,0
83679,1
92139,0
28865,1
10668,0
143468,0
122453,1
64466,0
75596,1
119067,0
38777,0
100705,0
121736,1
140419,1
105844,0
130153,0
56836,0
23415,1
7317,0
89523,0
24365,0
104117,0
35151,1
122890,1
131404,1
53520,1
22763,0
58393,0
98967,0
131288,0
5997,0
116155,0
117190,1
71352,0
139800,0
41321,0
92645,0
111859,1
138539,0
5142,0
103312,0
136166,0
110342,0
135626,0
28829,0
144385,0
77908,0
124228,0
91212,0
68673,1
42738,0
106477,0
33117,0
12970,0
97707,0
15652,0
131224,0
68826,0
62352,0
102640,0
90629,0
75209,1
39462,0
55267,1
92564,0
49019,0
91485,0
56420,1
83929,0
45254,0
24381,0
60899,1
84749,0
29828,0
138748,0
29991,0
88983,1
56268,0
111263,0
110386,0
54512,1
23210,1
61799,1
41029,0
27626,0
69351,1
96479,0
114617,1
138181,0
46199,0
85219,1
2812,0
63528,0
119409,0
34477,0
10409,0
53826,0
39172,1
31171,0
132817,1
21901,0
75447,0
137206,0
9091,0
51732,0
70077,0
41094,0
51779,1
85965,0
33238,0
71957,0
101172,1
39201,0
87613,1
37553,0
131090,0
88589,1
2663,0
131347,1
9971,0
138358,0
70731,0
107405,0
64376,1
120066,0
131671,0
33862,0
64392,0
89685,1
18654,1
10919,0
64694,0
24264,0
120794,1
108414,1
105525,1
117288,0
69887,0
26694,0
94848,0
142788,0
34351,0
64165,1
117255,0
20210,0
22340,1
60518,0
40663,1
67030,0
73832,0
20106,1
76363,0
53457,0
62074,0
4878,0
71897,1
58639,0
70539,0
61400,1
26464,0
135561,0
15875,0
115620,1
54733,1
80408,0
7321,0
85754,1
136934,0
124628,1
43653,0
64869,0
42610,0
5074,0
107005,0
36665,0
84482,0
18998,0
45844,0
82692,0
12074,0
2515,0
81493,1
109594,0
25860,0
122624,0
61973,0
2173,0
42129,0
109799,0
56579,0
124561,0
142795,0
118445,0
115015,0
85845,0
74214,0
4314,0
114378,0
55684,0
109325,0
18029,0
113770,1
51296,0
66872,1
37751,0
125431,0
11142,1
134109,0
22567,1
24987,0
103797,0
109714,0
71596,0
3057,0
56159,0
140232,0
111564,0
117835,0
102475,1
5199,1
47361,0
70406,0
122337,0
68771,0
57083,1
521,0
18554,0
139162,0
32469,0
105168,1
96827,0
15036,0
121041,0
129691,1
29222,0
3960,0
95693,0
122357,0
87947,0
39729,0
125871,0
1420,0
1117,0
30634,1
131983,0
49046,1
9627,1
3084,0
52534,0
57713,0
139560,0
61648,0
121001,1
19262,1
92961,0
37772,0
127843,0
43406,0
64332,0
107901,0
26035,0
42488,0
127502,0
104373,0
112379,0
38933,0
13480,0
65398,0
131460,0
23035,0
131424,0
20211,0
54232,0
33732,0
100198,1
75525,1
137516,0
33306,0
122005,0
120321,0
47159,0
4218,1
59729,0
9556,0
43049,0
91532,0
33853,0
23488,1
83715,0
3276,1
165,0
116233,1
133604,0
90435,0
4879,0
18248,0
98399,0
26031,0
76628,1
51658,0
36601,0
80897,1
142468,0
71437,0
74125,0
128298,0
119925,0
137333,0
48185,0
138891,0
9412,0
64638,0
23457,0
32441,0
32395,1
70630,0
50885,1
14278,0
90470,0
98392,1
31198,0
30158,1
69363,0
2658,1
56108,0
97237,0
103782,0
101173,1
73097,0
54685,0
94506,0
70108,1
124942,0
111743,0
57721,1
126165,0
56840,0
31667,0
121172,0
82259,1
130193,0
96562,0
80863,0
8100,0
21550,0
103408,0
77601,0
53308,0
2228,0
129141,0
10718,0
31072,0
105394,0
109292,1
122168,0
81654,0
37396,0
65188,1
53925,1
57872,1
126633,0
73394,0
121937,0
133551,1
65552,0
93614,0
6434,0
144378,0
101821,1
133549,0
134625,0
10900,0
81962,1
123984,1
125117,0
6242,1
122988,0
121986,0
82574,0
111255,1
2201,0
75012,0
106359,1
76719,0
135991,0
33211,0
71687,1
42799,0
60213,0
86958,0
18569,1
29177,0
137546,0
123041,0
23081,0
53423,0
91597,0
2958,0
71207,0
115922,0
40662,0
100658,0
143368,0
95939,0
138554,1
41497,0
21112,1
14260,0
46860,0
70100,0
113961,0
144946,0
141500,1
20328,1
24383,0
52874,1
17680,0
37222,0
51226,0
93737,1
51959,1
118164,0
119446,0
114438,0
32646,1
113821,0
124006,1
129479,1
24240,0
71585,0
50057,0
119781,0
84777,0
87980,1
61055,0
112063,0
41917,0
73023,0
94720,0
74596,1
11559,0
103856,0
117620,0
120488,0
65073,0
137985,0
125548,0
2772,1
32531,0
65834,0
82824,0
131057,0
64634,0
51484,0
78654,0
52367,0
13995,0
140380,1
133358,0
130555,0
133465,0
40185,1
42142,0
35666,1
25901,0
34247,0
12039,0
105808,0
84530,0
22637,1
2821,0
7366,0
20298,0
1682,0
136469,0
123867,0
112760,0
81069,0
36573,0
67551,0
48807,0
17319,1
10124,0
8582,0
25088,0
36349,0
49188,0
5423,0
67969,0
58352,0
24187,0
60106,1
133020,0
131782,0
115544,0
137870,0
82449,0
9210,1
11996,0
114498,0
132686,0
57439,0
118108,0
70982,0
75585,1
30491,1
93408,0
142401,0
70150,0
67470,0
20970,1
144613,0
88674,1
109342,0
57417,0
28350,0
101203,0
52531,0
44854,0
29139,0
24251,1
123022,1
114176,0
128130,0
123618,0
32385,0
142675,0
7951,0
136937,0
75279,0
39974,0
6166,0
64892,1
121828,0
132340,1
87966,1
33353,0
102440,0
4396,0
57163,0
57294,1
92529,0
93031,0
22777,0
5896,0
121729,0
62542,0
28250,0
86087,0
5450,1
119543,0
76545,0
92545,0
8649,0
96834,1
65956,0
61370,0
125034,0
43151,0
110278,0
76139,0
54837,1
57758,1
11898,0
70639,0
81071,1
52994,0
8769,1
116272,1
39437,0
74001,0
143079,0
14845,0
40293,0
64940,0
25372,0
21111,1
14847,0
42067,0
100216,0
50837,1
142150,1
37666,0
84885,0
42224,1
38826,0
34216,0
69672,1
43258,0
43354,0
25687,0
11916,1
68998,1
70046,0
63964,0
134711,1
100193,0
97204,1
67808,0
96301,0
5543,0
38854,0
97435,0
105761,0
6761,0
143757,0
16992,0
121739,0
94902,0
85480,0
63724,1
3051,0
114526,1
46384,0
44244,0
31964,1
123516,0
70180,0
133045,1
33814,0
47507,0
72549,0
119637,1
144772,0
55651,0
144942,0
82478,0
33866,0
58111,1
31923,0
104535,0
67424,0
138986,0
20902,0
89347,0
49588,0
44166,0
14270,0
57742,0
93037,0
12254,0
92213,0
71660,0
91383,0
50825,0
144657,0
80967,0
48200,0
58121,0
138971,0
32103,1
33214,0
41111,1
80906,0
32189,1
54578,0
38332,0
83354,0
36354,1
25043,0
23755,0
131146,0
46552,0
34298,0
106001,0
113933,1
61211,0
82058,0
141078,0
141324,0
123891,0
98166,0
46201,0
58402,0
21372,1
73372,0
34440,0
11088,0
81192,1
45439,0
14484,0
84324,0
8767,0
142236,0
139095,0
60563,0
90399,0
137334,0
57764,0
40180,1
131047,0
118918,0
125675,0
137533,0
144784,0
97076,0
131260,0
31816,0
38531,0
129824,0
35670,0
128056,1
10260,0
137350,0
105039,0
23465,0
10300,0
23070,1
46867,0
66048,0
97948,0
140373,1
78487,0
40130,0
33650,0
135411,0
104519,0
107749,0
49715,0
131992,0
33899,1
110843,1
137802,0
49001,0
15335,0
108303,0
140991,1
116236,1
21443,0
33093,0
128504,1
130779,0
27605,0
5672,0
121105,1
49643,1
43995,0
95777,0
22584,1
54398,1
113532,0
46304,0
85385,0
94364,0
81879,0
139301,1
12256,0
56749,0
68498,0
50767,0
108203,0
131259,0
68406,1
9203,1
92241,0
45908,0
95273,0
124624,0
82418,0
118473,0
114248,1
87242,1
110646,0
55728,1
31163,0
64333,0
11034,1
139245,1
49316,0
73746,0
83144,0
33536,0
103634,0
2618,1
85026,0
43574,0
21446,0
116835,0
33365,0
14392,0
36551,1
43736,0
84252,0
127334,0
118120,0
97142,0
23300,0
128239,0
23866,0
26513,0
76714,0
47904,0
63488,0
107472,0
53260,0
7291,0
41844,0
8805,0
50426,0
140341,1
4441,0
55339,0
14223,0
40446,0
130543,1
68187,0
31596,0
123123,0
9589,1
91350,0
119552,1
68491,0
54427,0
75685,1
122635,0
116103,0
87576,0
69195,1
44686,0
82941,1
49748,0
102236,1
98176,1
35337,0
68584,0
118213,0
2783,0
10381,0
10698,0
57697,1
128033,1
3916,0
93476,0
136339,0
41623,0
136959,0
1138,0
2742,0
96150,1
83086,0
131951,0
16513,0
116549,0
6389,0
42483,0
32387,0
28763,0
145363,0
30205,0
107721,0
71466,1
125716,0
71011,0
81382,0
127876,1
2093,0
37869,0
71791,0
20295,1
109347,0
25880,0
45423,0
108710,0
16090,0
62830,0
127989,1
39937,0
76937,0
65241,0
9517,0
50562,0
89396,1
106802,0
70025,1
87002,1
65723,0
4817,0
83070,1
74435,0
85427,0
98815,0
114332,1
109855,1
94554,1
68817,0
103980,0
52655,0
123158,0
85012,0
51588,0
137642,0
30700,1
23771,0
95797,0
17811,1
1567,1
61180,0
63893,1
72191,0
72824,0
23797,0
140404,0
36842,0
36203,1
11681,1
91410,1
17123,0
56235,0
140915,0
13820,0
144078,0
96022,0
125273,0
116659,0
90717,0
107758,0
31937,0
92157,0
12013,0
101098,1
60316,0
84838,1
12234,0
31720,0
6274,0
125159,0
134511,0
70023,1
17251,0
46189,0
11007,0
45250,0
120227,0
83076,0
127364,1
132167,0
19144,1
26175,0
65521,0
74176,0
79858,0
111902,0
24662,0
20365,0
4976,0
115630,1
24529,1
33003,1
51007,0
31500,0
15609,1
76737,0
15852,1
105375,0
128534,1
8180,0
59094,1
84952,0
69013,0
72316,0
68980,0
44465,0
47184,0
140036,1
110874,1
115468,0
29538,0
133483,0
77946,0
3028,0
105324,0
30020,1
90783,1
29651,0
19688,0
127630,0
15101,0
144807,0
71134,1
84445,0
18686,1
134192,0
126354,0
128845,1
78143,0
42651,0
95152,0
79576,1
103844,0
51586,0
44059,0
137053,0
136344,0
6449,1
132371,0
72141,0
27464,0
29314,0
45,0
116115,0
44423,0
132462,0
134162,0
72146,0
44256,0
133082,0
40420,1
62446,0
129880,0
111950,0
137527,0
141648,0
29620,0
90740,0
53061,1
129470,1
18366,0
102055,0
30260,1
96190,1
111688,0
107048,0
4761,0
9938,1
54235,0
144832,0
2798,0
114289,1
93952,0
118318,0
81338,0
124311,0
129377,0
119420,0
138503,0
77335,0
59959,0
16725,0
123805,0
36898,0
125193,0
111891,0
30726,0
33393,0
20121,0
22024,1
4942,0
67913,0
119975,0
89162,0
137112,0
134075,1
45153,1
97288,0
121244,0
65978,1
71698,0
106432,0
88780,0
51669,0
4833,0
22071,0
101357,1
17590,0
104889,0
10181,0
34920,1
24707,0
7697,0
36456,1
133883,1
144334,1
24535,1
59648,0
26525,0
86987,0
118583,0
128342,0
142155,1
42247,0
26132,0
91244,0
10844,0
129240,0
74864,0
10085,1
116730,0
129798,1
32937,0
54875,0
86056,0
128721,0
77620,1
71415,0
108015,0
99578,0
83931,1
78324,0
117550,0
114117,0
19395,0
85650,0
61455,0
16012,0
113707,0
47582,1
105626,0
72260,0
99941,0
58933,0
19519,0
78888,0
8119,0
17171,0
83770,0
105739,1
141949,0
62889,0
80535,0
7666,0
64853,0
129447,0
67390,0
30022,0
53934,0
48274,0
41212,1
106080,0
29910,0
17969,0
64596,0
41516,1
1849,0
129528,1
24136,1
76736,0
39720,0
17547,0
143431,1
70166,0
10578,1
39117,0
141965,0
61722,0
116556,0
71681,0
121184,0
110230,1
52100,0
59782,0
107290,0
58998,0
61997,0
23844,0
78603,1
126290,0
62880,1
83008,1
108472,0
99132,1
48162,0
87288,1
31299,1
62447,0
37991,0
67266,0
107464,0
98779,1
130715,1
131397,0
30017,0
81074,0
64040,0
16580,0
143045,0
10444,1
30626,0
51625,0
113866,1
2511,1
26773,0
78913,0
4088,0
137122,0
140470,0
137720,0
82707,0
37551,0
20431,0
11699,0
50331,0
103520,0
14210,0
32839,0
129901,1
93585,0
136528,0
95136,0
76618,1
143369,1
6709,0
12239,1
40417,1
9431,0
57630,0
80303,0
101386,0
143640,0
139033,0
57024,1
66740,0
25717,0
85760,0
76136,0
85629,1
65206,0
123404,0
22510,1
3822,0
83063,1
14166,1
61027,0
63848,0
116298,0
45853,0
50184,1
55320,0
24824,1
53309,0
47252,0
141318,0
35985,0
139521,0
9518,0
131426,0
50433,0
129542,1
15341,0
95592,0
29983,0
29184,1
135220,0
92773,1
130531,0
62505,0
57687,0
129179,1
28971,0
14658,1
109197,1
129781,0
137180,0
145198,0
31312,0
53996,1
129490,0
14424,0
85607,0
104130,0
12425,0
133164,0
132649,1
42336,0
9106,1
80572,0
127763,1
31050,1
75913,0
26260,0
28711,0
114486,1
112321,0
31487,0
104328,0
63278,0
58925,0
135981,1
7519,0
70769,0
136324,0
25194,0
56288,0
47412,0
98183,0
87957,1
79435,0
142002,0
1825,1
33069,0
123893,0
66790,1
140265,0
96770,0
69596,0
132332,0
37241,0
76276,0
66718,0
74705,0
17116,0
102972,0
2256,0
128932,0
94420,0
36931,0
137177,1
128731,0
60170,0
101197,0
142720,0
37111,0
46659,0
78928,0
105854,0
50759,0
23393,0
73759,0
70137,1
91873,0
94161,0
21157,1
40013,0
71978,0
70042,0
84517,0
63677,0
29361,0
68823,0
48689,0
12943,0
15596,0
76793,1
39194,0
4536,0
21685,1
61621,0
50942,1
14846,0
75729,0
141589,0
92089,0
115274,0
24666,0
113506,1
133501,0
90311,0
96183,0
136208,0
60877,0
27364,0
19521,0
118813,1
99354,0
27760,0
104402,0
35486,1
29729,0
122078,1
45409,0
31149,0
92396,1
105379,0
2661,0
50486,0
84736,0
131158,0
85030,1
36797,1
14150,0
43915,1
60578,0
115853,1
11473,0
18353,0
134469,0
90627,0
97278,0
144390,0
87137,0
130944,1
51749,0
86033,0
26398,0
127939,0
107404,0
33316,0
129961,0
103106,0
14247,0
137374,0
44659,1
40011,0
26872,0
40687,0
82337,1
87095,0
93733,1
36247,0
113342,0
76552,1
93052,0
88555,0
116105,0
110927,1
65236,1
104597,0
126788,0
72822,0
86205,0
26793,0
98463,0
95219,0
131944,0
131273,0
17066,0
134395,0
103137,0
29808,0
74432,1
91882,0
104306,0
42986,1
60913,1
114342,1
97251,0
53871,0
24204,1
54418,0
676,0
9902,0
143522,0
58447,0
16544,0
47921,0
94623,0
29116,0
123328,0
41371,1
127384,0
141383,0
85883,1
16287,0
51951,0
75275,0
61121,1
123672,0
12817,0
14919,0
11344,0
73713,1
126054,0
92879,0
37731,0
138412,0
137076,0
63099,1
64204,0
44710,0
89982,0
114902,1
115407,0
14785,0
110893,0
120369,0
141258,0
85251,0
128480,1
126578,0
19297,0
20535,1
56819,0
12161,1
2438,1
61145,1
123465,1
2426,1
73249,0
55940,0
19656,1
32527,1
48596,0
6209,0
96049,0
96584,1
59642,0
67367,1
48503,1
111855,1
11207,0
76561,1
38684,0
101581,0
81880,0
139057,0
104762,1
138737,0
28841,0
139821,0
129346,0
12061,1
58590,0
49385,0
90767,0
140637,0
10229,1
51065,0
128294,0
41884,0
81671,0
131663,1
10505,0
8249,0
29200,0
63241,0
5301,0
81292,0
24152,1
74884,1
122470,0
111827,1
62325,0
139836,0
97332,0
63951,0
19153,1
58909,0
40358,0
29050,0
69538,0
55227,0
43092,1
96472,0
100294,0
60275,0
3657,1
10669,0
139809,0
70065,1
26493,0
112198,1
17285,0
89895,1
45137,0
25856,1
70701,0
3000,0
142593,0
138928,0
49780,0
77880,0
100930,0
66842,0
131037,0
4542,0
45658,0
79455,0
78027,0
53698,1
144600,0
43449,0
85011,0
80343,0
79513,1
27022,0
103838,0
52611,0
117162,0
13923,0
73895,0
75700,0
19975,1
9435,0
53314,0
137843,0
126027,1
76528,1
7771,0
77040,0
22250,0
100003,0
102899,0
4213,1
72073,0
9437,0
18551,0
132959,0
129368,0
64582,0
43205,1
140658,0
96822,0
61323,0
85273,1
97003,0
70116,1
48315,0
74619,0
29223,0
81296,0
80099,1
22049,0
38054,0
8726,0
4525,0
25312,0
83767,0
40093,1
73177,0
82653,1
20826,0
3495,1
123681,0
76496,1
116868,0
47645,1
57281,0
105730,0
123785,0
95916,0
94984,0
76664,1
2689,0
44849,1
61392,0
14354,0
133076,0
103139,1
97067,0
93098,1
91192,0
5930,1
131770,0
95567,0
102184,1
64508,0
135329,0
57433,0
22297,1
58941,0
73976,0
86769,0
36644,1
138727,0
35361,1
44337,0
59339,0
37467,0
77219,0
110982,1
65900,0
22390,1
47287,1
48817,0
73289,0
53959,0
140696,0
5386,0
4773,0
51113,0
51952,0
71531,0
17972,1
4307,0
74066,0
123413,0
84169,0
34465,0
128943,0
78127,0
131501,0
52313,0
42935,0
135259,1
5824,0
124138,0
47225,1
46506,0
27852,0
49494,0
2372,1
68059,0
15157,0
126422,0
103326,0
120103,0
69039,1
24843,0
121802,0
29532,0
924,0
24349,0
11611,0
1444,1
135523,0
124961,1
8428,0
47240,0
69571,1
666,0
122464,0
80324,1
18858,0
50156,1
52846,0
83581,0
68114,0
20372,0
55712,1
105216,0
15970,1
41417,0
97135,0
31330,0
37060,0
10584,0
35088,0
70511,0
9955,1
18790,1
34401,0
29976,0
27271,0
101019,1
68639,0
112417,0
38651,0
89700,1
144463,0
48910,0
18183,0
124706,0
34887,0
97631,0
41193,0
141058,1
31479,1
12982,0
67944,1
103127,0
104836,0
118170,0
97458,0
4823,1
56147,0
42112,0
139241,0
37680,0
77041,1
120442,0
48347,0
2736,0
3031,0
20973,0
120771,0
142206,1
80236,0
43887,0
92691,1
8714,0
5171,0
46625,1
12401,0
106504,0
65901,1
40092,1
52753,0
32181,0
36668,0
41214,0
22638,0
124142,0
24846,0
96274,0
63376,0
31801,1
7879,0
53747,0
78147,1
109217,1
92986,0
725,0
99683,0
25024,1
22600,0
36227,0
7226,0
95805,0
10203,1
62071,0
9549,0
121073,0
38280,0
124581,0
123245,1
70568,1
130119,0
27368,0
55096,0
119875,0
101519,0
81770,1
60185,0
116481,0
64114,1
65222,0
54271,0
86765,0
62049,0
11817,0
121422,0
95282,0
62081,1
15355,0
34742,1
11621,0
65590,0
84978,0
46426,0
6115,0
48760,0
123165,1
118833,0
4658,0
45967,0
126961,0
137625,0
881,0
15344,0
87086,0
39945,0
99757,1
91138,0
103693,0
105204,0
110591,1
86907,0
72746,0
8907,0
137259,0
77129,0
27163,0
9650,0
94649,0
131364,0
19457,0
71515,0
7976,0
37245,0
45404,0
57093,0
130041,1
118463,0
28892,0
57207,0
79367,0
67044,1
5472,0
121653,0
57864,1
108172,0
57196,0
118349,0
1975,0
116354,0
13541,0
15944,0
80727,1
10697,0
140622,0
23209,0
22175,0
26684,0
13196,0
48575,0
94175,0
103390,0
133002,1
32237,0
12987,0
70866,0
69682,0
27514,0
60932,1
131570,0
32363,1
38741,0
69658,0
64359,0
90844,1
82741,0
112830,0
50502,0
16432,0
4251,0
6692,0
125791,1
18961,1
14807,1
90588,0
105592,0
48923,0
118300,0
58645,0
49639,0
42706,0
85620,0
73673,0
129618,0
107687,0
119800,0
79996,0
77115,0
116015,0
123772,0
21739,0
97826,0
112032,0
95508,0
62341,1
137482,0
85081,0
116641,0
38602,0
49628,1
74348,0
79039,0
32761,0
5217,0
125998,0
96836,1
126910,1
103500,0
133478,0
130469,0
102652,0
1144,0
140511,0
18042,1
4155,1
112066,0
50382,0
41442,0
82296,1
112124,0
82581,0
81223,1
38242,0
438,1
5073,0
1453,0
66341,0
10096,0
106810,0
3738,1
27870,0
7691,0
108239,0
24081,1
11569,0
76463,1
7636,0
49480,0
25519,0
112411,0
95084,0
41066,0
43644,0
9684,0
87131,0
112402,0
63,0
7316,0
3466,0
122844,0
141191,0
23376,0
107480,0
20778,0
80458,0
125462,0
85761,0
78399,1
65003,1
84129,0
48306,0
36935,1
138604,0
66028,1
26974,0
3243,0
60883,1
85509,0
103270,0
48615,0
64046,0
134005,0
135198,0
67337,0
5790,0
8823,0
144999,0
20806,0
83295,1
81022,0
112695,0
88848,0
21351,0
26678,0
78890,0
117816,1
105447,0
47640,0
32627,0
113381,0
34116,0
132616,0
82059,0
44673,1
132482,0
5349,0
63386,0
22824,0
12691,0
39743,1
14635,1
100706,0
131352,1
31992,0
92720,0
141580,0
77217,0
107696,0
11146,1
130202,0
127067,1
69258,0
50290,0
14431,0
23289,0
134144,0
35768,0
87867,0
2298,0
48154,0
131443,0
115036,0
80393,0
118547,0
47763,0
22238,1
14439,0
102569,0
1796,0
41259,0
119223,1
128890,1
12346,0
74426,0
97127,0
135399,1
64123,0
97395,1
47707,0
81821,0
62017,0
29282,1
107497,0
144896,0
80116,0
106991,0
136227,0
141549,0
19560,0
75635,1
110272,0
138445,0
38365,0
80002,0
66174,0
121952,0
132636,0
72348,0
33665,0
43313,0
22896,0
118096,1
109058,1
104670,0
142739,0
100085,1
30713,0
5241,0
37325,0
83339,0
66068,1
7058,0
101046,0
137956,0
100335,0
51636,0
131335,0
77497,0
143921,0
15197,1
57137,1
30387,0
17905,0
128314,1
80575,0
